visit_id,department,age,arrival_at,seen_at,discharged_at,wait_minutes,stay_minutes
SYN-0000001,Emergency,49,2025-07-20T06:29,2025-07-20T06:45,2025-07-20T13:34,16,425
SYN-0000002,Cardiology,93,2025-03-05T07:21,2025-03-05T07:43,2025-03-05T08:54,22,93
SYN-0000003,Imaging,45,2025-03-10T05:26,2025-03-10T05:35,2025-03-10T05:53,9,27
SYN-0000004,Cardiology,87,2025-05-25T18:56,2025-05-25T20:05,2025-05-25T20:56,69,120
SYN-0000005,Imaging,18,2025-07-22T13:44,2025-07-22T14:17,2025-07-22T15:29,33,105
SYN-0000006,Cardiology,37,2025-07-22T08:09,2025-07-22T09:08,2025-07-22T11:20,59,191
SYN-0000007,Cardiology,66,2025-03-09T12:51,2025-03-09T13:39,2025-03-09T14:50,48,119
SYN-0000008,Emergency,95,2025-09-08T11:03,2025-09-08T12:44,2025-09-08T20:27,101,564
SYN-0000009,Orthopedics,86,2025-12-01T13:01,2025-12-01T14:49,2025-12-01T15:30,108,149
SYN-0000010,Emergency,64,2025-08-02T11:39,2025-08-02T13:25,2025-08-02T14:35,106,176
SYN-0000011,General Medicine,23,2025-02-20T15:33,2025-02-20T16:32,2025-02-20T20:02,59,269
SYN-0000012,Cardiology,30,2025-06-19T12:18,2025-06-19T13:00,2025-06-19T14:05,42,107
SYN-0000013,Imaging,38,2025-09-23T15:54,2025-09-23T16:34,2025-09-23T17:47,40,113
SYN-0000014,Orthopedics,27,2025-07-14T09:46,2025-07-14T10:36,2025-07-14T11:59,50,133
SYN-0000015,General Medicine,38,2025-06-28T06:22,2025-06-28T07:15,2025-06-28T10:01,53,219
SYN-0000016,Imaging,59,2025-06-09T22:03,2025-06-09T22:56,2025-06-09T23:45,53,102
SYN-0000017,Emergency,58,2025-01-24T08:59,2025-01-24T10:07,2025-01-24T17:37,68,518
SYN-0000018,Imaging,90,2025-06-03T15:11,2025-06-03T15:50,2025-06-03T16:13,39,62
SYN-0000019,Orthopedics,76,2025-10-16T02:10,2025-10-16T02:42,2025-10-16T05:19,32,189
SYN-0000020,Cardiology,89,2025-06-29T14:07,2025-06-29T14:45,2025-06-29T16:05,38,118
SYN-0000021,General Medicine,92,2025-11-08T23:25,2025-11-09T00:42,2025-11-09T04:23,77,298
SYN-0000022,Imaging,83,2025-04-11T17:31,2025-04-11T18:22,2025-04-11T19:05,51,94
SYN-0000023,Imaging,37,2025-03-21T20:15,2025-03-21T20:31,2025-03-21T20:52,16,37
SYN-0000024,Cardiology,66,2025-10-08T04:17,2025-10-08T05:16,2025-10-08T06:17,59,120
SYN-0000025,General Medicine,88,2025-07-03T01:46,2025-07-03T03:55,2025-07-03T06:40,129,294
SYN-0000026,Emergency,86,2025-03-25T09:56,2025-03-25T13:00,2025-03-25T19:39,184,583
SYN-0000027,Orthopedics,55,2025-03-23T05:30,2025-03-23T07:13,2025-03-23T09:10,103,220
SYN-0000028,Imaging,51,2025-01-03T08:42,2025-01-03T09:07,2025-01-03T10:20,25,98
SYN-0000029,General Medicine,56,2025-03-19T11:39,2025-03-19T12:34,2025-03-19T15:13,55,214
SYN-0000030,General Medicine,38,2025-09-30T06:37,2025-09-30T07:37,2025-09-30T08:46,60,129
SYN-0000031,General Medicine,80,2025-08-25T01:02,2025-08-25T03:27,2025-08-25T03:57,145,175
SYN-0000032,Emergency,48,2025-08-12T22:11,2025-08-12T22:49,2025-08-13T02:24,38,253
SYN-0000033,Emergency,28,2025-02-27T08:22,2025-02-27T09:33,2025-02-27T17:32,71,550
SYN-0000034,Imaging,34,2025-04-02T13:49,2025-04-02T14:02,2025-04-02T15:25,13,96
SYN-0000035,Imaging,85,2025-07-13T00:12,2025-07-13T01:27,2025-07-13T02:03,75,111
SYN-0000036,General Medicine,57,2025-05-27T11:22,2025-05-27T13:20,2025-05-27T14:44,118,202
SYN-0000037,Imaging,33,2025-11-25T18:17,2025-11-25T19:09,2025-11-25T20:20,52,123
SYN-0000038,Cardiology,20,2025-09-04T04:28,2025-09-04T05:01,2025-09-04T06:02,33,94
SYN-0000039,General Medicine,18,2025-06-10T08:34,2025-06-10T09:42,2025-06-10T12:42,68,248
SYN-0000040,Emergency,47,2025-02-12T20:53,2025-02-13T00:04,2025-02-13T05:57,191,544
SYN-0000041,Emergency,27,2025-08-29T14:39,2025-08-29T14:57,2025-08-29T22:47,18,488
SYN-0000042,General Medicine,45,2025-12-20T11:13,2025-12-20T12:23,2025-12-20T14:04,70,171
SYN-0000043,General Medicine,49,2025-12-11T04:31,2025-12-11T05:14,2025-12-11T08:49,43,258
SYN-0000044,Imaging,30,2025-03-10T16:27,2025-03-10T17:24,2025-03-10T18:03,57,96
SYN-0000045,Imaging,77,2025-10-27T08:31,2025-10-27T09:21,2025-10-27T10:30,50,119
SYN-0000046,Emergency,25,2025-03-13T15:58,2025-03-13T19:00,2025-03-14T01:04,182,546
SYN-0000047,Imaging,42,2025-07-01T01:35,2025-07-01T02:23,2025-07-01T02:51,48,76
SYN-0000048,Cardiology,72,2025-04-13T01:51,2025-04-13T03:04,2025-04-13T05:43,73,232
SYN-0000049,Cardiology,27,2025-07-01T21:41,2025-07-01T22:21,2025-07-02T01:04,40,203
SYN-0000050,Imaging,87,2025-02-06T20:05,2025-02-06T21:20,2025-02-06T21:47,75,102
SYN-0000051,Emergency,39,2025-06-22T03:01,2025-06-22T03:34,2025-06-22T10:29,33,448
SYN-0000052,Imaging,69,2025-06-05T15:30,2025-06-05T16:37,2025-06-05T17:53,67,143
SYN-0000053,Emergency,67,2025-01-02T13:40,2025-01-02T14:32,2025-01-02T18:16,52,276
SYN-0000054,Orthopedics,72,2025-07-27T17:05,2025-07-27T18:50,2025-07-27T21:16,105,251
SYN-0000055,General Medicine,55,2025-05-19T06:42,2025-05-19T08:56,2025-05-19T10:05,134,203
SYN-0000056,Cardiology,25,2025-08-17T08:38,2025-08-17T08:50,2025-08-17T09:50,12,72
SYN-0000057,Emergency,25,2025-04-25T15:20,2025-04-25T17:59,2025-04-25T22:33,159,433
SYN-0000058,General Medicine,94,2025-02-19T21:29,2025-02-19T21:59,2025-02-19T23:16,30,107
SYN-0000059,Emergency,69,2025-06-21T06:29,2025-06-21T09:31,2025-06-21T17:22,182,653
SYN-0000060,Emergency,92,2025-06-29T06:55,2025-06-29T10:52,2025-06-29T16:13,237,558
SYN-0000061,General Medicine,71,2025-03-01T16:45,2025-03-01T17:05,2025-03-01T20:13,20,208
SYN-0000062,General Medicine,44,2025-07-09T21:12,2025-07-09T23:35,2025-07-10T01:25,143,253
SYN-0000063,Orthopedics,34,2025-10-16T04:51,2025-10-16T05:26,2025-10-16T07:03,35,132
SYN-0000064,Orthopedics,19,2025-02-22T19:46,2025-02-22T20:49,2025-02-22T22:39,63,173
SYN-0000065,Imaging,82,2025-06-05T05:08,2025-06-05T05:25,2025-06-05T05:49,17,41
SYN-0000066,Orthopedics,49,2025-02-20T02:12,2025-02-20T02:33,2025-02-20T04:32,21,140
SYN-0000067,Orthopedics,87,2025-11-16T01:49,2025-11-16T02:30,2025-11-16T03:40,41,111
SYN-0000068,Orthopedics,88,2025-01-06T16:43,2025-01-06T18:06,2025-01-06T20:51,83,248
SYN-0000069,Orthopedics,51,2025-04-08T18:54,2025-04-08T20:23,2025-04-08T21:19,89,145
SYN-0000070,Emergency,52,2025-04-24T04:38,2025-04-24T08:35,2025-04-24T09:59,237,321
SYN-0000071,Orthopedics,44,2025-09-07T16:16,2025-09-07T17:38,2025-09-07T19:01,82,165
SYN-0000072,Orthopedics,24,2025-07-02T20:39,2025-07-02T21:48,2025-07-03T00:23,69,224
SYN-0000073,Emergency,23,2025-07-21T11:20,2025-07-21T14:12,2025-07-21T18:18,172,418
SYN-0000074,Emergency,51,2025-04-06T06:14,2025-04-06T07:49,2025-04-06T14:53,95,519
SYN-0000075,Cardiology,32,2025-01-08T00:59,2025-01-08T02:00,2025-01-08T04:34,61,215
SYN-0000076,Emergency,87,2025-04-19T12:54,2025-04-19T16:50,2025-04-19T23:13,236,619
SYN-0000077,Emergency,73,2025-04-18T20:07,2025-04-18T23:50,2025-04-19T03:29,223,442
SYN-0000078,Cardiology,23,2025-09-23T12:44,2025-09-23T12:54,2025-09-23T14:57,10,133
SYN-0000079,Orthopedics,63,2025-03-16T20:26,2025-03-16T20:57,2025-03-16T22:30,31,124
SYN-0000080,General Medicine,48,2025-04-23T13:00,2025-04-23T14:54,2025-04-23T18:02,114,302
SYN-0000081,Cardiology,40,2025-01-19T01:10,2025-01-19T01:37,2025-01-19T04:07,27,177
SYN-0000082,Orthopedics,52,2025-06-30T17:02,2025-06-30T18:47,2025-06-30T21:02,105,240
SYN-0000083,Cardiology,78,2025-01-29T04:45,2025-01-29T05:03,2025-01-29T07:25,18,160
SYN-0000084,Cardiology,57,2025-09-12T14:43,2025-09-12T15:13,2025-09-12T17:55,30,192
SYN-0000085,Cardiology,69,2025-05-21T15:11,2025-05-21T15:44,2025-05-21T16:35,33,84
SYN-0000086,Orthopedics,62,2025-07-23T06:03,2025-07-23T06:43,2025-07-23T07:30,40,87
SYN-0000087,General Medicine,21,2025-08-30T03:15,2025-08-30T05:07,2025-08-30T08:30,112,315
SYN-0000088,Emergency,92,2025-05-11T00:41,2025-05-11T04:35,2025-05-11T07:18,234,397
SYN-0000089,Orthopedics,62,2025-11-13T10:33,2025-11-13T10:42,2025-11-13T11:39,9,66
SYN-0000090,Orthopedics,67,2025-03-26T05:03,2025-03-26T06:03,2025-03-26T08:43,60,220
SYN-0000091,General Medicine,73,2025-02-02T07:42,2025-02-02T08:40,2025-02-02T10:15,58,153
SYN-0000092,Emergency,64,2025-05-24T11:26,2025-05-24T13:49,2025-05-24T21:11,143,585
SYN-0000093,Imaging,33,2025-08-17T14:04,2025-08-17T14:17,2025-08-17T15:14,13,70
SYN-0000094,Orthopedics,59,2025-10-25T09:11,2025-10-25T10:20,2025-10-25T12:09,69,178
SYN-0000095,Imaging,42,2025-04-03T16:30,2025-04-03T17:12,2025-04-03T18:37,42,127
SYN-0000096,Imaging,69,2025-08-08T03:28,2025-08-08T04:21,2025-08-08T04:58,53,90
SYN-0000097,General Medicine,44,2025-07-28T22:10,2025-07-28T22:20,2025-07-29T00:07,10,117
SYN-0000098,Imaging,74,2025-11-18T16:46,2025-11-18T17:32,2025-11-18T18:46,46,120
SYN-0000099,Cardiology,28,2025-05-04T13:34,2025-05-04T14:44,2025-05-04T17:30,70,236
SYN-0000100,Orthopedics,48,2025-03-10T00:03,2025-03-10T01:13,2025-03-10T03:08,70,185
SYN-0000201,Imaging,58,2025-02-01T18:47,2025-02-01T19:21,2025-02-01T20:28,34,101
SYN-0000202,Imaging,81,2025-04-21T18:13,2025-04-21T19:06,2025-04-21T20:10,53,117
SYN-0000203,Emergency,30,2025-08-30T18:01,2025-08-30T18:43,2025-08-30T23:30,42,329
SYN-0000204,Imaging,19,2025-11-29T17:23,2025-11-29T17:40,2025-11-29T19:02,17,99
SYN-0000205,Cardiology,78,2025-02-24T11:43,2025-02-24T12:40,2025-02-24T14:04,57,141
SYN-0000206,Orthopedics,60,2025-02-28T11:36,2025-02-28T12:24,2025-02-28T14:35,48,179
SYN-0000207,General Medicine,87,2025-12-22T07:30,2025-12-22T09:17,2025-12-22T11:08,107,218
SYN-0000208,Emergency,54,2025-06-20T22:54,2025-06-21T01:42,2025-06-21T02:47,168,233
SYN-0000209,Cardiology,30,2025-03-13T16:25,2025-03-13T16:41,2025-03-13T19:17,16,172
SYN-0000210,Imaging,23,2025-01-22T01:53,2025-01-22T02:19,2025-01-22T03:12,26,79
SYN-0000211,Orthopedics,63,2025-08-02T14:58,2025-08-02T16:44,2025-08-02T17:28,106,150
SYN-0000212,Orthopedics,85,2025-06-27T19:39,2025-06-27T20:39,2025-06-27T21:46,60,127
SYN-0000213,Imaging,28,2025-05-08T11:33,2025-05-08T12:01,2025-05-08T12:37,28,64
SYN-0000214,General Medicine,81,2025-06-25T08:48,2025-06-25T10:35,2025-06-25T13:43,107,295
SYN-0000215,General Medicine,50,2025-12-02T19:10,2025-12-02T19:56,2025-12-02T21:25,46,135
SYN-0000216,Imaging,54,2025-12-05T18:53,2025-12-05T19:30,2025-12-05T19:46,37,53
SYN-0000217,General Medicine,62,2025-11-18T15:47,2025-11-18T16:37,2025-11-18T17:25,50,98
SYN-0000218,General Medicine,50,2025-11-05T23:20,2025-11-06T00:46,2025-11-06T03:59,86,279
SYN-0000219,Imaging,79,2025-10-08T03:00,2025-10-08T03:43,2025-10-08T04:23,43,83
SYN-0000220,Emergency,91,2025-09-19T09:15,2025-09-19T10:25,2025-09-19T14:10,70,295
SYN-0000221,Orthopedics,68,2025-01-16T23:25,2025-01-17T00:59,2025-01-17T02:44,94,199
SYN-0000222,Orthopedics,95,2025-02-05T17:06,2025-02-05T17:12,2025-02-05T20:06,6,180
SYN-0000223,Imaging,46,2025-09-14T13:15,2025-09-14T13:56,2025-09-14T14:40,41,85
SYN-0000224,Cardiology,30,2025-04-10T14:23,2025-04-10T15:47,2025-04-10T17:36,84,193
SYN-0000225,Emergency,22,2025-11-17T23:56,2025-11-18T01:25,2025-11-18T08:38,89,522
SYN-0000226,General Medicine,29,2025-04-06T16:35,2025-04-06T18:18,2025-04-06T21:55,103,320
SYN-0000227,Orthopedics,43,2025-05-08T21:31,2025-05-08T22:17,2025-05-09T00:33,46,182
SYN-0000228,Cardiology,39,2025-07-18T10:45,2025-07-18T11:59,2025-07-18T14:17,74,212
SYN-0000229,Orthopedics,61,2025-08-03T21:58,2025-08-03T23:48,2025-08-04T02:21,110,263
SYN-0000230,Emergency,46,2025-04-13T11:54,2025-04-13T14:03,2025-04-13T15:11,129,197
SYN-0000231,Imaging,19,2025-10-15T07:41,2025-10-15T08:32,2025-10-15T08:58,51,77
SYN-0000232,Orthopedics,65,2025-11-28T03:57,2025-11-28T05:10,2025-11-28T06:11,73,134
SYN-0000233,Orthopedics,31,2025-09-28T11:58,2025-09-28T13:17,2025-09-28T15:24,79,206
SYN-0000234,Cardiology,46,2025-08-27T20:19,2025-08-27T21:24,2025-08-27T22:15,65,116
SYN-0000235,Emergency,56,2025-12-05T01:39,2025-12-05T04:31,2025-12-05T12:02,172,623
SYN-0000236,Imaging,22,2025-02-03T00:29,2025-02-03T00:48,2025-02-03T01:20,19,51
SYN-0000237,Orthopedics,48,2025-03-12T18:33,2025-03-12T19:41,2025-03-12T20:40,68,127
SYN-0000238,General Medicine,65,2025-11-27T07:59,2025-11-27T08:43,2025-11-27T10:52,44,173
SYN-0000239,General Medicine,71,2025-04-23T12:29,2025-04-23T14:26,2025-04-23T17:26,117,297
SYN-0000240,Emergency,53,2025-10-25T04:20,2025-10-25T08:03,2025-10-25T12:43,223,503
SYN-0000241,Emergency,74,2025-06-08T05:03,2025-06-08T08:09,2025-06-08T11:48,186,405
SYN-0000242,Imaging,65,2025-03-14T08:20,2025-03-14T08:55,2025-03-14T09:56,35,96
SYN-0000243,General Medicine,53,2025-10-17T21:59,2025-10-17T23:40,2025-10-18T00:25,101,146
SYN-0000244,Cardiology,45,2025-03-08T18:06,2025-03-08T18:26,2025-03-08T21:07,20,181
SYN-0000245,General Medicine,49,2025-08-31T20:29,2025-08-31T20:44,2025-08-31T21:26,15,57
SYN-0000246,Cardiology,88,2025-02-19T23:02,2025-02-20T00:19,2025-02-20T01:56,77,174
SYN-0000247,Cardiology,60,2025-06-19T15:56,2025-06-19T17:16,2025-06-19T18:56,80,180
SYN-0000248,Cardiology,36,2025-07-21T21:43,2025-07-21T23:04,2025-07-21T23:49,81,126
SYN-0000249,Cardiology,32,2025-05-08T01:33,2025-05-08T02:47,2025-05-08T04:36,74,183
SYN-0000250,Emergency,48,2025-09-18T20:44,2025-09-18T21:27,2025-09-18T22:04,43,80
SYN-0000251,General Medicine,51,2025-05-07T21:10,2025-05-07T22:42,2025-05-07T23:16,92,126
SYN-0000252,Emergency,85,2025-11-03T12:49,2025-11-03T13:31,2025-11-03T20:20,42,451
SYN-0000253,Emergency,75,2025-12-13T19:00,2025-12-13T22:20,2025-12-13T23:22,200,262
SYN-0000254,Orthopedics,82,2025-11-26T03:22,2025-11-26T04:32,2025-11-26T05:29,70,127
SYN-0000255,Cardiology,76,2025-08-08T15:22,2025-08-08T16:45,2025-08-08T17:41,83,139
SYN-0000256,Emergency,72,2025-10-20T10:46,2025-10-20T11:11,2025-10-20T15:46,25,300
SYN-0000257,Emergency,27,2025-11-19T23:48,2025-11-20T02:03,2025-11-20T08:37,135,529
SYN-0000258,Emergency,26,2025-04-19T00:19,2025-04-19T01:51,2025-04-19T07:32,92,433
SYN-0000259,Cardiology,94,2025-10-05T08:47,2025-10-05T09:27,2025-10-05T11:35,40,168
SYN-0000260,General Medicine,30,2025-11-10T06:16,2025-11-10T07:41,2025-11-10T10:07,85,231
SYN-0000261,Emergency,73,2025-06-06T13:48,2025-06-06T17:36,2025-06-06T23:41,228,593
SYN-0000262,Imaging,76,2025-09-04T19:15,2025-09-04T19:49,2025-09-04T20:56,34,101
SYN-0000263,Imaging,72,2025-08-16T14:10,2025-08-16T15:08,2025-08-16T15:35,58,85
SYN-0000264,Orthopedics,37,2025-09-30T13:23,2025-09-30T14:53,2025-09-30T16:28,90,185
SYN-0000265,Imaging,29,2025-03-04T03:51,2025-03-04T04:04,2025-03-04T04:30,13,39
SYN-0000266,Imaging,89,2025-04-05T17:55,2025-04-05T18:12,2025-04-05T19:14,17,79
SYN-0000267,Emergency,33,2025-08-29T00:58,2025-08-29T03:38,2025-08-29T08:55,160,477
SYN-0000268,Imaging,54,2025-02-07T11:05,2025-02-07T11:55,2025-02-07T13:04,50,119
SYN-0000269,General Medicine,91,2025-03-17T10:33,2025-03-17T12:02,2025-03-17T14:02,89,209
SYN-0000270,General Medicine,46,2025-12-18T02:52,2025-12-18T03:56,2025-12-18T05:05,64,133
SYN-0000271,Emergency,32,2025-09-25T15:35,2025-09-25T17:14,2025-09-26T00:56,99,561
SYN-0000272,Orthopedics,89,2025-11-09T11:16,2025-11-09T12:34,2025-11-09T14:01,78,165
SYN-0000273,General Medicine,21,2025-07-14T17:59,2025-07-14T18:15,2025-07-14T21:20,16,201
SYN-0000274,Cardiology,62,2025-09-05T10:51,2025-09-05T11:30,2025-09-05T13:34,39,163
SYN-0000275,Emergency,90,2025-04-15T07:30,2025-04-15T08:26,2025-04-15T16:21,56,531
SYN-0000276,Imaging,29,2025-01-23T07:46,2025-01-23T07:59,2025-01-23T08:32,13,46
SYN-0000277,General Medicine,76,2025-11-02T17:06,2025-11-02T18:11,2025-11-02T20:17,65,191
SYN-0000278,Orthopedics,59,2025-08-15T22:15,2025-08-15T22:40,2025-08-16T00:44,25,149
SYN-0000279,General Medicine,38,2025-04-24T06:57,2025-04-24T07:28,2025-04-24T08:11,31,74
SYN-0000280,General Medicine,52,2025-03-01T09:44,2025-03-01T10:06,2025-03-01T13:28,22,224
SYN-0000281,Imaging,71,2025-11-18T21:16,2025-11-18T22:15,2025-11-18T23:32,59,136
SYN-0000282,Orthopedics,62,2025-03-24T21:06,2025-03-24T21:38,2025-03-25T00:19,32,193
SYN-0000283,Imaging,85,2025-12-21T08:31,2025-12-21T08:50,2025-12-21T09:41,19,70
SYN-0000284,Orthopedics,94,2025-10-15T19:43,2025-10-15T19:53,2025-10-15T21:19,10,96
SYN-0000285,Emergency,45,2025-08-08T11:41,2025-08-08T11:52,2025-08-08T14:06,11,145
SYN-0000286,Cardiology,33,2025-08-27T22:21,2025-08-27T22:58,2025-08-28T00:57,37,156
SYN-0000287,Emergency,40,2025-11-10T14:14,2025-11-10T16:31,2025-11-10T23:23,137,549
SYN-0000288,Cardiology,89,2025-12-31T06:43,2025-12-31T07:36,2025-12-31T09:19,53,156
SYN-0000289,Orthopedics,73,2025-01-31T19:17,2025-01-31T19:31,2025-01-31T21:42,14,145
SYN-0000290,Emergency,91,2025-08-16T23:07,2025-08-17T01:14,2025-08-17T02:23,127,196
SYN-0000291,Imaging,32,2025-07-30T19:38,2025-07-30T20:34,2025-07-30T21:42,56,124
SYN-0000292,Imaging,76,2025-05-06T03:42,2025-05-06T03:49,2025-05-06T04:45,7,63
SYN-0000293,Orthopedics,49,2025-03-19T02:05,2025-03-19T02:21,2025-03-19T04:42,16,157
SYN-0000294,Imaging,68,2025-02-27T06:27,2025-02-27T07:23,2025-02-27T08:45,56,138
SYN-0000295,Orthopedics,60,2025-06-11T08:15,2025-06-11T09:55,2025-06-11T11:51,100,216
SYN-0000296,Cardiology,85,2025-03-25T00:45,2025-03-25T00:59,2025-03-25T03:54,14,189
SYN-0000297,General Medicine,62,2025-09-12T09:46,2025-09-12T10:45,2025-09-12T14:33,59,287
SYN-0000298,Cardiology,50,2025-04-17T15:17,2025-04-17T15:52,2025-04-17T17:03,35,106
SYN-0000299,Cardiology,40,2025-02-24T20:53,2025-02-24T21:20,2025-02-24T22:44,27,111
SYN-0000300,Imaging,90,2025-11-23T21:11,2025-11-23T22:15,2025-11-23T23:42,64,151
SYN-0000301,General Medicine,37,2025-08-19T04:55,2025-08-19T06:27,2025-08-19T09:37,92,282
SYN-0000302,Imaging,56,2025-11-19T00:08,2025-11-19T00:21,2025-11-19T01:36,13,88
SYN-0000303,Orthopedics,82,2025-09-14T06:38,2025-09-14T07:58,2025-09-14T08:42,80,124
SYN-0000304,Emergency,22,2025-11-26T01:46,2025-11-26T03:15,2025-11-26T07:41,89,355
SYN-0000305,Emergency,27,2025-07-29T01:02,2025-07-29T02:46,2025-07-29T10:21,104,559
SYN-0000306,Emergency,77,2025-10-07T23:19,2025-10-08T02:06,2025-10-08T07:40,167,501
SYN-0000307,General Medicine,59,2025-05-18T01:43,2025-05-18T02:03,2025-05-18T04:28,20,165
SYN-0000308,General Medicine,25,2025-04-20T20:29,2025-04-20T22:40,2025-04-21T01:18,131,289
SYN-0000309,Imaging,82,2025-03-03T09:45,2025-03-03T10:03,2025-03-03T11:01,18,76
SYN-0000310,Cardiology,74,2025-11-15T18:22,2025-11-15T18:32,2025-11-15T20:20,10,118
SYN-0000311,General Medicine,64,2025-04-26T14:17,2025-04-26T16:40,2025-04-26T19:46,143,329
SYN-0000312,Orthopedics,61,2025-10-25T15:45,2025-10-25T16:26,2025-10-25T18:35,41,170
SYN-0000313,General Medicine,26,2025-09-01T16:25,2025-09-01T16:48,2025-09-01T20:40,23,255
SYN-0000314,Orthopedics,54,2025-10-09T11:41,2025-10-09T11:58,2025-10-09T14:50,17,189
SYN-0000315,Orthopedics,28,2025-08-31T17:55,2025-08-31T19:32,2025-08-31T20:40,97,165
SYN-0000316,General Medicine,68,2025-08-14T21:41,2025-08-14T22:27,2025-08-15T00:26,46,165
SYN-0000317,Cardiology,89,2025-08-14T10:20,2025-08-14T11:41,2025-08-14T12:47,81,147
SYN-0000318,Imaging,72,2025-03-10T01:12,2025-03-10T01:59,2025-03-10T02:30,47,78
SYN-0000319,General Medicine,57,2025-09-22T00:51,2025-09-22T02:33,2025-09-22T03:07,102,136
SYN-0000320,Cardiology,42,2025-12-21T02:12,2025-12-21T02:44,2025-12-21T04:56,32,164
SYN-0000321,Cardiology,55,2025-02-26T04:33,2025-02-26T04:55,2025-02-26T06:19,22,106
SYN-0000322,Emergency,61,2025-01-28T11:41,2025-01-28T14:00,2025-01-28T21:04,139,563
SYN-0000323,General Medicine,37,2025-10-02T07:39,2025-10-02T08:22,2025-10-02T11:24,43,225
SYN-0000324,Cardiology,23,2025-11-15T16:53,2025-11-15T17:21,2025-11-15T18:48,28,115
SYN-0000325,Imaging,54,2025-11-20T10:56,2025-11-20T11:47,2025-11-20T12:32,51,96
SYN-0000326,Imaging,57,2025-06-24T03:46,2025-06-24T04:20,2025-06-24T05:43,34,117
SYN-0000327,Imaging,77,2025-11-17T19:59,2025-11-17T20:28,2025-11-17T21:30,29,91
SYN-0000328,Orthopedics,38,2025-11-01T20:37,2025-11-01T22:21,2025-11-02T00:28,104,231
SYN-0000329,Cardiology,24,2025-07-02T01:07,2025-07-02T02:29,2025-07-02T03:49,82,162
SYN-0000330,Imaging,84,2025-03-16T16:53,2025-03-16T17:45,2025-03-16T19:10,52,137
SYN-0000331,Emergency,52,2025-04-27T17:39,2025-04-27T19:01,2025-04-27T20:13,82,154
SYN-0000332,Imaging,29,2025-11-15T13:23,2025-11-15T14:33,2025-11-15T15:06,70,103
SYN-0000333,Cardiology,71,2025-01-20T10:05,2025-01-20T11:07,2025-01-20T13:21,62,196
SYN-0000334,Emergency,48,2025-09-30T07:27,2025-09-30T09:18,2025-09-30T14:05,111,398
SYN-0000335,Imaging,21,2025-06-13T12:05,2025-06-13T12:20,2025-06-13T13:22,15,77
SYN-0000336,Orthopedics,35,2025-04-17T08:23,2025-04-17T08:40,2025-04-17T10:35,17,132
SYN-0000337,Emergency,35,2025-12-11T00:44,2025-12-11T02:07,2025-12-11T09:41,83,537
SYN-0000338,Imaging,20,2025-02-27T16:34,2025-02-27T17:36,2025-02-27T17:51,62,77
SYN-0000339,Orthopedics,32,2025-11-05T04:54,2025-11-05T05:26,2025-11-05T06:34,32,100
SYN-0000340,Orthopedics,24,2025-03-30T17:27,2025-03-30T18:02,2025-03-30T19:49,35,142
SYN-0000341,Cardiology,32,2025-02-15T17:38,2025-02-15T18:36,2025-02-15T21:18,58,220
SYN-0000342,Imaging,36,2025-06-26T04:10,2025-06-26T05:23,2025-06-26T05:40,73,90
SYN-0000343,Orthopedics,48,2025-09-14T21:54,2025-09-14T22:53,2025-09-14T23:23,59,89
SYN-0000344,General Medicine,85,2025-03-04T08:12,2025-03-04T10:08,2025-03-04T11:25,116,193
SYN-0000345,Orthopedics,67,2025-01-15T19:22,2025-01-15T19:35,2025-01-15T22:19,13,177
SYN-0000346,Imaging,50,2025-09-29T19:55,2025-09-29T20:05,2025-09-29T21:09,10,74
SYN-0000347,Emergency,62,2025-02-19T04:41,2025-02-19T06:22,2025-02-19T13:35,101,534
SYN-0000348,Cardiology,35,2025-08-31T03:11,2025-08-31T04:40,2025-08-31T05:51,89,160
SYN-0000349,Emergency,40,2025-09-04T12:32,2025-09-04T14:12,2025-09-04T19:21,100,409
SYN-0000350,Imaging,26,2025-04-09T04:43,2025-04-09T05:49,2025-04-09T06:27,66,104
SYN-0000351,Imaging,23,2025-05-27T19:03,2025-05-27T19:12,2025-05-27T20:04,9,61
SYN-0000352,Cardiology,83,2025-08-14T18:58,2025-08-14T19:08,2025-08-14T21:13,10,135
SYN-0000353,Imaging,22,2025-07-04T10:58,2025-07-04T12:12,2025-07-04T13:27,74,149
SYN-0000354,Cardiology,60,2025-02-04T19:26,2025-02-04T20:07,2025-02-04T22:23,41,177
SYN-0000355,Orthopedics,69,2025-11-15T04:16,2025-11-15T04:36,2025-11-15T06:40,20,144
SYN-0000356,Imaging,81,2025-05-17T00:52,2025-05-17T01:46,2025-05-17T02:44,54,112
SYN-0000357,Imaging,28,2025-07-14T05:16,2025-07-14T06:08,2025-07-14T07:29,52,133
SYN-0000358,Imaging,87,2025-05-12T09:42,2025-05-12T09:57,2025-05-12T11:07,15,85
SYN-0000359,Orthopedics,59,2025-02-28T07:18,2025-02-28T08:04,2025-02-28T09:00,46,102
SYN-0000360,Orthopedics,39,2025-11-07T06:55,2025-11-07T07:39,2025-11-07T10:03,44,188
SYN-0000361,Imaging,63,2025-01-31T20:12,2025-01-31T21:01,2025-01-31T22:13,49,121
SYN-0000362,General Medicine,27,2025-02-11T18:24,2025-02-11T20:25,2025-02-11T22:05,121,221
SYN-0000363,Imaging,21,2025-04-27T11:58,2025-04-27T12:49,2025-04-27T14:09,51,131
SYN-0000364,Cardiology,34,2025-01-26T08:09,2025-01-26T09:31,2025-01-26T12:08,82,239
SYN-0000365,Emergency,64,2025-09-24T18:03,2025-09-24T19:13,2025-09-25T02:21,70,498
SYN-0000366,Imaging,65,2025-11-24T14:58,2025-11-24T15:07,2025-11-24T15:41,9,43
SYN-0000367,Orthopedics,85,2025-04-11T06:23,2025-04-11T07:24,2025-04-11T08:13,61,110
SYN-0000368,Orthopedics,49,2025-07-22T22:27,2025-07-22T23:22,2025-07-23T01:12,55,165
SYN-0000369,Emergency,81,2025-05-16T11:25,2025-05-16T11:41,2025-05-16T18:27,16,422
SYN-0000370,General Medicine,51,2025-03-27T18:01,2025-03-27T19:50,2025-03-27T22:43,109,282
SYN-0000371,Orthopedics,54,2025-06-06T05:53,2025-06-06T07:28,2025-06-06T09:52,95,239
SYN-0000372,Imaging,27,2025-04-09T20:01,2025-04-09T20:31,2025-04-09T21:01,30,60
SYN-0000373,Imaging,58,2025-03-05T22:15,2025-03-05T22:42,2025-03-05T23:53,27,98
SYN-0000374,Orthopedics,56,2025-07-31T10:26,2025-07-31T12:01,2025-07-31T12:47,95,141
SYN-0000375,Cardiology,83,2025-09-21T05:32,2025-09-21T06:58,2025-09-21T08:27,86,175
SYN-0000376,Cardiology,48,2025-04-12T03:02,2025-04-12T03:22,2025-04-12T04:58,20,116
SYN-0000377,Imaging,77,2025-09-26T15:11,2025-09-26T15:19,2025-09-26T16:20,8,69
SYN-0000378,General Medicine,26,2025-03-04T18:43,2025-03-04T19:26,2025-03-04T22:32,43,229
SYN-0000379,Orthopedics,70,2025-10-27T03:09,2025-10-27T04:04,2025-10-27T06:36,55,207
SYN-0000380,General Medicine,27,2025-08-19T20:27,2025-08-19T20:55,2025-08-19T21:57,28,90
SYN-0000381,Imaging,34,2025-09-08T20:49,2025-09-08T21:53,2025-09-08T23:14,64,145
SYN-0000382,General Medicine,73,2025-04-04T23:00,2025-04-04T23:56,2025-04-05T03:42,56,282
SYN-0000383,General Medicine,56,2025-04-22T10:08,2025-04-22T10:32,2025-04-22T11:33,24,85
SYN-0000384,Cardiology,62,2025-06-14T04:22,2025-06-14T04:47,2025-06-14T06:54,25,152
SYN-0000385,General Medicine,43,2025-07-02T11:38,2025-07-02T13:00,2025-07-02T13:50,82,132
SYN-0000386,General Medicine,86,2025-08-09T12:14,2025-08-09T13:34,2025-08-09T14:36,80,142
SYN-0000387,Emergency,93,2025-05-03T19:07,2025-05-03T21:25,2025-05-04T03:23,138,496
SYN-0000388,General Medicine,90,2025-09-03T20:19,2025-09-03T21:08,2025-09-03T22:21,49,122
SYN-0000389,Emergency,28,2025-01-21T15:51,2025-01-21T19:32,2025-01-22T03:24,221,693
SYN-0000390,Emergency,44,2025-07-12T17:11,2025-07-12T20:05,2025-07-13T03:09,174,598
SYN-0000391,General Medicine,81,2025-01-23T01:17,2025-01-23T03:13,2025-01-23T06:21,116,304
SYN-0000392,General Medicine,79,2025-08-08T23:28,2025-08-09T00:52,2025-08-09T04:06,84,278
SYN-0000393,Cardiology,27,2025-11-27T06:15,2025-11-27T07:11,2025-11-27T09:12,56,177
SYN-0000394,Emergency,79,2025-10-30T15:30,2025-10-30T16:20,2025-10-30T20:35,50,305
SYN-0000395,Imaging,58,2025-04-15T14:47,2025-04-15T15:18,2025-04-15T16:16,31,89
SYN-0000396,Orthopedics,34,2025-10-18T08:04,2025-10-18T09:42,2025-10-18T11:40,98,216
SYN-0000397,Orthopedics,58,2025-03-19T07:41,2025-03-19T08:51,2025-03-19T11:44,70,243
SYN-0000398,Cardiology,75,2025-07-14T18:24,2025-07-14T19:28,2025-07-14T20:44,64,140
SYN-0000399,Cardiology,55,2025-02-06T20:23,2025-02-06T20:46,2025-02-06T21:55,23,92
SYN-0000400,Imaging,59,2025-04-27T06:57,2025-04-27T07:55,2025-04-27T08:41,58,104
SYN-0000401,General Medicine,81,2025-04-27T00:42,2025-04-27T02:12,2025-04-27T03:30,90,168
SYN-0000402,General Medicine,81,2025-08-13T16:08,2025-08-13T18:17,2025-08-13T20:54,129,286
SYN-0000403,Emergency,48,2025-11-29T22:41,2025-11-29T23:14,2025-11-30T03:05,33,264
SYN-0000404,Cardiology,24,2025-02-05T10:21,2025-02-05T11:40,2025-02-05T13:55,79,214
SYN-0000405,Orthopedics,86,2025-07-28T01:48,2025-07-28T02:56,2025-07-28T05:26,68,218
SYN-0000406,Emergency,35,2025-11-10T19:00,2025-11-10T22:46,2025-11-11T00:11,226,311
SYN-0000407,Orthopedics,64,2025-10-21T15:22,2025-10-21T17:00,2025-10-21T19:03,98,221
SYN-0000408,Emergency,64,2025-05-22T17:50,2025-05-22T19:42,2025-05-22T20:38,112,168
SYN-0000409,General Medicine,82,2025-10-09T07:56,2025-10-09T09:19,2025-10-09T10:07,83,131
SYN-0000410,Imaging,34,2025-03-28T12:22,2025-03-28T13:37,2025-03-28T14:27,75,125
SYN-0000411,Emergency,89,2025-09-04T21:56,2025-09-04T23:46,2025-09-05T03:27,110,331
SYN-0000412,Orthopedics,95,2025-05-25T22:47,2025-05-26T00:28,2025-05-26T01:34,101,167
SYN-0000413,General Medicine,23,2025-01-30T07:30,2025-01-30T09:22,2025-01-30T12:00,112,270
SYN-0000414,Emergency,78,2025-08-31T12:18,2025-08-31T13:03,2025-08-31T19:38,45,440
SYN-0000415,General Medicine,59,2025-04-12T18:50,2025-04-12T20:56,2025-04-12T22:04,126,194
SYN-0000416,General Medicine,56,2025-10-14T03:22,2025-10-14T04:53,2025-10-14T06:04,91,162
SYN-0000417,General Medicine,90,2025-12-23T16:41,2025-12-23T18:17,2025-12-23T20:56,96,255
SYN-0000418,Orthopedics,60,2025-09-26T05:31,2025-09-26T06:36,2025-09-26T07:10,65,99
SYN-0000419,Emergency,21,2025-08-13T01:03,2025-08-13T02:59,2025-08-13T08:27,116,444
SYN-0000420,General Medicine,24,2025-06-15T16:36,2025-06-15T18:47,2025-06-15T20:24,131,228
SYN-0000421,General Medicine,36,2025-10-04T20:18,2025-10-04T22:30,2025-10-04T23:43,132,205
SYN-0000422,Cardiology,20,2025-05-19T22:11,2025-05-19T22:20,2025-05-19T23:33,9,82
SYN-0000423,Imaging,70,2025-04-21T06:27,2025-04-21T07:12,2025-04-21T08:20,45,113
SYN-0000424,Cardiology,25,2025-12-10T09:54,2025-12-10T10:51,2025-12-10T13:44,57,230
SYN-0000425,Cardiology,79,2025-08-25T16:39,2025-08-25T17:50,2025-08-25T19:28,71,169
SYN-0000426,General Medicine,76,2025-05-07T02:34,2025-05-07T04:20,2025-05-07T06:10,106,216
SYN-0000427,General Medicine,51,2025-09-15T23:36,2025-09-16T01:13,2025-09-16T04:02,97,266
SYN-0000428,General Medicine,53,2025-06-29T12:14,2025-06-29T14:27,2025-06-29T15:46,133,212
SYN-0000429,General Medicine,54,2025-08-05T17:11,2025-08-05T18:37,2025-08-05T20:04,86,173
SYN-0000430,Cardiology,62,2025-12-16T09:10,2025-12-16T10:17,2025-12-16T12:23,67,193
SYN-0000431,General Medicine,91,2025-03-30T17:54,2025-03-30T19:14,2025-03-30T20:57,80,183
SYN-0000432,General Medicine,36,2025-09-09T07:39,2025-09-09T09:26,2025-09-09T11:37,107,238
SYN-0000433,Orthopedics,62,2025-02-27T13:08,2025-02-27T13:18,2025-02-27T15:01,10,113
SYN-0000434,Imaging,43,2025-06-05T19:41,2025-06-05T20:18,2025-06-05T21:34,37,113
SYN-0000435,General Medicine,35,2025-07-17T18:55,2025-07-17T20:14,2025-07-17T23:07,79,252
SYN-0000436,Emergency,49,2025-06-24T05:45,2025-06-24T08:32,2025-06-24T15:21,167,576
SYN-0000437,Emergency,47,2025-06-14T07:53,2025-06-14T10:54,2025-06-14T15:55,181,482
SYN-0000438,Emergency,78,2025-08-29T12:17,2025-08-29T12:52,2025-08-29T16:53,35,276
SYN-0000439,Emergency,18,2025-04-11T02:24,2025-04-11T05:28,2025-04-11T12:32,184,608
SYN-0000440,General Medicine,79,2025-12-13T09:27,2025-12-13T10:17,2025-12-13T12:31,50,184
SYN-0000441,Cardiology,25,2025-07-27T19:59,2025-07-27T20:40,2025-07-27T22:47,41,168
SYN-0000442,Emergency,86,2025-06-19T02:20,2025-06-19T05:16,2025-06-19T10:39,176,499
SYN-0000443,Emergency,22,2025-05-09T00:07,2025-05-09T01:01,2025-05-09T05:04,54,297
SYN-0000444,Imaging,22,2025-07-30T18:48,2025-07-30T19:56,2025-07-30T20:34,68,106
SYN-0000445,Emergency,60,2025-03-20T03:12,2025-03-20T04:38,2025-03-20T09:58,86,406
SYN-0000446,Orthopedics,35,2025-12-26T15:44,2025-12-26T16:47,2025-12-26T19:36,63,232
SYN-0000447,General Medicine,32,2025-05-21T09:37,2025-05-21T11:46,2025-05-21T13:25,129,228
SYN-0000448,Orthopedics,41,2025-07-07T08:01,2025-07-07T08:26,2025-07-07T10:53,25,172
SYN-0000449,Emergency,90,2025-08-03T19:55,2025-08-03T23:13,2025-08-04T02:35,198,400
SYN-0000450,Cardiology,83,2025-11-08T10:39,2025-11-08T11:06,2025-11-08T13:34,27,175
SYN-0000451,Orthopedics,41,2025-03-11T10:58,2025-03-11T11:14,2025-03-11T13:26,16,148
SYN-0000452,Cardiology,18,2025-06-30T14:56,2025-06-30T16:02,2025-06-30T18:09,66,193
SYN-0000453,Orthopedics,52,2025-11-22T07:16,2025-11-22T08:10,2025-11-22T09:40,54,144
SYN-0000454,Orthopedics,51,2025-01-09T07:51,2025-01-09T08:34,2025-01-09T11:33,43,222
SYN-0000455,Orthopedics,33,2025-02-15T05:42,2025-02-15T07:15,2025-02-15T08:45,93,183
SYN-0000456,Imaging,82,2025-10-23T05:10,2025-10-23T05:54,2025-10-23T06:29,44,79
SYN-0000457,Orthopedics,65,2025-08-03T20:09,2025-08-03T21:42,2025-08-03T22:42,93,153
SYN-0000458,General Medicine,79,2025-04-08T06:17,2025-04-08T07:23,2025-04-08T08:49,66,152
SYN-0000459,Cardiology,88,2025-10-30T19:25,2025-10-30T20:28,2025-10-30T22:48,63,203
SYN-0000460,Imaging,94,2025-06-30T04:46,2025-06-30T05:59,2025-06-30T06:41,73,115
SYN-0000461,Emergency,27,2025-09-21T10:38,2025-09-21T13:02,2025-09-21T17:20,144,402
SYN-0000462,General Medicine,91,2025-05-28T04:56,2025-05-28T05:34,2025-05-28T06:19,38,83
SYN-0000463,General Medicine,84,2025-08-27T22:16,2025-08-27T23:04,2025-08-28T00:16,48,120
SYN-0000464,Imaging,29,2025-12-22T22:53,2025-12-22T23:12,2025-12-22T23:53,19,60
SYN-0000465,General Medicine,76,2025-02-10T12:18,2025-02-10T14:22,2025-02-10T18:19,124,361
SYN-0000466,Cardiology,90,2025-11-29T15:07,2025-11-29T16:17,2025-11-29T18:48,70,221
SYN-0000467,Emergency,20,2025-08-13T09:39,2025-08-13T12:12,2025-08-13T16:38,153,419
SYN-0000468,Imaging,92,2025-06-08T16:06,2025-06-08T16:43,2025-06-08T16:58,37,52
SYN-0000469,Emergency,26,2025-09-08T21:04,2025-09-08T21:25,2025-09-09T01:31,21,267
SYN-0000470,General Medicine,22,2025-12-10T18:02,2025-12-10T18:27,2025-12-10T19:14,25,72
SYN-0000471,Orthopedics,71,2025-04-09T14:47,2025-04-09T15:44,2025-04-09T17:00,57,133
SYN-0000472,Orthopedics,66,2025-11-23T14:45,2025-11-23T16:44,2025-11-23T18:51,119,246
SYN-0000473,Imaging,62,2025-04-07T20:09,2025-04-07T20:24,2025-04-07T21:48,15,99
SYN-0000474,Emergency,85,2025-10-14T05:11,2025-10-14T06:06,2025-10-14T11:11,55,360
SYN-0000475,Cardiology,56,2025-01-17T13:19,2025-01-17T13:52,2025-01-17T14:37,33,78
SYN-0000476,Imaging,47,2025-10-04T04:20,2025-10-04T05:34,2025-10-04T06:43,74,143
SYN-0000477,Cardiology,53,2025-04-23T22:56,2025-04-23T23:59,2025-04-24T02:12,63,196
SYN-0000478,Cardiology,20,2025-11-02T06:45,2025-11-02T07:04,2025-11-02T07:57,19,72
SYN-0000479,Cardiology,94,2025-03-15T11:17,2025-03-15T11:48,2025-03-15T12:50,31,93
SYN-0000480,Emergency,49,2025-02-05T10:40,2025-02-05T12:44,2025-02-05T18:20,124,460
SYN-0000481,Emergency,87,2025-06-20T15:22,2025-06-20T17:14,2025-06-20T21:28,112,366
SYN-0000482,Cardiology,47,2025-07-30T15:14,2025-07-30T15:26,2025-07-30T16:46,12,92
SYN-0000483,General Medicine,48,2025-08-22T12:01,2025-08-22T13:32,2025-08-22T16:29,91,268
SYN-0000484,Orthopedics,70,2025-06-10T23:00,2025-06-11T00:57,2025-06-11T02:03,117,183
SYN-0000485,Orthopedics,72,2025-05-08T12:40,2025-05-08T13:20,2025-05-08T14:05,40,85
SYN-0000486,General Medicine,66,2025-09-08T19:05,2025-09-08T21:21,2025-09-08T22:03,136,178
SYN-0000487,General Medicine,70,2025-10-31T03:48,2025-10-31T05:19,2025-10-31T08:47,91,299
SYN-0000488,Cardiology,86,2025-05-14T21:31,2025-05-14T22:14,2025-05-15T00:35,43,184
SYN-0000489,Imaging,36,2025-08-07T23:44,2025-08-08T00:19,2025-08-08T01:02,35,78
SYN-0000490,Imaging,71,2025-10-28T12:03,2025-10-28T12:15,2025-10-28T13:41,12,98
SYN-0000491,General Medicine,49,2025-10-10T20:06,2025-10-10T22:31,2025-10-10T23:35,145,209
SYN-0000492,Orthopedics,75,2025-02-27T13:51,2025-02-27T14:22,2025-02-27T16:16,31,145
SYN-0000493,Orthopedics,24,2025-05-19T16:54,2025-05-19T17:10,2025-05-19T19:57,16,183
SYN-0000494,Orthopedics,42,2025-02-22T23:59,2025-02-23T00:52,2025-02-23T01:32,53,93
SYN-0000495,General Medicine,60,2025-06-02T02:36,2025-06-02T03:41,2025-06-02T06:13,65,217
SYN-0000496,Orthopedics,33,2025-05-19T08:54,2025-05-19T09:00,2025-05-19T10:24,6,90
SYN-0000497,Imaging,48,2025-10-16T19:38,2025-10-16T20:14,2025-10-16T20:55,36,77
SYN-0000498,General Medicine,66,2025-07-26T02:49,2025-07-26T04:21,2025-07-26T08:09,92,320
SYN-0000499,Imaging,51,2025-08-13T14:04,2025-08-13T15:17,2025-08-13T16:17,73,133
SYN-0000500,Orthopedics,30,2025-12-06T08:00,2025-12-06T09:10,2025-12-06T11:47,70,227
SYN-0000501,Imaging,58,2025-09-27T22:32,2025-09-27T23:17,2025-09-27T23:58,45,86
SYN-0000502,Imaging,36,2025-06-11T03:02,2025-06-11T03:12,2025-06-11T04:39,10,97
SYN-0000503,Emergency,55,2025-11-01T01:42,2025-11-01T02:58,2025-11-01T08:11,76,389
SYN-0000504,Cardiology,66,2025-06-17T11:52,2025-06-17T12:22,2025-06-17T14:31,30,159
SYN-0000505,General Medicine,50,2025-09-03T19:21,2025-09-03T20:33,2025-09-03T23:10,72,229
SYN-0000506,Imaging,63,2025-05-03T12:05,2025-05-03T13:12,2025-05-03T14:25,67,140
SYN-0000507,Cardiology,87,2025-05-15T00:28,2025-05-15T00:50,2025-05-15T03:40,22,192
SYN-0000508,Emergency,24,2025-02-24T03:01,2025-02-24T05:25,2025-02-24T06:12,144,191
SYN-0000509,Emergency,26,2025-06-18T12:35,2025-06-18T14:30,2025-06-18T16:10,115,215
SYN-0000510,Cardiology,65,2025-11-29T01:20,2025-11-29T01:26,2025-11-29T03:06,6,106
SYN-0000511,Emergency,80,2025-12-18T20:36,2025-12-18T23:24,2025-12-19T05:20,168,524
SYN-0000512,Emergency,19,2025-10-27T12:39,2025-10-27T12:50,2025-10-27T17:52,11,313
SYN-0000513,Emergency,86,2025-07-20T01:26,2025-07-20T03:51,2025-07-20T10:30,145,544
SYN-0000514,Orthopedics,40,2025-11-10T12:48,2025-11-10T12:55,2025-11-10T15:33,7,165
SYN-0000515,Emergency,48,2025-04-19T10:10,2025-04-19T10:44,2025-04-19T15:42,34,332
SYN-0000516,Cardiology,63,2025-07-03T19:19,2025-07-03T20:43,2025-07-03T23:42,84,263
SYN-0000517,Orthopedics,65,2025-02-27T12:57,2025-02-27T14:43,2025-02-27T16:54,106,237
SYN-0000518,Imaging,46,2025-06-27T02:21,2025-06-27T03:24,2025-06-27T04:51,63,150
SYN-0000519,Orthopedics,29,2025-01-24T01:43,2025-01-24T03:15,2025-01-24T04:05,92,142
SYN-0000520,Imaging,25,2025-12-13T14:47,2025-12-13T15:40,2025-12-13T16:43,53,116
SYN-0000521,Emergency,81,2025-03-02T05:02,2025-03-02T08:11,2025-03-02T10:08,189,306
SYN-0000522,Imaging,85,2025-03-11T10:34,2025-03-11T11:21,2025-03-11T12:48,47,134
SYN-0000523,Emergency,52,2025-12-13T05:58,2025-12-13T07:06,2025-12-13T09:24,68,206
SYN-0000524,Emergency,87,2025-07-24T03:52,2025-07-24T04:21,2025-07-24T10:41,29,409
SYN-0000525,General Medicine,20,2025-08-18T00:01,2025-08-18T00:19,2025-08-18T01:34,18,93
SYN-0000526,Cardiology,27,2025-10-18T00:43,2025-10-18T02:03,2025-10-18T03:24,80,161
SYN-0000527,Orthopedics,90,2025-06-25T02:33,2025-06-25T02:58,2025-06-25T05:52,25,199
SYN-0000528,Imaging,35,2025-10-07T12:11,2025-10-07T13:25,2025-10-07T14:22,74,131
SYN-0000529,Emergency,24,2025-09-09T20:19,2025-09-09T22:37,2025-09-10T05:28,138,549
SYN-0000530,Emergency,61,2025-02-25T08:30,2025-02-25T10:31,2025-02-25T12:59,121,269
SYN-0000531,General Medicine,21,2025-08-26T15:50,2025-08-26T17:41,2025-08-26T21:29,111,339
SYN-0000532,Orthopedics,47,2025-12-24T05:55,2025-12-24T07:40,2025-12-24T10:05,105,250
SYN-0000533,Orthopedics,41,2025-11-11T11:05,2025-11-11T12:20,2025-11-11T14:26,75,201
SYN-0000534,General Medicine,49,2025-08-04T02:07,2025-08-04T03:54,2025-08-04T04:45,107,158
SYN-0000535,Emergency,66,2025-04-23T07:12,2025-04-23T07:43,2025-04-23T10:30,31,198
SYN-0000536,Cardiology,31,2025-09-20T15:41,2025-09-20T16:35,2025-09-20T18:41,54,180
SYN-0000537,Emergency,64,2025-11-20T20:19,2025-11-20T20:30,2025-11-20T23:37,11,198
SYN-0000538,Orthopedics,41,2025-03-05T13:37,2025-03-05T13:55,2025-03-05T14:58,18,81
SYN-0000539,Imaging,31,2025-10-25T03:05,2025-10-25T04:07,2025-10-25T05:33,62,148
SYN-0000540,Emergency,94,2025-03-09T18:24,2025-03-09T18:56,2025-03-09T22:27,32,243
SYN-0000541,General Medicine,55,2025-01-09T23:40,2025-01-10T01:13,2025-01-10T03:21,93,221
SYN-0000542,Imaging,91,2025-06-26T18:13,2025-06-26T19:07,2025-06-26T19:32,54,79
SYN-0000543,General Medicine,39,2025-10-05T05:46,2025-10-05T06:39,2025-10-05T10:04,53,258
SYN-0000544,Cardiology,81,2025-07-15T10:44,2025-07-15T11:23,2025-07-15T13:25,39,161
SYN-0000545,Cardiology,53,2025-11-13T12:31,2025-11-13T12:44,2025-11-13T14:11,13,100
SYN-0000546,Imaging,64,2025-02-26T00:17,2025-02-26T01:00,2025-02-26T02:16,43,119
SYN-0000547,Orthopedics,76,2025-05-23T09:27,2025-05-23T10:03,2025-05-23T12:39,36,192
SYN-0000548,Emergency,68,2025-01-05T22:16,2025-01-05T23:00,2025-01-06T02:05,44,229
SYN-0000549,Orthopedics,74,2025-08-28T23:09,2025-08-29T01:01,2025-08-29T03:08,112,239
SYN-0000550,Orthopedics,59,2025-08-07T18:29,2025-08-07T19:29,2025-08-07T20:33,60,124
SYN-0000551,General Medicine,40,2025-08-17T18:45,2025-08-17T19:46,2025-08-17T22:18,61,213
SYN-0000552,Imaging,91,2025-12-24T12:58,2025-12-24T13:43,2025-12-24T14:35,45,97
SYN-0000553,Cardiology,68,2025-07-24T02:36,2025-07-24T03:22,2025-07-24T05:43,46,187
SYN-0000554,Orthopedics,93,2025-05-26T11:45,2025-05-26T12:04,2025-05-26T14:58,19,193
SYN-0000555,General Medicine,77,2025-01-20T14:23,2025-01-20T15:19,2025-01-20T18:43,56,260
SYN-0000556,Cardiology,70,2025-02-20T08:38,2025-02-20T09:39,2025-02-20T11:38,61,180
SYN-0000557,Imaging,50,2025-06-26T05:37,2025-06-26T05:59,2025-06-26T06:52,22,75
SYN-0000558,Cardiology,75,2025-02-23T20:38,2025-02-23T21:37,2025-02-23T23:58,59,200
SYN-0000559,General Medicine,86,2025-10-19T20:34,2025-10-19T22:46,2025-10-20T01:45,132,311
SYN-0000560,General Medicine,64,2025-01-27T18:31,2025-01-27T20:28,2025-01-27T23:17,117,286
SYN-0000561,General Medicine,63,2025-06-30T18:09,2025-06-30T18:40,2025-06-30T19:37,31,88
SYN-0000562,Cardiology,60,2025-10-18T23:49,2025-10-19T01:16,2025-10-19T02:12,87,143
SYN-0000563,Imaging,51,2025-03-13T19:16,2025-03-13T19:34,2025-03-13T19:50,18,34
SYN-0000564,Cardiology,75,2025-06-10T22:48,2025-06-10T23:58,2025-06-11T02:55,70,247
SYN-0000565,Orthopedics,37,2025-12-31T10:16,2025-12-31T11:11,2025-12-31T13:39,55,203
SYN-0000566,Orthopedics,55,2025-03-18T03:07,2025-03-18T03:15,2025-03-18T05:48,8,161
SYN-0000567,Imaging,62,2025-04-14T03:57,2025-04-14T04:12,2025-04-14T04:41,15,44
SYN-0000568,Orthopedics,84,2025-05-31T15:16,2025-05-31T16:04,2025-05-31T18:30,48,194
SYN-0000569,Imaging,74,2025-03-13T02:05,2025-03-13T02:54,2025-03-13T04:09,49,124
SYN-0000570,Imaging,23,2025-08-07T15:29,2025-08-07T16:14,2025-08-07T16:37,45,68
SYN-0000571,Emergency,31,2025-09-07T19:43,2025-09-07T19:58,2025-09-08T03:42,15,479
SYN-0000572,Cardiology,88,2025-05-08T00:47,2025-05-08T01:23,2025-05-08T04:20,36,213
SYN-0000573,Cardiology,47,2025-12-03T10:58,2025-12-03T11:45,2025-12-03T14:19,47,201
SYN-0000574,Imaging,68,2025-11-11T16:05,2025-11-11T16:33,2025-11-11T17:11,28,66
SYN-0000575,Emergency,75,2025-05-24T16:29,2025-05-24T19:47,2025-05-25T01:31,198,542
SYN-0000576,General Medicine,45,2025-01-04T05:46,2025-01-04T07:45,2025-01-04T09:54,119,248
SYN-0000577,Cardiology,86,2025-03-16T02:14,2025-03-16T02:54,2025-03-16T03:55,40,101
SYN-0000578,Cardiology,76,2025-05-24T12:07,2025-05-24T12:58,2025-05-24T15:06,51,179
SYN-0000579,Emergency,85,2025-12-23T10:21,2025-12-23T11:38,2025-12-23T17:51,77,450
SYN-0000580,Orthopedics,93,2025-10-13T20:12,2025-10-13T21:33,2025-10-13T23:42,81,210
SYN-0000581,Emergency,40,2025-11-30T09:41,2025-11-30T11:20,2025-11-30T14:50,99,309
SYN-0000582,Orthopedics,58,2025-04-08T12:54,2025-04-08T14:17,2025-04-08T15:08,83,134
SYN-0000583,Emergency,41,2025-03-27T03:49,2025-03-27T05:00,2025-03-27T08:06,71,257
SYN-0000584,Orthopedics,71,2025-10-10T20:53,2025-10-10T22:26,2025-10-10T23:32,93,159
SYN-0000585,General Medicine,72,2025-10-07T09:49,2025-10-07T10:34,2025-10-07T13:31,45,222
SYN-0000586,Cardiology,80,2025-05-02T12:11,2025-05-02T13:18,2025-05-02T14:47,67,156
SYN-0000587,Orthopedics,75,2025-08-18T01:41,2025-08-18T02:03,2025-08-18T03:20,22,99
SYN-0000588,General Medicine,80,2025-01-07T23:28,2025-01-07T23:51,2025-01-08T01:52,23,144
SYN-0000589,Cardiology,70,2025-12-27T10:13,2025-12-27T10:42,2025-12-27T13:05,29,172
SYN-0000590,Imaging,39,2025-12-22T20:38,2025-12-22T21:36,2025-12-22T22:47,58,129
SYN-0000591,Emergency,55,2025-06-10T14:01,2025-06-10T16:35,2025-06-10T17:20,154,199
SYN-0000592,Emergency,39,2025-07-30T04:52,2025-07-30T06:12,2025-07-30T08:37,80,225
SYN-0000593,Imaging,91,2025-03-24T10:30,2025-03-24T11:38,2025-03-24T13:03,68,153
SYN-0000594,Emergency,87,2025-09-25T03:22,2025-09-25T04:40,2025-09-25T11:46,78,504
SYN-0000595,Emergency,87,2025-11-18T09:26,2025-11-18T12:50,2025-11-18T19:28,204,602
SYN-0000596,Cardiology,56,2025-06-30T05:55,2025-06-30T06:54,2025-06-30T08:05,59,130
SYN-0000597,Emergency,29,2025-09-11T19:49,2025-09-11T21:54,2025-09-12T00:38,125,289
SYN-0000598,Imaging,93,2025-06-02T19:53,2025-06-02T20:13,2025-06-02T20:58,20,65
SYN-0000599,Orthopedics,35,2025-05-01T20:44,2025-05-01T22:39,2025-05-02T00:58,115,254
SYN-0000600,Cardiology,86,2025-09-13T10:56,2025-09-13T11:27,2025-09-13T12:27,31,91
SYN-0000601,Orthopedics,59,2025-05-03T14:36,2025-05-03T15:57,2025-05-03T18:44,81,248
SYN-0000602,Orthopedics,83,2025-07-14T16:09,2025-07-14T16:51,2025-07-14T19:47,42,218
SYN-0000603,Emergency,25,2025-10-27T17:09,2025-10-27T17:53,2025-10-28T00:47,44,458
SYN-0000604,Orthopedics,49,2025-04-07T14:56,2025-04-07T16:51,2025-04-07T17:53,115,177
SYN-0000605,Cardiology,80,2025-10-13T22:56,2025-10-13T23:42,2025-10-14T01:30,46,154
SYN-0000606,Cardiology,66,2025-10-29T15:06,2025-10-29T16:24,2025-10-29T18:17,78,191
SYN-0000607,Imaging,83,2025-10-21T08:19,2025-10-21T08:33,2025-10-21T08:59,14,40
SYN-0000608,Orthopedics,80,2025-11-28T02:22,2025-11-28T03:55,2025-11-28T05:59,93,217
SYN-0000609,Orthopedics,76,2025-03-09T19:46,2025-03-09T21:05,2025-03-09T21:35,79,109
SYN-0000610,Orthopedics,45,2025-10-17T14:35,2025-10-17T16:28,2025-10-17T17:14,113,159
SYN-0000611,Imaging,59,2025-07-15T13:01,2025-07-15T13:33,2025-07-15T14:51,32,110
SYN-0000612,Orthopedics,90,2025-04-06T02:17,2025-04-06T03:05,2025-04-06T05:55,48,218
SYN-0000613,Imaging,30,2025-02-03T10:54,2025-02-03T11:42,2025-02-03T12:03,48,69
SYN-0000614,Imaging,74,2025-04-26T00:57,2025-04-26T01:04,2025-04-26T01:34,7,37
SYN-0000615,Imaging,34,2025-05-28T07:46,2025-05-28T07:51,2025-05-28T09:00,5,74
SYN-0000616,Orthopedics,64,2025-03-09T23:14,2025-03-09T23:39,2025-03-10T01:19,25,125
SYN-0000617,Orthopedics,24,2025-05-01T12:45,2025-05-01T13:00,2025-05-01T15:05,15,140
SYN-0000618,Imaging,29,2025-11-09T13:21,2025-11-09T14:05,2025-11-09T14:49,44,88
SYN-0000619,Emergency,27,2025-12-14T04:48,2025-12-14T04:58,2025-12-14T07:17,10,149
SYN-0000620,Cardiology,19,2025-11-21T02:06,2025-11-21T03:26,2025-11-21T05:08,80,182
SYN-0000621,Emergency,72,2025-03-29T19:31,2025-03-29T22:39,2025-03-30T02:04,188,393
SYN-0000622,Cardiology,67,2025-06-16T17:08,2025-06-16T18:14,2025-06-16T19:17,66,129
SYN-0000623,Emergency,31,2025-03-16T14:02,2025-03-16T17:19,2025-03-17T00:41,197,639
SYN-0000624,Orthopedics,66,2025-04-10T20:30,2025-04-10T21:22,2025-04-10T23:08,52,158
SYN-0000625,Cardiology,85,2025-02-19T19:34,2025-02-19T21:01,2025-02-19T22:22,87,168
SYN-0000626,General Medicine,74,2025-04-30T12:08,2025-04-30T12:20,2025-04-30T15:26,12,198
SYN-0000627,Orthopedics,70,2025-04-21T05:27,2025-04-21T07:04,2025-04-21T08:28,97,181
SYN-0000628,General Medicine,30,2025-03-05T02:58,2025-03-05T05:01,2025-03-05T06:26,123,208
SYN-0000629,Cardiology,72,2025-09-13T23:31,2025-09-13T23:51,2025-09-14T02:14,20,163
SYN-0000630,Orthopedics,53,2025-06-30T10:22,2025-06-30T12:08,2025-06-30T13:13,106,171
SYN-0000631,Emergency,21,2025-07-27T11:21,2025-07-27T12:34,2025-07-27T17:47,73,386
SYN-0000632,Orthopedics,68,2025-05-18T08:50,2025-05-18T09:21,2025-05-18T12:03,31,193
SYN-0000633,Orthopedics,81,2025-06-24T06:47,2025-06-24T08:14,2025-06-24T08:57,87,130
SYN-0000634,Imaging,94,2025-12-30T18:50,2025-12-30T19:09,2025-12-30T19:54,19,64
SYN-0000635,Emergency,58,2025-09-20T22:38,2025-09-21T01:03,2025-09-21T01:39,145,181
SYN-0000636,Cardiology,87,2025-09-24T02:02,2025-09-24T02:56,2025-09-24T05:28,54,206
SYN-0000637,Cardiology,93,2025-01-13T03:40,2025-01-13T04:45,2025-01-13T05:48,65,128
SYN-0000638,Emergency,23,2025-06-07T02:22,2025-06-07T02:35,2025-06-07T05:19,13,177
SYN-0000639,Emergency,82,2025-07-28T14:44,2025-07-28T18:16,2025-07-28T22:09,212,445
SYN-0000640,Imaging,86,2025-03-02T00:31,2025-03-02T01:30,2025-03-02T02:36,59,125
SYN-0000641,General Medicine,57,2025-03-02T20:57,2025-03-02T21:46,2025-03-02T23:27,49,150
SYN-0000642,Emergency,86,2025-04-24T03:24,2025-04-24T05:44,2025-04-24T07:58,140,274
SYN-0000643,Orthopedics,57,2025-02-18T03:26,2025-02-18T04:21,2025-02-18T07:21,55,235
SYN-0000644,Imaging,29,2025-06-28T00:35,2025-06-28T01:10,2025-06-28T01:32,35,57
SYN-0000645,Imaging,57,2025-02-10T01:41,2025-02-10T02:00,2025-02-10T03:13,19,92
SYN-0000646,Cardiology,19,2025-04-10T21:56,2025-04-10T22:16,2025-04-10T23:04,20,68
SYN-0000647,Cardiology,39,2025-07-08T18:40,2025-07-08T19:48,2025-07-08T22:01,68,201
SYN-0000648,Orthopedics,21,2025-03-27T23:11,2025-03-27T23:32,2025-03-28T01:10,21,119
SYN-0000649,Orthopedics,85,2025-07-18T01:12,2025-07-18T03:00,2025-07-18T05:19,108,247
SYN-0000650,Emergency,81,2025-02-26T02:53,2025-02-26T04:10,2025-02-26T10:44,77,471
SYN-0000651,Imaging,81,2025-02-10T08:52,2025-02-10T10:02,2025-02-10T11:03,70,131
SYN-0000652,General Medicine,50,2025-04-25T13:11,2025-04-25T14:03,2025-04-25T16:07,52,176
SYN-0000653,Emergency,47,2025-03-25T23:36,2025-03-26T03:34,2025-03-26T08:57,238,561
SYN-0000654,General Medicine,49,2025-01-09T22:44,2025-01-09T22:54,2025-01-09T23:35,10,51
SYN-0000655,Emergency,37,2025-10-06T21:03,2025-10-06T23:13,2025-10-07T02:49,130,346
SYN-0000656,Cardiology,59,2025-06-13T11:41,2025-06-13T11:50,2025-06-13T14:22,9,161
SYN-0000657,Cardiology,27,2025-07-17T12:34,2025-07-17T13:32,2025-07-17T15:38,58,184
SYN-0000658,General Medicine,40,2025-02-08T08:30,2025-02-08T10:15,2025-02-08T11:15,105,165
SYN-0000659,Cardiology,26,2025-10-19T22:40,2025-10-19T23:51,2025-10-20T00:47,71,127
SYN-0000660,Imaging,29,2025-08-27T07:59,2025-08-27T08:40,2025-08-27T09:34,41,95
SYN-0000661,General Medicine,43,2025-09-26T15:19,2025-09-26T17:25,2025-09-26T17:57,126,158
SYN-0000662,Orthopedics,77,2025-06-26T15:27,2025-06-26T16:44,2025-06-26T18:31,77,184
SYN-0000663,Orthopedics,87,2025-05-23T07:15,2025-05-23T08:35,2025-05-23T11:11,80,236
SYN-0000664,Cardiology,21,2025-10-26T13:54,2025-10-26T14:18,2025-10-26T15:04,24,70
SYN-0000665,Cardiology,60,2025-01-07T23:40,2025-01-08T00:54,2025-01-08T03:07,74,207
SYN-0000666,Emergency,57,2025-10-01T23:52,2025-10-02T03:16,2025-10-02T09:22,204,570
SYN-0000667,Emergency,71,2025-06-23T10:16,2025-06-23T11:18,2025-06-23T16:19,62,363
SYN-0000668,Imaging,29,2025-07-23T18:18,2025-07-23T18:30,2025-07-23T19:03,12,45
SYN-0000669,Emergency,65,2025-10-28T18:41,2025-10-28T19:50,2025-10-29T03:32,69,531
SYN-0000670,Imaging,82,2025-03-11T14:19,2025-03-11T14:34,2025-03-11T16:03,15,104
SYN-0000671,Cardiology,93,2025-02-24T11:45,2025-02-24T13:11,2025-02-24T15:36,86,231
SYN-0000672,General Medicine,48,2025-04-06T04:17,2025-04-06T04:42,2025-04-06T07:03,25,166
SYN-0000673,Orthopedics,59,2025-10-14T03:20,2025-10-14T03:58,2025-10-14T05:48,38,148
SYN-0000674,Orthopedics,27,2025-06-20T02:39,2025-06-20T03:41,2025-06-20T05:20,62,161
SYN-0000675,Cardiology,31,2025-04-24T03:59,2025-04-24T04:21,2025-04-24T05:33,22,94
SYN-0000676,Cardiology,70,2025-08-17T16:07,2025-08-17T17:09,2025-08-17T19:53,62,226
SYN-0000677,Emergency,75,2025-06-01T04:42,2025-06-01T07:09,2025-06-01T10:42,147,360
SYN-0000678,Orthopedics,29,2025-03-29T07:38,2025-03-29T08:42,2025-03-29T10:19,64,161
SYN-0000679,Cardiology,59,2025-06-06T13:45,2025-06-06T14:28,2025-06-06T15:23,43,98
SYN-0000680,Cardiology,68,2025-09-17T01:03,2025-09-17T01:19,2025-09-17T03:07,16,124
SYN-0000681,General Medicine,51,2025-08-06T14:37,2025-08-06T14:59,2025-08-06T18:22,22,225
SYN-0000682,Cardiology,89,2025-11-26T06:47,2025-11-26T06:55,2025-11-26T09:23,8,156
SYN-0000683,General Medicine,31,2025-12-03T10:47,2025-12-03T12:00,2025-12-03T12:54,73,127
SYN-0000684,Cardiology,46,2025-02-14T21:44,2025-02-14T22:04,2025-02-14T22:52,20,68
SYN-0000685,Cardiology,28,2025-09-29T01:21,2025-09-29T01:51,2025-09-29T04:18,30,177
SYN-0000686,General Medicine,20,2025-02-24T14:29,2025-02-24T15:45,2025-02-24T19:43,76,314
SYN-0000687,Emergency,34,2025-11-19T21:31,2025-11-19T22:31,2025-11-20T04:31,60,420
SYN-0000688,Emergency,33,2025-08-30T10:15,2025-08-30T14:01,2025-08-30T21:35,226,680
SYN-0000689,Emergency,91,2025-05-03T07:49,2025-05-03T09:57,2025-05-03T10:52,128,183
SYN-0000690,Imaging,66,2025-01-22T11:14,2025-01-22T12:09,2025-01-22T13:27,55,133
SYN-0000691,Imaging,41,2025-06-06T08:26,2025-06-06T08:53,2025-06-06T09:53,27,87
SYN-0000692,Orthopedics,22,2025-04-19T05:31,2025-04-19T06:11,2025-04-19T08:35,40,184
SYN-0000693,General Medicine,81,2025-08-03T21:20,2025-08-03T22:32,2025-08-04T01:47,72,267
SYN-0000694,Imaging,29,2025-02-14T09:41,2025-02-14T10:56,2025-02-14T12:12,75,151
SYN-0000695,Orthopedics,43,2025-11-02T06:39,2025-11-02T07:33,2025-11-02T08:38,54,119
SYN-0000696,General Medicine,66,2025-01-15T05:18,2025-01-15T06:31,2025-01-15T09:42,73,264
SYN-0000697,Orthopedics,62,2025-12-19T22:23,2025-12-19T23:29,2025-12-20T02:18,66,235
SYN-0000698,General Medicine,52,2025-10-10T19:27,2025-10-10T21:45,2025-10-10T23:37,138,250
SYN-0000699,Cardiology,21,2025-06-09T11:39,2025-06-09T11:47,2025-06-09T13:53,8,134
SYN-0000700,Orthopedics,92,2025-09-18T06:35,2025-09-18T06:47,2025-09-18T09:17,12,162
SYN-0000701,Cardiology,48,2025-06-30T11:36,2025-06-30T12:01,2025-06-30T13:11,25,95
SYN-0000702,Orthopedics,91,2025-06-09T18:29,2025-06-09T19:42,2025-06-09T20:26,73,117
SYN-0000703,Imaging,48,2025-05-09T05:34,2025-05-09T06:24,2025-05-09T07:01,50,87
SYN-0000704,General Medicine,93,2025-09-19T06:11,2025-09-19T07:42,2025-09-19T11:38,91,327
SYN-0000705,Emergency,90,2025-09-14T02:05,2025-09-14T05:15,2025-09-14T11:43,190,578
SYN-0000706,General Medicine,81,2025-05-18T01:37,2025-05-18T02:23,2025-05-18T05:17,46,220
SYN-0000707,General Medicine,22,2025-12-24T02:59,2025-12-24T04:28,2025-12-24T05:42,89,163
SYN-0000708,Emergency,20,2025-06-09T07:57,2025-06-09T08:21,2025-06-09T10:50,24,173
SYN-0000709,General Medicine,43,2025-08-30T13:28,2025-08-30T15:40,2025-08-30T16:10,132,162
SYN-0000710,Cardiology,25,2025-08-24T15:07,2025-08-24T15:55,2025-08-24T17:25,48,138
SYN-0000711,Emergency,32,2025-04-14T03:33,2025-04-14T04:20,2025-04-14T09:50,47,377
SYN-0000712,General Medicine,68,2025-09-30T00:58,2025-09-30T02:41,2025-09-30T03:29,103,151
SYN-0000713,General Medicine,59,2025-08-08T17:43,2025-08-08T18:18,2025-08-08T20:14,35,151
SYN-0000714,Cardiology,58,2025-12-21T18:26,2025-12-21T18:51,2025-12-21T21:27,25,181
SYN-0000715,Cardiology,93,2025-06-12T13:21,2025-06-12T14:37,2025-06-12T16:53,76,212
SYN-0000716,Cardiology,34,2025-08-03T11:03,2025-08-03T11:56,2025-08-03T13:59,53,176
SYN-0000717,Cardiology,41,2025-01-24T13:55,2025-01-24T14:00,2025-01-24T16:25,5,150
SYN-0000718,General Medicine,90,2025-06-10T20:25,2025-06-10T21:56,2025-06-11T01:53,91,328
SYN-0000719,Emergency,27,2025-08-30T03:35,2025-08-30T05:52,2025-08-30T07:34,137,239
SYN-0000720,Cardiology,29,2025-05-03T06:02,2025-05-03T06:51,2025-05-03T08:57,49,175
SYN-0000721,Orthopedics,44,2025-07-13T02:55,2025-07-13T03:57,2025-07-13T04:29,62,94
SYN-0000722,Cardiology,31,2025-07-06T21:25,2025-07-06T21:38,2025-07-06T23:52,13,147
SYN-0000723,Emergency,71,2025-11-16T02:27,2025-11-16T02:49,2025-11-16T06:36,22,249
SYN-0000724,Cardiology,62,2025-10-03T18:28,2025-10-03T19:25,2025-10-03T22:16,57,228
SYN-0000725,General Medicine,91,2025-12-16T03:40,2025-12-16T05:26,2025-12-16T06:21,106,161
SYN-0000726,Cardiology,22,2025-02-23T16:09,2025-02-23T16:34,2025-02-23T19:14,25,185
SYN-0000727,Orthopedics,31,2025-07-10T03:32,2025-07-10T03:39,2025-07-10T05:30,7,118
SYN-0000728,Emergency,38,2025-10-01T09:36,2025-10-01T11:13,2025-10-01T13:10,97,214
SYN-0000729,Emergency,94,2025-09-04T02:06,2025-09-04T04:36,2025-09-04T05:53,150,227
SYN-0000730,General Medicine,73,2025-01-23T13:38,2025-01-23T15:51,2025-01-23T19:21,133,343
SYN-0000731,Cardiology,24,2025-04-25T09:35,2025-04-25T10:57,2025-04-25T13:33,82,238
SYN-0000732,Emergency,70,2025-05-19T08:12,2025-05-19T09:46,2025-05-19T12:01,94,229
SYN-0000733,General Medicine,56,2025-07-24T23:58,2025-07-25T02:26,2025-07-25T04:03,148,245
SYN-0000734,Cardiology,91,2025-10-14T02:27,2025-10-14T02:44,2025-10-14T03:41,17,74
SYN-0000735,General Medicine,64,2025-02-09T16:32,2025-02-09T18:47,2025-02-09T19:56,135,204
SYN-0000736,Emergency,94,2025-08-03T11:37,2025-08-03T13:36,2025-08-03T14:50,119,193
SYN-0000737,Imaging,44,2025-01-19T17:45,2025-01-19T18:15,2025-01-19T18:42,30,57
SYN-0000738,Cardiology,78,2025-03-01T15:56,2025-03-01T17:22,2025-03-01T19:21,86,205
SYN-0000739,Emergency,78,2025-10-17T10:14,2025-10-17T11:42,2025-10-17T18:53,88,519
SYN-0000740,Imaging,41,2025-10-10T04:31,2025-10-10T05:09,2025-10-10T05:35,38,64
SYN-0000741,Orthopedics,41,2025-09-26T23:45,2025-09-27T01:43,2025-09-27T03:50,118,245
SYN-0000742,Imaging,77,2025-11-17T05:01,2025-11-17T05:11,2025-11-17T05:59,10,58
SYN-0000743,Orthopedics,37,2025-02-14T21:13,2025-02-14T21:46,2025-02-14T23:24,33,131
SYN-0000744,Emergency,87,2025-09-08T08:11,2025-09-08T08:42,2025-09-08T14:54,31,403
SYN-0000745,Imaging,67,2025-02-14T09:46,2025-02-14T10:20,2025-02-14T11:45,34,119
SYN-0000746,General Medicine,91,2025-12-12T18:09,2025-12-12T20:06,2025-12-12T22:53,117,284
SYN-0000747,Cardiology,68,2025-02-27T11:50,2025-02-27T12:55,2025-02-27T14:56,65,186
SYN-0000748,Emergency,33,2025-04-18T08:50,2025-04-18T11:08,2025-04-18T16:30,138,460
SYN-0000749,Imaging,42,2025-06-04T07:02,2025-06-04T07:29,2025-06-04T08:05,27,63
SYN-0000750,Cardiology,73,2025-02-27T01:35,2025-02-27T01:45,2025-02-27T04:18,10,163
SYN-0000751,Cardiology,58,2025-07-07T18:53,2025-07-07T20:18,2025-07-07T21:40,85,167
SYN-0000752,Emergency,88,2025-10-17T08:16,2025-10-17T08:48,2025-10-17T12:36,32,260
SYN-0000753,Orthopedics,19,2025-11-30T14:52,2025-11-30T16:46,2025-11-30T18:26,114,214
SYN-0000754,General Medicine,32,2025-11-02T12:56,2025-11-02T15:19,2025-11-02T19:09,143,373
SYN-0000755,Imaging,31,2025-03-14T23:11,2025-03-14T23:35,2025-03-15T00:08,24,57
SYN-0000756,General Medicine,86,2025-07-28T07:50,2025-07-28T08:25,2025-07-28T12:16,35,266
SYN-0000757,Orthopedics,67,2025-07-12T08:07,2025-07-12T10:04,2025-07-12T12:19,117,252
SYN-0000758,Imaging,53,2025-05-06T09:24,2025-05-06T10:29,2025-05-06T10:48,65,84
SYN-0000759,Imaging,68,2025-01-29T05:46,2025-01-29T06:09,2025-01-29T07:15,23,89
SYN-0000760,Orthopedics,78,2025-02-05T21:25,2025-02-05T22:58,2025-02-06T00:28,93,183
SYN-0000761,Orthopedics,61,2025-01-15T17:35,2025-01-15T19:34,2025-01-15T21:39,119,244
SYN-0000762,Orthopedics,30,2025-12-24T23:40,2025-12-25T00:24,2025-12-25T02:05,44,145
SYN-0000763,Cardiology,59,2025-11-19T15:55,2025-11-19T16:17,2025-11-19T18:18,22,143
SYN-0000764,Orthopedics,42,2025-03-07T00:24,2025-03-07T02:02,2025-03-07T04:18,98,234
SYN-0000765,Imaging,84,2025-12-19T18:33,2025-12-19T19:05,2025-12-19T20:12,32,99
SYN-0000766,Orthopedics,26,2025-04-26T18:14,2025-04-26T20:04,2025-04-26T20:48,110,154
SYN-0000767,Orthopedics,35,2025-10-21T17:39,2025-10-21T19:14,2025-10-21T21:53,95,254
SYN-0000768,General Medicine,43,2025-05-21T08:47,2025-05-21T09:04,2025-05-21T10:18,17,91
SYN-0000769,Emergency,24,2025-11-29T09:01,2025-11-29T10:14,2025-11-29T11:00,73,119
SYN-0000770,Orthopedics,65,2025-07-19T12:06,2025-07-19T13:41,2025-07-19T15:01,95,175
SYN-0000771,Imaging,21,2025-04-01T04:50,2025-04-01T05:59,2025-04-01T07:04,69,134
SYN-0000772,Cardiology,40,2025-11-21T20:13,2025-11-21T21:05,2025-11-21T23:55,52,222
SYN-0000773,Imaging,38,2025-09-08T16:11,2025-09-08T17:26,2025-09-08T18:25,75,134
SYN-0000774,Orthopedics,21,2025-07-27T13:56,2025-07-27T15:36,2025-07-27T16:29,100,153
SYN-0000775,Imaging,46,2025-06-06T01:29,2025-06-06T01:40,2025-06-06T02:15,11,46
SYN-0000776,Cardiology,83,2025-10-26T04:39,2025-10-26T05:10,2025-10-26T07:03,31,144
SYN-0000777,Emergency,78,2025-01-07T11:30,2025-01-07T15:21,2025-01-07T22:30,231,660
SYN-0000778,Cardiology,46,2025-01-07T03:54,2025-01-07T05:21,2025-01-07T06:50,87,176
SYN-0000779,Orthopedics,72,2025-07-20T12:35,2025-07-20T13:57,2025-07-20T15:45,82,190
SYN-0000780,Imaging,45,2025-07-03T11:59,2025-07-03T12:48,2025-07-03T14:01,49,122
SYN-0000781,Imaging,92,2025-10-17T04:44,2025-10-17T05:27,2025-10-17T06:48,43,124
SYN-0000782,Emergency,89,2025-09-30T12:08,2025-09-30T12:19,2025-09-30T17:10,11,302
SYN-0000783,General Medicine,79,2025-03-20T17:15,2025-03-20T18:37,2025-03-20T20:23,82,188
SYN-0000784,Emergency,53,2025-08-25T18:10,2025-08-25T19:46,2025-08-25T22:37,96,267
SYN-0000785,Orthopedics,37,2025-05-18T03:49,2025-05-18T05:17,2025-05-18T07:03,88,194
SYN-0000786,General Medicine,58,2025-10-22T06:07,2025-10-22T07:18,2025-10-22T08:02,71,115
SYN-0000787,Cardiology,51,2025-08-04T06:03,2025-08-04T06:11,2025-08-04T09:03,8,180
SYN-0000788,Imaging,92,2025-01-26T17:14,2025-01-26T18:10,2025-01-26T19:14,56,120
SYN-0000789,General Medicine,86,2025-06-11T22:04,2025-06-11T23:02,2025-06-12T00:59,58,175
SYN-0000790,Imaging,39,2025-08-07T14:17,2025-08-07T15:07,2025-08-07T16:26,50,129
SYN-0000791,General Medicine,78,2025-03-13T01:44,2025-03-13T02:40,2025-03-13T04:25,56,161
SYN-0000792,Cardiology,29,2025-09-02T09:36,2025-09-02T10:14,2025-09-02T11:45,38,129
SYN-0000793,Cardiology,71,2025-08-12T14:42,2025-08-12T15:32,2025-08-12T17:14,50,152
SYN-0000794,Orthopedics,77,2025-08-03T02:54,2025-08-03T03:46,2025-08-03T05:22,52,148
SYN-0000795,Emergency,78,2025-02-21T20:35,2025-02-21T22:45,2025-02-21T23:42,130,187
SYN-0000796,Cardiology,85,2025-10-05T22:09,2025-10-05T23:18,2025-10-06T00:33,69,144
SYN-0000797,Orthopedics,35,2025-04-20T19:02,2025-04-20T19:59,2025-04-20T20:42,57,100
SYN-0000798,Cardiology,36,2025-11-30T04:38,2025-11-30T05:26,2025-11-30T07:55,48,197
SYN-0000799,Orthopedics,80,2025-02-28T20:16,2025-02-28T22:11,2025-02-28T23:27,115,191
SYN-0000800,Orthopedics,25,2025-08-17T05:18,2025-08-17T06:43,2025-08-17T07:58,85,160
SYN-0000801,Emergency,39,2025-06-02T11:13,2025-06-02T13:18,2025-06-02T16:08,125,295
SYN-0000802,General Medicine,34,2025-03-06T02:38,2025-03-06T03:28,2025-03-06T06:03,50,205
SYN-0000803,General Medicine,69,2025-11-09T16:28,2025-11-09T18:29,2025-11-09T21:41,121,313
SYN-0000804,Imaging,22,2025-01-04T09:35,2025-01-04T10:41,2025-01-04T11:45,66,130
SYN-0000805,General Medicine,19,2025-09-29T16:25,2025-09-29T17:26,2025-09-29T21:03,61,278
SYN-0000806,Orthopedics,20,2025-05-19T18:34,2025-05-19T20:15,2025-05-19T23:00,101,266
SYN-0000807,Emergency,46,2025-07-01T04:29,2025-07-01T07:19,2025-07-01T14:04,170,575
SYN-0000808,Orthopedics,67,2025-03-16T18:57,2025-03-16T19:41,2025-03-16T20:44,44,107
SYN-0000809,General Medicine,23,2025-02-17T12:58,2025-02-17T14:26,2025-02-17T15:38,88,160
SYN-0000810,Orthopedics,73,2025-09-04T00:05,2025-09-04T00:47,2025-09-04T03:13,42,188
SYN-0000811,Cardiology,42,2025-09-19T14:21,2025-09-19T15:09,2025-09-19T17:59,48,218
SYN-0000812,Cardiology,46,2025-06-16T07:53,2025-06-16T08:49,2025-06-16T09:38,56,105
SYN-0000813,Cardiology,33,2025-05-04T01:13,2025-05-04T01:45,2025-05-04T02:35,32,82
SYN-0000814,Orthopedics,50,2025-10-01T04:57,2025-10-01T06:33,2025-10-01T07:12,96,135
SYN-0000815,General Medicine,31,2025-02-04T22:10,2025-02-04T22:32,2025-02-05T01:34,22,204
SYN-0000816,Emergency,71,2025-03-26T07:34,2025-03-26T07:56,2025-03-26T14:19,22,405
SYN-0000817,Imaging,78,2025-07-04T00:55,2025-07-04T01:48,2025-07-04T02:18,53,83
SYN-0000818,Cardiology,71,2025-08-08T06:23,2025-08-08T06:54,2025-08-08T07:41,31,78
SYN-0000819,Emergency,95,2025-07-16T14:11,2025-07-16T17:10,2025-07-16T22:06,179,475
SYN-0000820,Cardiology,54,2025-03-27T17:33,2025-03-27T18:31,2025-03-27T19:42,58,129
SYN-0000821,Emergency,43,2025-12-29T10:37,2025-12-29T14:07,2025-12-29T15:31,210,294
SYN-0000822,General Medicine,84,2025-07-11T12:09,2025-07-11T13:10,2025-07-11T16:59,61,290
SYN-0000823,Cardiology,38,2025-08-04T01:38,2025-08-04T02:28,2025-08-04T04:57,50,199
SYN-0000824,Emergency,79,2025-06-01T05:42,2025-06-01T08:12,2025-06-01T12:56,150,434
SYN-0000825,Orthopedics,29,2025-01-10T06:48,2025-01-10T07:23,2025-01-10T07:53,35,65
SYN-0000826,Emergency,37,2025-12-26T19:05,2025-12-26T22:48,2025-12-27T04:11,223,546
SYN-0000827,Emergency,30,2025-02-24T15:33,2025-02-24T19:02,2025-02-24T23:53,209,500
SYN-0000828,Orthopedics,55,2025-11-29T14:18,2025-11-29T15:45,2025-11-29T17:14,87,176
SYN-0000829,Orthopedics,40,2025-03-14T16:17,2025-03-14T17:21,2025-03-14T18:03,64,106
SYN-0000830,Emergency,58,2025-09-20T07:12,2025-09-20T11:00,2025-09-20T13:58,228,406
SYN-0000831,Imaging,19,2025-02-03T09:58,2025-02-03T10:17,2025-02-03T10:44,19,46
SYN-0000832,Cardiology,63,2025-08-28T07:45,2025-08-28T09:14,2025-08-28T10:42,89,177
SYN-0000833,Imaging,61,2025-09-29T08:02,2025-09-29T08:41,2025-09-29T09:07,39,65
SYN-0000834,Cardiology,76,2025-10-19T10:52,2025-10-19T11:11,2025-10-19T13:38,19,166
SYN-0000835,Orthopedics,71,2025-12-15T05:56,2025-12-15T07:47,2025-12-15T09:55,111,239
SYN-0000836,Cardiology,38,2025-02-12T16:55,2025-02-12T17:14,2025-02-12T18:32,19,97
SYN-0000837,Emergency,90,2025-12-18T11:21,2025-12-18T13:17,2025-12-18T18:49,116,448
SYN-0000838,Imaging,21,2025-09-19T02:58,2025-09-19T03:26,2025-09-19T04:29,28,91
SYN-0000839,Cardiology,70,2025-03-24T05:43,2025-03-24T06:49,2025-03-24T09:38,66,235
SYN-0000840,Imaging,58,2025-07-10T12:00,2025-07-10T12:10,2025-07-10T12:33,10,33
SYN-0000841,Emergency,61,2025-06-13T02:25,2025-06-13T05:35,2025-06-13T13:29,190,664
SYN-0000842,General Medicine,73,2025-03-11T08:28,2025-03-11T10:51,2025-03-11T14:17,143,349
SYN-0000843,Cardiology,37,2025-10-08T06:12,2025-10-08T07:18,2025-10-08T09:31,66,199
SYN-0000844,General Medicine,82,2025-04-25T06:30,2025-04-25T06:53,2025-04-25T07:25,23,55
SYN-0000845,Imaging,80,2025-02-24T12:21,2025-02-24T13:29,2025-02-24T14:05,68,104
SYN-0000846,Orthopedics,24,2025-07-22T13:08,2025-07-22T13:43,2025-07-22T15:37,35,149
SYN-0000847,General Medicine,69,2025-10-03T17:10,2025-10-03T18:17,2025-10-03T21:07,67,237
SYN-0000848,Cardiology,91,2025-11-20T10:45,2025-11-20T11:00,2025-11-20T13:42,15,177
SYN-0000849,Imaging,58,2025-11-22T13:04,2025-11-22T13:20,2025-11-22T14:38,16,94
SYN-0000850,Emergency,31,2025-01-13T22:32,2025-01-14T00:49,2025-01-14T07:40,137,548
SYN-0000851,Imaging,29,2025-01-01T02:57,2025-01-01T03:54,2025-01-01T04:13,57,76
SYN-0000852,General Medicine,76,2025-05-31T14:59,2025-05-31T16:26,2025-05-31T19:06,87,247
SYN-0000853,Orthopedics,76,2025-06-12T07:46,2025-06-12T08:37,2025-06-12T09:20,51,94
SYN-0000854,Orthopedics,75,2025-09-22T13:01,2025-09-22T14:17,2025-09-22T16:48,76,227
SYN-0000855,Emergency,18,2025-06-11T11:18,2025-06-11T11:52,2025-06-11T18:50,34,452
SYN-0000856,Orthopedics,31,2025-09-30T06:12,2025-09-30T07:02,2025-09-30T08:46,50,154
SYN-0000857,Emergency,35,2025-12-25T13:42,2025-12-25T17:41,2025-12-25T19:35,239,353
SYN-0000858,Imaging,42,2025-05-23T15:58,2025-05-23T16:16,2025-05-23T17:03,18,65
SYN-0000859,Emergency,76,2025-06-06T23:41,2025-06-07T03:29,2025-06-07T07:20,228,459
SYN-0000860,Cardiology,23,2025-10-29T19:23,2025-10-29T20:11,2025-10-29T21:23,48,120
SYN-0000861,General Medicine,76,2025-11-25T01:08,2025-11-25T01:49,2025-11-25T05:36,41,268
SYN-0000862,General Medicine,18,2025-12-30T05:39,2025-12-30T07:58,2025-12-30T09:02,139,203
SYN-0000863,General Medicine,92,2025-11-12T03:54,2025-11-12T04:16,2025-11-12T07:07,22,193
SYN-0000864,Imaging,34,2025-05-07T10:45,2025-05-07T11:55,2025-05-07T12:32,70,107
SYN-0000865,Emergency,82,2025-08-23T08:37,2025-08-23T10:26,2025-08-23T16:32,109,475
SYN-0000866,Imaging,68,2025-07-19T05:26,2025-07-19T06:24,2025-07-19T07:10,58,104
SYN-0000867,Orthopedics,35,2025-04-08T02:50,2025-04-08T03:32,2025-04-08T05:57,42,187
SYN-0000868,Imaging,88,2025-08-17T13:59,2025-08-17T15:09,2025-08-17T16:02,70,123
SYN-0000869,Cardiology,62,2025-07-31T14:14,2025-07-31T14:44,2025-07-31T16:22,30,128
SYN-0000870,Cardiology,32,2025-08-23T18:01,2025-08-23T19:29,2025-08-23T20:59,88,178
SYN-0000871,Orthopedics,86,2025-10-31T23:57,2025-11-01T01:13,2025-11-01T03:45,76,228
SYN-0000872,Orthopedics,84,2025-01-10T07:10,2025-01-10T09:07,2025-01-10T11:25,117,255
SYN-0000873,Emergency,24,2025-04-16T19:46,2025-04-16T20:02,2025-04-16T23:47,16,241
SYN-0000874,Emergency,54,2025-04-28T04:32,2025-04-28T05:33,2025-04-28T08:19,61,227
SYN-0000875,Orthopedics,44,2025-08-03T21:57,2025-08-03T22:20,2025-08-03T23:05,23,68
SYN-0000876,General Medicine,31,2025-11-26T13:39,2025-11-26T13:57,2025-11-26T15:58,18,139
SYN-0000877,General Medicine,48,2025-10-11T04:17,2025-10-11T05:24,2025-10-11T09:04,67,287
SYN-0000878,General Medicine,66,2025-02-04T05:01,2025-02-04T06:24,2025-02-04T09:51,83,290
SYN-0000879,Imaging,19,2025-02-09T04:15,2025-02-09T05:13,2025-02-09T06:08,58,113
SYN-0000880,Orthopedics,65,2025-06-14T05:44,2025-06-14T06:14,2025-06-14T08:37,30,173
SYN-0000881,General Medicine,42,2025-05-24T01:32,2025-05-24T04:01,2025-05-24T07:40,149,368
SYN-0000882,Orthopedics,41,2025-02-24T05:26,2025-02-24T06:28,2025-02-24T07:43,62,137
SYN-0000883,Cardiology,23,2025-10-02T16:01,2025-10-02T17:11,2025-10-02T18:26,70,145
SYN-0000884,Imaging,34,2025-07-12T09:55,2025-07-12T10:35,2025-07-12T12:01,40,126
SYN-0000885,Cardiology,60,2025-01-05T02:39,2025-01-05T03:58,2025-01-05T05:48,79,189
SYN-0000886,Imaging,59,2025-04-22T22:09,2025-04-22T22:33,2025-04-22T22:53,24,44
SYN-0000887,General Medicine,80,2025-08-08T07:03,2025-08-08T07:26,2025-08-08T11:14,23,251
SYN-0000888,General Medicine,58,2025-02-23T01:41,2025-02-23T04:11,2025-02-23T06:12,150,271
SYN-0000889,General Medicine,82,2025-02-19T15:28,2025-02-19T16:34,2025-02-19T17:51,66,143
SYN-0000890,Cardiology,62,2025-03-08T22:51,2025-03-08T23:49,2025-03-09T02:17,58,206
SYN-0000891,Cardiology,64,2025-08-30T01:48,2025-08-30T02:20,2025-08-30T04:29,32,161
SYN-0000892,Orthopedics,89,2025-12-12T18:43,2025-12-12T19:15,2025-12-12T22:00,32,197
SYN-0000893,Emergency,75,2025-09-09T22:54,2025-09-09T23:33,2025-09-10T05:45,39,411
SYN-0000894,Cardiology,59,2025-01-30T00:54,2025-01-30T02:21,2025-01-30T04:08,87,194
SYN-0000895,Imaging,87,2025-07-06T20:14,2025-07-06T20:33,2025-07-06T21:37,19,83
SYN-0000896,Orthopedics,83,2025-10-01T00:52,2025-10-01T01:00,2025-10-01T03:42,8,170
SYN-0000897,General Medicine,55,2025-02-01T22:21,2025-02-02T00:25,2025-02-02T02:59,124,278
SYN-0000898,Cardiology,30,2025-03-01T23:05,2025-03-01T23:51,2025-03-02T02:47,46,222
SYN-0000899,Cardiology,44,2025-02-17T16:12,2025-02-17T17:25,2025-02-17T18:11,73,119
SYN-0000900,Cardiology,86,2025-05-30T16:45,2025-05-30T17:44,2025-05-30T18:55,59,130
SYN-0000901,Imaging,76,2025-01-18T07:06,2025-01-18T07:20,2025-01-18T07:54,14,48
SYN-0000902,Orthopedics,24,2025-02-23T08:06,2025-02-23T08:15,2025-02-23T09:07,9,61
SYN-0000903,Cardiology,51,2025-06-15T18:23,2025-06-15T19:00,2025-06-15T20:03,37,100
SYN-0000904,Imaging,73,2025-10-22T12:14,2025-10-22T13:08,2025-10-22T14:20,54,126
SYN-0000905,Orthopedics,86,2025-03-28T03:32,2025-03-28T03:39,2025-03-28T05:48,7,136
SYN-0000906,Emergency,92,2025-02-16T01:09,2025-02-16T04:03,2025-02-16T10:41,174,572
SYN-0000907,Emergency,63,2025-02-22T20:35,2025-02-22T23:44,2025-02-23T07:28,189,653
SYN-0000908,General Medicine,95,2025-08-08T10:29,2025-08-08T11:06,2025-08-08T12:50,37,141
SYN-0000909,Emergency,66,2025-11-15T16:56,2025-11-15T18:18,2025-11-16T01:19,82,503
SYN-0000910,Imaging,86,2025-04-24T19:57,2025-04-24T20:05,2025-04-24T21:20,8,83
SYN-0000911,Cardiology,36,2025-08-03T19:07,2025-08-03T19:29,2025-08-03T21:54,22,167
SYN-0000912,Orthopedics,88,2025-01-09T02:51,2025-01-09T04:22,2025-01-09T06:27,91,216
SYN-0000913,General Medicine,18,2025-01-31T10:02,2025-01-31T10:48,2025-01-31T11:49,46,107
SYN-0000914,General Medicine,57,2025-03-03T23:41,2025-03-04T01:31,2025-03-04T04:18,110,277
SYN-0000915,Cardiology,83,2025-10-28T11:39,2025-10-28T12:28,2025-10-28T14:07,49,148
SYN-0000916,Cardiology,50,2025-06-10T18:32,2025-06-10T18:57,2025-06-10T20:29,25,117
SYN-0000917,Cardiology,88,2025-02-09T14:30,2025-02-09T14:49,2025-02-09T16:20,19,110
SYN-0000918,Imaging,26,2025-07-31T15:31,2025-07-31T16:46,2025-07-31T17:10,75,99
SYN-0000919,Orthopedics,60,2025-12-21T18:16,2025-12-21T18:33,2025-12-21T19:53,17,97
SYN-0000920,Orthopedics,54,2025-03-14T20:24,2025-03-14T20:45,2025-03-14T22:15,21,111
SYN-0000921,General Medicine,80,2025-08-20T09:42,2025-08-20T10:09,2025-08-20T11:28,27,106
SYN-0000922,Imaging,90,2025-04-21T23:17,2025-04-22T00:04,2025-04-22T00:58,47,101
SYN-0000923,General Medicine,72,2025-08-19T08:19,2025-08-19T10:02,2025-08-19T13:58,103,339
SYN-0000924,Cardiology,46,2025-06-29T06:13,2025-06-29T06:18,2025-06-29T08:23,5,130
SYN-0000925,Imaging,60,2025-04-08T19:09,2025-04-08T19:49,2025-04-08T20:50,40,101
SYN-0000926,Imaging,57,2025-09-19T05:27,2025-09-19T06:31,2025-09-19T07:43,64,136
SYN-0000927,Imaging,95,2025-05-08T23:48,2025-05-09T01:03,2025-05-09T01:31,75,103
SYN-0000928,Emergency,86,2025-04-12T22:42,2025-04-13T02:27,2025-04-13T05:20,225,398
SYN-0000929,Cardiology,20,2025-02-24T21:42,2025-02-24T22:20,2025-02-24T23:24,38,102
SYN-0000930,General Medicine,93,2025-10-23T00:14,2025-10-23T00:31,2025-10-23T04:29,17,255
SYN-0000931,Cardiology,37,2025-12-10T18:36,2025-12-10T18:45,2025-12-10T20:36,9,120
SYN-0000932,Orthopedics,35,2025-07-31T21:34,2025-07-31T22:29,2025-07-31T23:56,55,142
SYN-0000933,Imaging,68,2025-03-07T22:32,2025-03-07T23:41,2025-03-08T01:01,69,149
SYN-0000934,Orthopedics,39,2025-06-23T22:44,2025-06-23T23:53,2025-06-24T00:25,69,101
SYN-0000935,General Medicine,40,2025-04-26T22:36,2025-04-26T23:21,2025-04-27T01:45,45,189
SYN-0000936,General Medicine,63,2025-12-19T01:50,2025-12-19T02:37,2025-12-19T06:15,47,265
SYN-0000937,Emergency,47,2025-12-22T02:09,2025-12-22T03:15,2025-12-22T10:14,66,485
SYN-0000938,Emergency,23,2025-06-20T09:46,2025-06-20T11:03,2025-06-20T14:42,77,296
SYN-0000939,Cardiology,78,2025-10-10T14:25,2025-10-10T15:36,2025-10-10T17:53,71,208
SYN-0000940,Imaging,31,2025-08-24T23:33,2025-08-24T23:43,2025-08-25T00:03,10,30
SYN-0000941,General Medicine,92,2025-07-11T17:46,2025-07-11T19:06,2025-07-11T22:45,80,299
SYN-0000942,General Medicine,64,2025-10-03T15:05,2025-10-03T15:59,2025-10-03T18:05,54,180
SYN-0000943,General Medicine,66,2025-07-03T04:47,2025-07-03T05:16,2025-07-03T07:58,29,191
SYN-0000944,Cardiology,62,2025-09-14T23:20,2025-09-15T00:31,2025-09-15T02:59,71,219
SYN-0000945,Imaging,74,2025-04-12T04:38,2025-04-12T05:44,2025-04-12T05:59,66,81
SYN-0000946,Cardiology,45,2025-07-24T11:30,2025-07-24T12:04,2025-07-24T13:08,34,98
SYN-0000947,Cardiology,95,2025-09-21T18:18,2025-09-21T18:46,2025-09-21T20:11,28,113
SYN-0000948,Emergency,60,2025-10-29T21:53,2025-10-30T00:52,2025-10-30T03:19,179,326
SYN-0000949,Emergency,79,2025-12-15T15:53,2025-12-15T18:06,2025-12-16T00:21,133,508
SYN-0000950,Cardiology,20,2025-10-27T04:59,2025-10-27T06:19,2025-10-27T07:45,80,166
SYN-0000951,Cardiology,35,2025-04-28T07:56,2025-04-28T08:06,2025-04-28T09:23,10,87
SYN-0000952,General Medicine,25,2025-04-17T22:39,2025-04-17T22:59,2025-04-18T01:55,20,196
SYN-0000953,Cardiology,94,2025-10-23T05:51,2025-10-23T06:29,2025-10-23T08:00,38,129
SYN-0000954,General Medicine,28,2025-07-26T09:43,2025-07-26T09:57,2025-07-26T13:31,14,228
SYN-0000955,Cardiology,39,2025-12-17T17:45,2025-12-17T18:47,2025-12-17T21:32,62,227
SYN-0000956,Cardiology,83,2025-05-13T10:39,2025-05-13T11:36,2025-05-13T12:57,57,138
SYN-0000957,Orthopedics,94,2025-11-27T04:57,2025-11-27T05:23,2025-11-27T07:20,26,143
SYN-0000958,General Medicine,67,2025-10-03T09:43,2025-10-03T10:10,2025-10-03T11:38,27,115
SYN-0000959,Cardiology,84,2025-05-28T08:17,2025-05-28T08:35,2025-05-28T09:24,18,67
SYN-0000960,General Medicine,40,2025-03-12T02:56,2025-03-12T04:53,2025-03-12T06:01,117,185
SYN-0000961,Imaging,29,2025-03-27T13:44,2025-03-27T13:53,2025-03-27T15:16,9,92
SYN-0000962,Imaging,73,2025-01-01T20:58,2025-01-01T21:19,2025-01-01T22:43,21,105
SYN-0000963,General Medicine,85,2025-02-01T15:08,2025-02-01T17:05,2025-02-01T19:09,117,241
SYN-0000964,Imaging,62,2025-10-05T14:35,2025-10-05T15:09,2025-10-05T16:25,34,110
SYN-0000965,General Medicine,50,2025-04-08T11:46,2025-04-08T12:21,2025-04-08T14:39,35,173
SYN-0000966,Imaging,94,2025-07-26T06:26,2025-07-26T07:00,2025-07-26T07:25,34,59
SYN-0000967,General Medicine,18,2025-05-18T15:22,2025-05-18T17:16,2025-05-18T18:51,114,209
SYN-0000968,Emergency,84,2025-03-27T19:12,2025-03-27T21:49,2025-03-28T02:46,157,454
SYN-0000969,Emergency,58,2025-05-30T13:57,2025-05-30T15:43,2025-05-30T21:48,106,471
SYN-0000970,Imaging,72,2025-04-23T16:57,2025-04-23T17:48,2025-04-23T18:16,51,79
SYN-0000971,General Medicine,90,2025-11-05T10:16,2025-11-05T11:30,2025-11-05T13:06,74,170
SYN-0000972,Orthopedics,44,2025-10-17T10:00,2025-10-17T11:23,2025-10-17T13:03,83,183
SYN-0000973,Imaging,40,2025-12-18T07:44,2025-12-18T08:59,2025-12-18T10:25,75,161
SYN-0000974,Orthopedics,50,2025-12-19T06:19,2025-12-19T07:35,2025-12-19T10:27,76,248
SYN-0000975,Orthopedics,35,2025-10-17T21:49,2025-10-17T23:07,2025-10-18T01:05,78,196
SYN-0000976,Emergency,38,2025-11-22T04:48,2025-11-22T08:09,2025-11-22T10:36,201,348
SYN-0000977,Emergency,61,2025-10-19T16:18,2025-10-19T17:22,2025-10-19T22:12,64,354
SYN-0000978,General Medicine,18,2025-10-11T08:04,2025-10-11T08:27,2025-10-11T09:38,23,94
SYN-0000979,Emergency,94,2025-12-10T11:00,2025-12-10T14:40,2025-12-10T16:24,220,324
SYN-0000980,Imaging,46,2025-07-11T13:51,2025-07-11T14:07,2025-07-11T14:30,16,39
SYN-0000981,Orthopedics,69,2025-10-07T20:35,2025-10-07T20:50,2025-10-07T21:29,15,54
SYN-0000982,General Medicine,40,2025-02-11T20:14,2025-02-11T22:37,2025-02-12T00:20,143,246
SYN-0000983,Imaging,84,2025-05-27T21:05,2025-05-27T22:06,2025-05-27T22:22,61,77
SYN-0000984,Orthopedics,39,2025-06-18T16:44,2025-06-18T17:13,2025-06-18T17:51,29,67
SYN-0000985,Emergency,38,2025-01-01T05:01,2025-01-01T06:43,2025-01-01T09:15,102,254
SYN-0000986,Emergency,63,2025-10-18T20:36,2025-10-18T21:56,2025-10-19T05:05,80,509
SYN-0000987,Imaging,84,2025-05-26T20:40,2025-05-26T21:36,2025-05-26T23:06,56,146
SYN-0000988,Emergency,29,2025-02-19T23:10,2025-02-20T02:28,2025-02-20T08:58,198,588
SYN-0000989,General Medicine,62,2025-09-11T11:24,2025-09-11T12:46,2025-09-11T16:21,82,297
SYN-0000990,Orthopedics,69,2025-11-28T03:29,2025-11-28T04:02,2025-11-28T05:21,33,112
SYN-0000991,General Medicine,70,2025-05-08T10:57,2025-05-08T11:08,2025-05-08T12:44,11,107
SYN-0000992,General Medicine,82,2025-02-22T17:02,2025-02-22T17:39,2025-02-22T20:32,37,210
SYN-0000993,Orthopedics,86,2025-07-07T15:31,2025-07-07T16:19,2025-07-07T17:18,48,107
SYN-0000994,General Medicine,66,2025-11-19T09:56,2025-11-19T11:10,2025-11-19T14:37,74,281
SYN-0000995,General Medicine,61,2025-06-27T03:30,2025-06-27T05:43,2025-06-27T09:30,133,360
SYN-0000996,Imaging,79,2025-01-20T21:59,2025-01-20T23:02,2025-01-21T00:32,63,153
SYN-0000997,Emergency,46,2025-10-06T15:41,2025-10-06T16:57,2025-10-06T18:01,76,140
SYN-0000998,Cardiology,84,2025-09-15T02:48,2025-09-15T03:33,2025-09-15T06:03,45,195
SYN-0000999,General Medicine,49,2025-07-11T18:22,2025-07-11T18:34,2025-07-11T22:03,12,221
SYN-0001000,Orthopedics,27,2025-09-07T00:45,2025-09-07T01:01,2025-09-07T03:13,16,148
SYN-0001001,General Medicine,63,2025-08-17T13:19,2025-08-17T14:14,2025-08-17T16:45,55,206
SYN-0001002,Cardiology,42,2025-05-14T02:23,2025-05-14T03:41,2025-05-14T05:34,78,191
SYN-0001003,Imaging,51,2025-06-26T06:14,2025-06-26T06:44,2025-06-26T07:29,30,75
SYN-0001004,Cardiology,63,2025-07-01T19:44,2025-07-01T20:18,2025-07-01T21:54,34,130
SYN-0001005,Cardiology,81,2025-02-27T03:40,2025-02-27T03:58,2025-02-27T05:13,18,93
SYN-0001006,General Medicine,79,2025-01-31T18:36,2025-01-31T18:47,2025-01-31T22:32,11,236
SYN-0001007,Orthopedics,91,2025-12-25T12:16,2025-12-25T13:40,2025-12-25T15:30,84,194
SYN-0001008,Orthopedics,68,2025-07-24T02:00,2025-07-24T03:07,2025-07-24T04:23,67,143
SYN-0001009,Cardiology,85,2025-02-09T10:18,2025-02-09T11:36,2025-02-09T12:53,78,155
SYN-0001010,Imaging,82,2025-01-24T17:04,2025-01-24T18:10,2025-01-24T19:34,66,150
SYN-0001011,Orthopedics,33,2025-11-29T22:04,2025-11-29T22:59,2025-11-30T00:13,55,129
SYN-0001012,General Medicine,19,2025-01-07T03:07,2025-01-07T05:14,2025-01-07T07:04,127,237
SYN-0001013,Cardiology,64,2025-08-25T23:24,2025-08-26T00:17,2025-08-26T01:27,53,123
SYN-0001014,General Medicine,48,2025-07-11T09:37,2025-07-11T10:53,2025-07-11T12:10,76,153
SYN-0001015,Orthopedics,41,2025-09-24T10:59,2025-09-24T12:04,2025-09-24T14:01,65,182
SYN-0001016,Imaging,65,2025-11-02T04:10,2025-11-02T05:09,2025-11-02T05:50,59,100
SYN-0001017,Orthopedics,75,2025-07-23T14:52,2025-07-23T16:46,2025-07-23T18:58,114,246
SYN-0001018,Cardiology,30,2025-06-16T10:29,2025-06-16T11:47,2025-06-16T13:05,78,156
SYN-0001019,Orthopedics,66,2025-11-11T17:34,2025-11-11T19:21,2025-11-11T20:51,107,197
SYN-0001020,Cardiology,19,2025-12-11T10:02,2025-12-11T10:25,2025-12-11T11:48,23,106
SYN-0001021,Cardiology,84,2025-04-08T22:03,2025-04-08T23:01,2025-04-09T01:53,58,230
SYN-0001022,General Medicine,56,2025-12-21T08:18,2025-12-21T09:48,2025-12-21T13:39,90,321
SYN-0001023,Orthopedics,68,2025-02-04T17:46,2025-02-04T19:02,2025-02-04T21:57,76,251
SYN-0001024,Emergency,45,2025-02-13T17:12,2025-02-13T20:18,2025-02-13T22:11,186,299
SYN-0001025,Orthopedics,60,2025-11-24T13:46,2025-11-24T14:51,2025-11-24T15:45,65,119
SYN-0001026,Orthopedics,62,2025-07-07T15:53,2025-07-07T16:44,2025-07-07T18:46,51,173
SYN-0001027,Emergency,95,2025-09-13T15:45,2025-09-13T17:40,2025-09-13T19:12,115,207
SYN-0001028,Cardiology,63,2025-07-27T05:53,2025-07-27T07:11,2025-07-27T08:40,78,167
SYN-0001029,Orthopedics,75,2025-12-21T23:34,2025-12-22T01:05,2025-12-22T03:45,91,251
SYN-0001030,Emergency,77,2025-07-28T15:21,2025-07-28T17:08,2025-07-28T22:52,107,451
SYN-0001031,Cardiology,91,2025-11-04T03:46,2025-11-04T04:12,2025-11-04T06:23,26,157
SYN-0001032,Imaging,61,2025-04-28T23:08,2025-04-28T23:22,2025-04-28T23:47,14,39
SYN-0001033,Cardiology,52,2025-08-01T03:49,2025-08-01T04:34,2025-08-01T06:40,45,171
SYN-0001034,General Medicine,64,2025-11-20T23:09,2025-11-21T01:00,2025-11-21T02:39,111,210
SYN-0001035,General Medicine,39,2025-10-29T10:58,2025-10-29T13:21,2025-10-29T15:46,143,288
SYN-0001036,Cardiology,50,2025-06-20T20:24,2025-06-20T20:31,2025-06-20T21:48,7,84
SYN-0001037,Emergency,31,2025-10-17T02:52,2025-10-17T03:55,2025-10-17T05:50,63,178
SYN-0001038,Emergency,88,2025-12-11T13:31,2025-12-11T13:57,2025-12-11T21:56,26,505
SYN-0001039,Emergency,85,2025-10-17T02:17,2025-10-17T02:33,2025-10-17T09:37,16,440
SYN-0001040,Emergency,28,2025-04-24T01:36,2025-04-24T02:12,2025-04-24T04:56,36,200
SYN-0001041,Imaging,54,2025-06-30T03:34,2025-06-30T04:18,2025-06-30T05:02,44,88
SYN-0001042,Imaging,21,2025-05-05T05:35,2025-05-05T05:56,2025-05-05T06:27,21,52
SYN-0001043,Emergency,78,2025-08-25T19:18,2025-08-25T22:17,2025-08-26T01:49,179,391
SYN-0001044,Imaging,35,2025-11-20T22:13,2025-11-20T23:27,2025-11-21T00:16,74,123
SYN-0001045,General Medicine,90,2025-11-29T10:40,2025-11-29T11:35,2025-11-29T14:36,55,236
SYN-0001046,Imaging,62,2025-08-14T11:43,2025-08-14T12:55,2025-08-14T14:18,72,155
SYN-0001047,Imaging,74,2025-03-07T05:04,2025-03-07T06:18,2025-03-07T07:02,74,118
SYN-0001048,Orthopedics,37,2025-07-09T04:27,2025-07-09T05:18,2025-07-09T07:33,51,186
SYN-0001049,Orthopedics,62,2025-04-10T06:01,2025-04-10T06:07,2025-04-10T06:37,6,36
SYN-0001050,Orthopedics,80,2025-01-07T01:21,2025-01-07T02:26,2025-01-07T05:12,65,231
SYN-0001051,Imaging,55,2025-11-10T10:24,2025-11-10T11:07,2025-11-10T11:23,43,59
SYN-0001052,General Medicine,88,2025-01-06T06:08,2025-01-06T07:17,2025-01-06T11:10,69,302
SYN-0001053,Orthopedics,68,2025-11-15T06:59,2025-11-15T07:28,2025-11-15T09:43,29,164
SYN-0001054,Cardiology,46,2025-10-03T12:17,2025-10-03T12:42,2025-10-03T15:06,25,169
SYN-0001055,Orthopedics,84,2025-06-24T10:38,2025-06-24T10:53,2025-06-24T13:11,15,153
SYN-0001056,General Medicine,70,2025-07-15T18:00,2025-07-15T19:19,2025-07-15T21:01,79,181
SYN-0001057,Cardiology,55,2025-04-10T11:40,2025-04-10T11:53,2025-04-10T13:24,13,104
SYN-0001058,Emergency,52,2025-11-26T16:40,2025-11-26T19:33,2025-11-26T23:56,173,436
SYN-0001059,General Medicine,20,2025-08-22T11:39,2025-08-22T13:54,2025-08-22T15:12,135,213
SYN-0001060,Cardiology,31,2025-05-16T09:29,2025-05-16T09:40,2025-05-16T10:30,11,61
SYN-0001061,Orthopedics,19,2025-11-16T05:53,2025-11-16T06:32,2025-11-16T07:34,39,101
SYN-0001062,Cardiology,81,2025-01-11T17:20,2025-01-11T17:36,2025-01-11T18:59,16,99
SYN-0001063,Cardiology,81,2025-08-15T21:11,2025-08-15T21:59,2025-08-16T00:31,48,200
SYN-0001064,Orthopedics,28,2025-08-29T11:30,2025-08-29T12:34,2025-08-29T13:12,64,102
SYN-0001065,Cardiology,27,2025-10-13T18:04,2025-10-13T18:16,2025-10-13T20:09,12,125
SYN-0001066,General Medicine,50,2025-05-20T22:48,2025-05-21T00:58,2025-05-21T02:14,130,206
SYN-0001067,Imaging,67,2025-07-01T06:55,2025-07-01T07:01,2025-07-01T07:31,6,36
SYN-0001068,Imaging,76,2025-05-26T00:55,2025-05-26T01:31,2025-05-26T01:50,36,55
SYN-0001069,Emergency,78,2025-06-01T18:52,2025-06-01T21:15,2025-06-02T03:25,143,513
SYN-0001070,Imaging,23,2025-04-26T11:56,2025-04-26T12:40,2025-04-26T13:36,44,100
SYN-0001071,General Medicine,79,2025-07-04T10:57,2025-07-04T13:20,2025-07-04T14:21,143,204
SYN-0001072,Orthopedics,45,2025-02-07T22:17,2025-02-07T22:47,2025-02-08T00:49,30,152
SYN-0001073,Emergency,59,2025-11-13T03:31,2025-11-13T04:41,2025-11-13T10:35,70,424
SYN-0001074,Emergency,92,2025-07-21T01:11,2025-07-21T02:03,2025-07-21T09:19,52,488
SYN-0001075,Emergency,19,2025-06-27T00:17,2025-06-27T02:08,2025-06-27T09:22,111,545
SYN-0001076,Emergency,94,2025-12-13T01:57,2025-12-13T04:35,2025-12-13T11:46,158,589
SYN-0001077,Cardiology,38,2025-07-01T02:44,2025-07-01T03:36,2025-07-01T04:43,52,119
SYN-0001078,Imaging,25,2025-02-13T17:29,2025-02-13T17:45,2025-02-13T18:43,16,74
SYN-0001079,Orthopedics,34,2025-03-20T04:48,2025-03-20T06:15,2025-03-20T07:24,87,156
SYN-0001080,Imaging,74,2025-09-10T21:49,2025-09-10T22:23,2025-09-10T23:18,34,89
SYN-0001081,Cardiology,35,2025-09-18T19:25,2025-09-18T19:32,2025-09-18T21:53,7,148
SYN-0001082,Orthopedics,74,2025-12-20T09:16,2025-12-20T11:16,2025-12-20T11:56,120,160
SYN-0001083,General Medicine,42,2025-12-23T20:58,2025-12-23T22:23,2025-12-24T01:11,85,253
SYN-0001084,General Medicine,59,2025-09-11T03:52,2025-09-11T04:49,2025-09-11T07:38,57,226
SYN-0001085,Imaging,26,2025-04-27T18:12,2025-04-27T18:52,2025-04-27T20:17,40,125
SYN-0001086,General Medicine,51,2025-08-04T07:15,2025-08-04T08:04,2025-08-04T10:29,49,194
SYN-0001087,General Medicine,82,2025-01-01T12:34,2025-01-01T14:17,2025-01-01T16:43,103,249
SYN-0001088,Imaging,48,2025-09-23T02:40,2025-09-23T03:08,2025-09-23T03:25,28,45
SYN-0001089,Orthopedics,42,2025-10-10T03:53,2025-10-10T05:30,2025-10-10T06:16,97,143
SYN-0001090,General Medicine,54,2025-04-23T05:38,2025-04-23T07:55,2025-04-23T11:41,137,363
SYN-0001091,Orthopedics,30,2025-03-22T10:30,2025-03-22T11:27,2025-03-22T13:19,57,169
SYN-0001092,General Medicine,40,2025-04-05T11:58,2025-04-05T12:25,2025-04-05T13:06,27,68
SYN-0001093,Emergency,42,2025-12-20T10:27,2025-12-20T11:28,2025-12-20T12:52,61,145
SYN-0001094,Emergency,80,2025-10-10T23:15,2025-10-10T23:33,2025-10-11T04:55,18,340
SYN-0001095,General Medicine,46,2025-09-24T18:30,2025-09-24T19:45,2025-09-24T20:27,75,117
SYN-0001096,General Medicine,80,2025-06-01T23:57,2025-06-02T00:25,2025-06-02T00:58,28,61
SYN-0001097,Emergency,64,2025-02-14T04:48,2025-02-14T06:57,2025-02-14T14:17,129,569
SYN-0001098,General Medicine,25,2025-09-26T17:56,2025-09-26T19:52,2025-09-26T23:52,116,356
SYN-0001099,General Medicine,27,2025-01-30T14:27,2025-01-30T15:45,2025-01-30T18:30,78,243
SYN-0001100,Orthopedics,30,2025-03-12T17:16,2025-03-12T17:30,2025-03-12T18:55,14,99
SYN-0001101,Cardiology,42,2025-05-18T23:03,2025-05-19T00:16,2025-05-19T02:39,73,216
SYN-0001102,General Medicine,89,2025-05-11T06:28,2025-05-11T07:41,2025-05-11T10:36,73,248
SYN-0001103,General Medicine,91,2025-03-18T19:59,2025-03-18T21:55,2025-03-19T01:36,116,337
SYN-0001104,Orthopedics,31,2025-11-07T23:40,2025-11-08T01:11,2025-11-08T03:38,91,238
SYN-0001105,Cardiology,38,2025-09-03T18:27,2025-09-03T18:55,2025-09-03T21:22,28,175
SYN-0001106,General Medicine,88,2025-08-18T11:43,2025-08-18T13:46,2025-08-18T15:46,123,243
SYN-0001107,Orthopedics,73,2025-10-28T06:13,2025-10-28T08:06,2025-10-28T10:11,113,238
SYN-0001108,Orthopedics,66,2025-06-05T18:39,2025-06-05T20:01,2025-06-05T21:32,82,173
SYN-0001109,General Medicine,75,2025-11-26T10:19,2025-11-26T11:34,2025-11-26T13:36,75,197
SYN-0001110,Imaging,94,2025-07-27T03:41,2025-07-27T03:46,2025-07-27T04:05,5,24
SYN-0001111,Emergency,18,2025-08-08T19:03,2025-08-08T21:25,2025-08-08T23:04,142,241
SYN-0001112,Orthopedics,20,2025-08-18T07:21,2025-08-18T07:54,2025-08-18T09:18,33,117
SYN-0001113,Orthopedics,30,2025-04-23T15:50,2025-04-23T17:05,2025-04-23T19:45,75,235
SYN-0001114,Emergency,35,2025-04-24T16:10,2025-04-24T18:17,2025-04-24T21:49,127,339
SYN-0001115,Orthopedics,47,2025-07-01T22:33,2025-07-01T23:24,2025-07-02T02:23,51,230
SYN-0001116,Orthopedics,91,2025-03-08T22:09,2025-03-08T23:57,2025-03-09T01:43,108,214
SYN-0001117,Imaging,79,2025-08-25T10:24,2025-08-25T10:56,2025-08-25T11:20,32,56
SYN-0001118,Cardiology,22,2025-08-07T17:45,2025-08-07T18:52,2025-08-07T20:01,67,136
SYN-0001119,General Medicine,60,2025-02-10T17:19,2025-02-10T19:06,2025-02-10T19:56,107,157
SYN-0001120,Orthopedics,33,2025-10-31T07:14,2025-10-31T09:11,2025-10-31T11:32,117,258
SYN-0001121,Cardiology,24,2025-10-06T12:26,2025-10-06T13:54,2025-10-06T14:41,88,135
SYN-0001122,Orthopedics,87,2025-08-21T12:27,2025-08-21T13:39,2025-08-21T14:19,72,112
SYN-0001123,General Medicine,37,2025-06-10T18:42,2025-06-10T19:30,2025-06-10T21:23,48,161
SYN-0001124,Emergency,75,2025-10-14T02:07,2025-10-14T05:09,2025-10-14T11:53,182,586
SYN-0001125,General Medicine,73,2025-06-11T17:13,2025-06-11T19:32,2025-06-11T20:25,139,192
SYN-0001126,Orthopedics,34,2025-04-18T18:42,2025-04-18T20:27,2025-04-18T22:37,105,235
SYN-0001127,Orthopedics,88,2025-02-05T21:46,2025-02-05T22:01,2025-02-06T00:32,15,166
SYN-0001128,Imaging,82,2025-10-18T04:45,2025-10-18T05:23,2025-10-18T05:48,38,63
SYN-0001129,Imaging,89,2025-12-17T04:43,2025-12-17T05:04,2025-12-17T05:36,21,53
SYN-0001130,Cardiology,89,2025-05-23T19:05,2025-05-23T20:12,2025-05-23T22:38,67,213
SYN-0001131,General Medicine,27,2025-06-26T10:45,2025-06-26T13:09,2025-06-26T14:42,144,237
SYN-0001132,Orthopedics,91,2025-08-24T12:01,2025-08-24T13:45,2025-08-24T16:05,104,244
SYN-0001133,Emergency,72,2025-10-29T03:52,2025-10-29T04:30,2025-10-29T10:43,38,411
SYN-0001134,Orthopedics,62,2025-08-22T13:18,2025-08-22T14:07,2025-08-22T15:25,49,127
SYN-0001135,General Medicine,39,2025-08-10T23:05,2025-08-10T23:21,2025-08-11T03:08,16,243
SYN-0001136,Orthopedics,74,2025-04-17T04:21,2025-04-17T05:44,2025-04-17T08:07,83,226
SYN-0001137,Emergency,65,2025-05-26T09:45,2025-05-26T13:24,2025-05-26T15:53,219,368
SYN-0001138,Cardiology,49,2025-02-09T17:07,2025-02-09T17:22,2025-02-09T18:35,15,88
SYN-0001139,General Medicine,19,2025-07-29T11:39,2025-07-29T12:26,2025-07-29T16:25,47,286
SYN-0001140,Orthopedics,75,2025-08-11T04:19,2025-08-11T05:52,2025-08-11T06:50,93,151
SYN-0001141,Imaging,86,2025-06-02T04:42,2025-06-02T04:49,2025-06-02T05:46,7,64
SYN-0001142,Cardiology,88,2025-07-08T08:22,2025-07-08T08:53,2025-07-08T11:51,31,209
SYN-0001143,Imaging,92,2025-10-02T05:40,2025-10-02T06:03,2025-10-02T06:20,23,40
SYN-0001144,General Medicine,25,2025-05-05T00:33,2025-05-05T00:54,2025-05-05T02:29,21,116
SYN-0001145,Orthopedics,77,2025-02-08T15:43,2025-02-08T16:13,2025-02-08T17:52,30,129
SYN-0001146,Emergency,64,2025-07-17T13:29,2025-07-17T13:56,2025-07-17T17:44,27,255
SYN-0001147,Emergency,47,2025-10-09T10:58,2025-10-09T11:12,2025-10-09T14:11,14,193
SYN-0001148,Imaging,80,2025-08-18T16:59,2025-08-18T18:09,2025-08-18T18:36,70,97
SYN-0001149,General Medicine,43,2025-05-16T17:52,2025-05-16T20:18,2025-05-16T21:10,146,198
SYN-0001150,General Medicine,23,2025-01-16T15:32,2025-01-16T17:39,2025-01-16T20:32,127,300
SYN-0001151,Cardiology,80,2025-08-31T21:33,2025-08-31T22:45,2025-09-01T00:48,72,195
SYN-0001152,Imaging,63,2025-09-10T12:25,2025-09-10T12:50,2025-09-10T13:07,25,42
SYN-0001153,Orthopedics,82,2025-06-21T23:58,2025-06-22T01:23,2025-06-22T03:10,85,192
SYN-0001154,Orthopedics,67,2025-07-07T15:16,2025-07-07T17:04,2025-07-07T17:49,108,153
SYN-0001155,Emergency,37,2025-06-14T06:20,2025-06-14T08:52,2025-06-14T11:45,152,325
SYN-0001156,Orthopedics,29,2025-04-10T22:48,2025-04-11T00:47,2025-04-11T02:57,119,249
SYN-0001157,Imaging,48,2025-10-31T21:25,2025-10-31T22:36,2025-10-31T23:20,71,115
SYN-0001158,General Medicine,95,2025-08-16T11:17,2025-08-16T12:06,2025-08-16T14:25,49,188
SYN-0001159,Orthopedics,44,2025-04-06T22:53,2025-04-06T23:55,2025-04-07T02:43,62,230
SYN-0001160,Cardiology,57,2025-04-11T13:38,2025-04-11T14:57,2025-04-11T16:33,79,175
SYN-0001161,General Medicine,90,2025-04-16T16:43,2025-04-16T17:27,2025-04-16T19:47,44,184
SYN-0001162,Cardiology,41,2025-03-28T04:58,2025-03-28T05:43,2025-03-28T06:45,45,107
SYN-0001163,Orthopedics,58,2025-01-22T11:15,2025-01-22T13:07,2025-01-22T14:14,112,179
SYN-0001164,Imaging,53,2025-11-19T14:03,2025-11-19T15:00,2025-11-19T15:53,57,110
SYN-0001165,Cardiology,41,2025-04-06T18:55,2025-04-06T19:24,2025-04-06T20:36,29,101
SYN-0001166,Emergency,95,2025-07-14T07:45,2025-07-14T11:10,2025-07-14T16:53,205,548
SYN-0001167,General Medicine,47,2025-06-19T01:41,2025-06-19T02:50,2025-06-19T05:52,69,251
SYN-0001168,Emergency,35,2025-12-14T01:13,2025-12-14T02:54,2025-12-14T04:04,101,171
SYN-0001169,General Medicine,41,2025-09-30T07:24,2025-09-30T09:34,2025-09-30T13:06,130,342
SYN-0001170,Imaging,38,2025-04-11T03:12,2025-04-11T04:19,2025-04-11T05:34,67,142
SYN-0001171,Cardiology,19,2025-10-25T12:36,2025-10-25T13:09,2025-10-25T14:02,33,86
SYN-0001172,Orthopedics,44,2025-05-28T16:46,2025-05-28T17:43,2025-05-28T19:09,57,143
SYN-0001173,Emergency,59,2025-12-23T18:22,2025-12-23T19:17,2025-12-23T23:31,55,309
SYN-0001174,Imaging,23,2025-10-22T19:33,2025-10-22T20:09,2025-10-22T21:18,36,105
SYN-0001175,General Medicine,68,2025-08-16T20:16,2025-08-16T22:03,2025-08-17T01:37,107,321
SYN-0001176,General Medicine,84,2025-01-29T01:02,2025-01-29T03:29,2025-01-29T06:13,147,311
SYN-0001177,Emergency,49,2025-01-31T21:16,2025-01-31T23:21,2025-02-01T03:44,125,388
SYN-0001178,General Medicine,89,2025-01-29T13:58,2025-01-29T16:25,2025-01-29T18:36,147,278
SYN-0001179,Imaging,55,2025-05-19T05:52,2025-05-19T07:03,2025-05-19T07:24,71,92
SYN-0001180,Imaging,77,2025-07-28T04:43,2025-07-28T05:38,2025-07-28T06:31,55,108
SYN-0001181,Cardiology,84,2025-02-09T17:16,2025-02-09T18:15,2025-02-09T20:15,59,179
SYN-0001182,Cardiology,82,2025-03-07T20:34,2025-03-07T21:38,2025-03-08T00:18,64,224
SYN-0001183,Emergency,68,2025-04-09T12:39,2025-04-09T13:35,2025-04-09T20:43,56,484
SYN-0001184,Imaging,40,2025-01-19T03:22,2025-01-19T04:08,2025-01-19T05:20,46,118
SYN-0001185,Imaging,50,2025-03-07T16:00,2025-03-07T16:30,2025-03-07T17:43,30,103
SYN-0001186,Orthopedics,29,2025-03-31T23:05,2025-04-01T00:38,2025-04-01T01:49,93,164
SYN-0001187,Emergency,28,2025-09-22T06:53,2025-09-22T10:03,2025-09-22T14:23,190,450
SYN-0001188,General Medicine,66,2025-04-27T10:26,2025-04-27T12:14,2025-04-27T15:50,108,324
SYN-0001189,General Medicine,60,2025-05-05T10:25,2025-05-05T12:12,2025-05-05T12:53,107,148
SYN-0001190,General Medicine,40,2025-04-16T07:11,2025-04-16T07:59,2025-04-16T09:10,48,119
SYN-0001191,Emergency,75,2025-08-14T09:13,2025-08-14T11:10,2025-08-14T14:17,117,304
SYN-0001192,Orthopedics,34,2025-03-27T14:24,2025-03-27T15:49,2025-03-27T17:05,85,161
SYN-0001193,Cardiology,76,2025-01-09T21:20,2025-01-09T21:25,2025-01-09T23:14,5,114
SYN-0001194,Imaging,95,2025-01-05T04:29,2025-01-05T05:37,2025-01-05T07:01,68,152
SYN-0001195,Imaging,76,2025-12-13T09:40,2025-12-13T10:15,2025-12-13T10:57,35,77
SYN-0001196,Imaging,49,2025-01-05T18:52,2025-01-05T19:53,2025-01-05T20:18,61,86
SYN-0001197,General Medicine,24,2025-06-01T04:43,2025-06-01T06:04,2025-06-01T09:12,81,269
SYN-0001198,Cardiology,22,2025-09-12T03:33,2025-09-12T03:56,2025-09-12T04:55,23,82
SYN-0001199,Cardiology,29,2025-08-30T02:35,2025-08-30T02:44,2025-08-30T04:45,9,130
SYN-0001200,Emergency,38,2025-05-10T19:06,2025-05-10T19:43,2025-05-10T23:46,37,280
SYN-0001201,Orthopedics,76,2025-05-10T04:37,2025-05-10T06:00,2025-05-10T08:56,83,259
SYN-0001202,General Medicine,56,2025-03-09T19:29,2025-03-09T21:11,2025-03-09T21:50,102,141
SYN-0001203,Orthopedics,72,2025-02-19T06:33,2025-02-19T07:25,2025-02-19T09:32,52,179
SYN-0001204,General Medicine,35,2025-12-09T20:07,2025-12-09T20:33,2025-12-09T22:17,26,130
SYN-0001205,Emergency,60,2025-07-19T19:48,2025-07-19T22:55,2025-07-20T06:45,187,657
SYN-0001206,General Medicine,44,2025-06-02T19:18,2025-06-02T21:13,2025-06-02T23:57,115,279
SYN-0001207,General Medicine,79,2025-03-05T20:08,2025-03-05T20:32,2025-03-05T21:29,24,81
SYN-0001208,General Medicine,51,2025-08-19T11:02,2025-08-19T12:25,2025-08-19T14:44,83,222
SYN-0001209,General Medicine,84,2025-12-28T11:09,2025-12-28T12:49,2025-12-28T13:52,100,163
SYN-0001210,Imaging,55,2025-06-19T11:06,2025-06-19T12:14,2025-06-19T12:52,68,106
SYN-0001211,Cardiology,77,2025-01-18T11:11,2025-01-18T11:16,2025-01-18T12:31,5,80
SYN-0001212,Emergency,71,2025-05-31T23:22,2025-06-01T02:40,2025-06-01T10:24,198,662
SYN-0001213,Imaging,89,2025-09-12T14:34,2025-09-12T14:44,2025-09-12T15:41,10,67
SYN-0001214,Cardiology,50,2025-07-25T01:47,2025-07-25T01:53,2025-07-25T03:29,6,102
SYN-0001215,Emergency,18,2025-08-24T20:58,2025-08-24T22:26,2025-08-25T01:29,88,271
SYN-0001216,Emergency,68,2025-09-06T13:43,2025-09-06T16:48,2025-09-06T20:08,185,385
SYN-0001217,General Medicine,60,2025-05-22T06:40,2025-05-22T06:57,2025-05-22T08:11,17,91
SYN-0001218,Orthopedics,22,2025-12-12T12:29,2025-12-12T14:00,2025-12-12T16:32,91,243
SYN-0001219,Cardiology,86,2025-12-02T09:52,2025-12-02T10:58,2025-12-02T12:22,66,150
SYN-0001220,Orthopedics,84,2025-02-10T19:03,2025-02-10T20:07,2025-02-10T22:22,64,199
SYN-0001221,Orthopedics,44,2025-01-14T15:07,2025-01-14T16:24,2025-01-14T18:14,77,187
SYN-0001222,General Medicine,26,2025-09-15T11:31,2025-09-15T13:05,2025-09-15T16:59,94,328
SYN-0001223,Cardiology,66,2025-09-04T23:07,2025-09-04T23:47,2025-09-05T00:39,40,92
SYN-0001224,General Medicine,41,2025-10-11T16:09,2025-10-11T17:01,2025-10-11T19:57,52,228
SYN-0001225,General Medicine,58,2025-08-13T11:36,2025-08-13T12:15,2025-08-13T16:05,39,269
SYN-0001226,Emergency,81,2025-03-05T04:54,2025-03-05T06:13,2025-03-05T10:14,79,320
SYN-0001227,Cardiology,45,2025-08-09T08:49,2025-08-09T09:41,2025-08-09T12:21,52,212
SYN-0001228,General Medicine,65,2025-03-23T17:23,2025-03-23T18:50,2025-03-23T20:04,87,161
SYN-0001229,Emergency,74,2025-03-09T10:22,2025-03-09T13:51,2025-03-09T16:04,209,342
SYN-0001230,General Medicine,82,2025-12-18T11:09,2025-12-18T11:25,2025-12-18T15:19,16,250
SYN-0001231,Cardiology,85,2025-12-19T01:17,2025-12-19T01:46,2025-12-19T03:58,29,161
SYN-0001232,Orthopedics,30,2025-04-15T08:15,2025-04-15T09:59,2025-04-15T11:52,104,217
SYN-0001233,General Medicine,76,2025-01-27T14:48,2025-01-27T15:31,2025-01-27T16:53,43,125
SYN-0001234,Imaging,57,2025-01-03T23:49,2025-01-04T01:00,2025-01-04T01:29,71,100
SYN-0001235,Emergency,60,2025-03-05T09:45,2025-03-05T12:50,2025-03-05T20:34,185,649
SYN-0001236,Imaging,20,2025-08-16T12:59,2025-08-16T13:09,2025-08-16T13:37,10,38
SYN-0001237,General Medicine,59,2025-06-02T19:19,2025-06-02T20:48,2025-06-03T00:01,89,282
SYN-0001238,Cardiology,86,2025-07-21T10:48,2025-07-21T11:17,2025-07-21T13:15,29,147
SYN-0001239,Orthopedics,52,2025-03-27T16:05,2025-03-27T17:48,2025-03-27T20:10,103,245
SYN-0001240,Cardiology,19,2025-03-25T08:20,2025-03-25T08:45,2025-03-25T10:40,25,140
SYN-0001241,General Medicine,87,2025-05-31T10:12,2025-05-31T12:33,2025-05-31T13:29,141,197
SYN-0001242,Orthopedics,36,2025-07-17T08:58,2025-07-17T10:13,2025-07-17T12:04,75,186
SYN-0001243,Orthopedics,27,2025-05-05T17:14,2025-05-05T18:32,2025-05-05T20:04,78,170
SYN-0001244,Orthopedics,24,2025-11-20T01:18,2025-11-20T02:41,2025-11-20T04:37,83,199
SYN-0001245,Cardiology,31,2025-02-06T17:46,2025-02-06T17:54,2025-02-06T20:39,8,173
SYN-0001246,Imaging,68,2025-11-07T13:01,2025-11-07T13:12,2025-11-07T13:38,11,37
SYN-0001247,Cardiology,57,2025-09-16T22:59,2025-09-17T00:20,2025-09-17T02:59,81,240
SYN-0001248,Orthopedics,77,2025-02-27T04:41,2025-02-27T06:30,2025-02-27T07:50,109,189
SYN-0001249,General Medicine,30,2025-12-07T23:42,2025-12-08T00:25,2025-12-08T01:18,43,96
SYN-0001250,Imaging,47,2025-12-09T15:23,2025-12-09T16:07,2025-12-09T17:21,44,118
SYN-0001251,Cardiology,68,2025-09-22T15:44,2025-09-22T16:07,2025-09-22T17:58,23,134
SYN-0001252,Cardiology,76,2025-08-25T11:36,2025-08-25T13:06,2025-08-25T15:15,90,219
SYN-0001253,Imaging,32,2025-12-13T03:04,2025-12-13T03:12,2025-12-13T03:35,8,31
SYN-0001254,Orthopedics,54,2025-05-05T08:58,2025-05-05T10:04,2025-05-05T12:32,66,214
SYN-0001255,Orthopedics,83,2025-04-03T18:22,2025-04-03T19:44,2025-04-03T22:41,82,259
SYN-0001256,Emergency,59,2025-03-19T21:38,2025-03-19T23:31,2025-03-20T06:59,113,561
SYN-0001257,General Medicine,86,2025-08-08T23:53,2025-08-09T00:21,2025-08-09T04:13,28,260
SYN-0001258,Imaging,48,2025-10-29T01:25,2025-10-29T02:21,2025-10-29T03:51,56,146
SYN-0001259,General Medicine,79,2025-04-26T19:04,2025-04-26T20:16,2025-04-26T23:06,72,242
SYN-0001260,Imaging,93,2025-06-01T15:13,2025-06-01T15:26,2025-06-01T16:24,13,71
SYN-0001261,Imaging,87,2025-09-07T04:23,2025-09-07T05:23,2025-09-07T06:50,60,147
SYN-0001262,Cardiology,32,2025-12-21T08:28,2025-12-21T08:55,2025-12-21T09:59,27,91
SYN-0001263,General Medicine,74,2025-03-13T02:37,2025-03-13T04:45,2025-03-13T06:38,128,241
SYN-0001264,Cardiology,94,2025-02-20T16:28,2025-02-20T17:12,2025-02-20T19:40,44,192
SYN-0001265,Emergency,59,2025-10-03T21:56,2025-10-04T01:01,2025-10-04T08:27,185,631
SYN-0001266,Imaging,35,2025-06-08T11:02,2025-06-08T11:14,2025-06-08T11:40,12,38
SYN-0001267,General Medicine,37,2025-04-17T20:12,2025-04-17T20:22,2025-04-18T00:05,10,233
SYN-0001268,Imaging,91,2025-10-11T23:26,2025-10-12T00:39,2025-10-12T01:31,73,125
SYN-0001269,Imaging,56,2025-08-19T12:56,2025-08-19T13:26,2025-08-19T14:07,30,71
SYN-0001270,General Medicine,29,2025-09-08T16:27,2025-09-08T17:54,2025-09-08T20:15,87,228
SYN-0001271,General Medicine,34,2025-10-22T07:51,2025-10-22T08:03,2025-10-22T11:09,12,198
SYN-0001272,Orthopedics,18,2025-02-08T16:28,2025-02-08T16:40,2025-02-08T18:44,12,136
SYN-0001273,General Medicine,21,2025-07-25T11:57,2025-07-25T13:38,2025-07-25T14:36,101,159
SYN-0001274,Cardiology,66,2025-08-20T15:40,2025-08-20T16:40,2025-08-20T19:05,60,205
SYN-0001275,Imaging,40,2025-06-03T19:16,2025-06-03T20:09,2025-06-03T21:19,53,123
SYN-0001276,Imaging,64,2025-10-08T01:17,2025-10-08T01:39,2025-10-08T02:18,22,61
SYN-0001277,Imaging,35,2025-04-02T10:07,2025-04-02T10:31,2025-04-02T11:22,24,75
SYN-0001278,Emergency,36,2025-01-12T10:30,2025-01-12T10:58,2025-01-12T16:59,28,389
SYN-0001279,Imaging,35,2025-03-03T15:36,2025-03-03T16:36,2025-03-03T17:08,60,92
SYN-0001280,Imaging,76,2025-05-11T22:11,2025-05-11T23:14,2025-05-12T00:23,63,132
SYN-0001281,General Medicine,67,2025-11-24T17:07,2025-11-24T19:05,2025-11-24T21:56,118,289
SYN-0001282,Orthopedics,95,2025-11-06T07:25,2025-11-06T07:58,2025-11-06T09:15,33,110
SYN-0001283,Emergency,82,2025-06-22T09:30,2025-06-22T12:07,2025-06-22T16:52,157,442
SYN-0001284,Orthopedics,22,2025-09-25T05:15,2025-09-25T06:12,2025-09-25T09:01,57,226
SYN-0001285,Emergency,32,2025-09-26T09:22,2025-09-26T11:57,2025-09-26T16:34,155,432
SYN-0001286,General Medicine,36,2025-02-28T07:12,2025-02-28T09:25,2025-02-28T12:51,133,339
SYN-0001287,General Medicine,84,2025-02-26T23:14,2025-02-27T00:35,2025-02-27T03:04,81,230
SYN-0001288,General Medicine,27,2025-12-11T00:41,2025-12-11T01:13,2025-12-11T02:45,32,124
SYN-0001289,General Medicine,61,2025-02-08T10:17,2025-02-08T11:46,2025-02-08T14:52,89,275
SYN-0001290,General Medicine,83,2025-11-27T14:49,2025-11-27T15:01,2025-11-27T17:31,12,162
SYN-0001291,Imaging,55,2025-09-14T23:37,2025-09-15T00:24,2025-09-15T01:32,47,115
SYN-0001292,Orthopedics,90,2025-08-10T10:01,2025-08-10T10:27,2025-08-10T11:06,26,65
SYN-0001293,Orthopedics,91,2025-05-04T02:52,2025-05-04T03:04,2025-05-04T05:35,12,163
SYN-0001294,Emergency,54,2025-01-20T21:04,2025-01-21T00:02,2025-01-21T03:01,178,357
SYN-0001295,Imaging,53,2025-02-25T23:15,2025-02-25T23:30,2025-02-26T00:01,15,46
SYN-0001296,Orthopedics,50,2025-07-20T09:46,2025-07-20T10:07,2025-07-20T11:48,21,122
SYN-0001297,Emergency,93,2025-05-08T03:35,2025-05-08T06:54,2025-05-08T08:21,199,286
SYN-0001298,Cardiology,40,2025-09-27T06:08,2025-09-27T07:37,2025-09-27T10:16,89,248
SYN-0001299,Orthopedics,41,2025-12-20T02:33,2025-12-20T04:18,2025-12-20T05:48,105,195
SYN-0001300,General Medicine,36,2025-03-03T11:01,2025-03-03T11:19,2025-03-03T13:16,18,135
SYN-0001301,General Medicine,67,2025-10-28T16:47,2025-10-28T17:36,2025-10-28T20:12,49,205
SYN-0001302,Cardiology,44,2025-05-02T19:29,2025-05-02T20:58,2025-05-02T23:35,89,246
SYN-0001303,General Medicine,32,2025-07-12T12:38,2025-07-12T14:16,2025-07-12T14:59,98,141
SYN-0001304,Emergency,78,2025-10-18T08:34,2025-10-18T09:26,2025-10-18T13:53,52,319
SYN-0001305,Orthopedics,66,2025-06-20T03:31,2025-06-20T04:36,2025-06-20T07:22,65,231
SYN-0001306,Imaging,85,2025-04-16T16:40,2025-04-16T17:45,2025-04-16T18:33,65,113
SYN-0001307,Imaging,66,2025-11-23T19:42,2025-11-23T19:48,2025-11-23T20:39,6,57
SYN-0001308,Orthopedics,86,2025-03-12T21:33,2025-03-12T22:45,2025-03-12T23:25,72,112
SYN-0001309,Orthopedics,60,2025-07-18T11:51,2025-07-18T13:44,2025-07-18T16:04,113,253
SYN-0001310,Orthopedics,92,2025-07-05T22:27,2025-07-05T23:06,2025-07-06T00:01,39,94
SYN-0001311,Imaging,84,2025-05-22T22:34,2025-05-22T23:38,2025-05-23T00:23,64,109
SYN-0001312,Orthopedics,88,2025-08-17T02:47,2025-08-17T04:18,2025-08-17T05:34,91,167
SYN-0001313,Emergency,19,2025-02-19T11:32,2025-02-19T14:34,2025-02-19T15:08,182,216
SYN-0001314,Imaging,75,2025-03-17T15:54,2025-03-17T16:11,2025-03-17T17:33,17,99
SYN-0001315,Orthopedics,42,2025-07-03T10:12,2025-07-03T10:45,2025-07-03T12:27,33,135
SYN-0001316,Emergency,25,2025-03-08T22:47,2025-03-08T23:03,2025-03-09T04:50,16,363
SYN-0001317,General Medicine,33,2025-03-30T16:26,2025-03-30T17:31,2025-03-30T20:34,65,248
SYN-0001318,Emergency,66,2025-04-05T14:17,2025-04-05T18:06,2025-04-05T23:45,229,568
SYN-0001319,General Medicine,50,2025-05-15T04:13,2025-05-15T05:10,2025-05-15T06:08,57,115
SYN-0001320,Orthopedics,53,2025-11-27T04:30,2025-11-27T05:34,2025-11-27T06:23,64,113
SYN-0001321,Imaging,27,2025-04-28T22:33,2025-04-28T23:19,2025-04-29T00:06,46,93
SYN-0001322,Orthopedics,67,2025-10-06T17:53,2025-10-06T19:37,2025-10-06T20:22,104,149
SYN-0001323,Orthopedics,40,2025-07-12T17:21,2025-07-12T17:33,2025-07-12T19:09,12,108
SYN-0001324,Imaging,68,2025-05-27T02:56,2025-05-27T03:09,2025-05-27T04:26,13,90
SYN-0001325,Cardiology,36,2025-03-20T22:57,2025-03-21T00:24,2025-03-21T03:14,87,257
SYN-0001326,General Medicine,74,2025-03-19T08:50,2025-03-19T10:50,2025-03-19T12:15,120,205
SYN-0001327,Orthopedics,27,2025-02-23T02:21,2025-02-23T02:39,2025-02-23T03:17,18,56
SYN-0001328,General Medicine,20,2025-11-21T16:21,2025-11-21T17:35,2025-11-21T21:23,74,302
SYN-0001329,Imaging,67,2025-01-28T13:13,2025-01-28T13:37,2025-01-28T13:52,24,39
SYN-0001330,Orthopedics,91,2025-10-12T22:59,2025-10-12T23:23,2025-10-13T01:17,24,138
SYN-0001331,Emergency,79,2025-12-24T07:14,2025-12-24T09:35,2025-12-24T16:07,141,533
SYN-0001332,Imaging,18,2025-06-14T10:57,2025-06-14T11:53,2025-06-14T12:16,56,79
SYN-0001333,Imaging,60,2025-09-19T08:33,2025-09-19T09:39,2025-09-19T10:09,66,96
SYN-0001334,Orthopedics,64,2025-03-08T00:31,2025-03-08T01:27,2025-03-08T02:11,56,100
SYN-0001335,General Medicine,55,2025-12-01T16:46,2025-12-01T18:23,2025-12-01T19:13,97,147
SYN-0001336,Cardiology,42,2025-10-07T17:44,2025-10-07T18:11,2025-10-07T19:06,27,82
SYN-0001337,Orthopedics,63,2025-03-19T17:54,2025-03-19T19:28,2025-03-19T21:37,94,223
SYN-0001338,Imaging,35,2025-05-18T23:07,2025-05-18T23:22,2025-05-19T00:33,15,86
SYN-0001339,Emergency,80,2025-06-23T15:49,2025-06-23T16:48,2025-06-23T17:30,59,101
SYN-0001340,Imaging,81,2025-08-13T01:59,2025-08-13T02:12,2025-08-13T03:36,13,97
SYN-0001341,General Medicine,61,2025-01-27T23:22,2025-01-28T01:27,2025-01-28T02:01,125,159
SYN-0001342,Emergency,69,2025-02-01T04:14,2025-02-01T05:50,2025-02-01T13:03,96,529
SYN-0001343,Emergency,86,2025-11-30T18:36,2025-11-30T19:40,2025-12-01T03:03,64,507
SYN-0001344,Cardiology,22,2025-02-22T10:52,2025-02-22T12:11,2025-02-22T13:55,79,183
SYN-0001345,Cardiology,23,2025-12-10T03:09,2025-12-10T04:16,2025-12-10T05:05,67,116
SYN-0001346,Cardiology,40,2025-01-11T11:03,2025-01-11T12:31,2025-01-11T13:49,88,166
SYN-0001347,Emergency,76,2025-03-12T20:18,2025-03-12T21:46,2025-03-13T05:16,88,538
SYN-0001348,General Medicine,31,2025-02-16T13:44,2025-02-16T14:37,2025-02-16T17:38,53,234
SYN-0001349,Emergency,26,2025-06-10T14:47,2025-06-10T17:04,2025-06-10T22:38,137,471
SYN-0001350,Cardiology,59,2025-10-20T17:36,2025-10-20T18:35,2025-10-20T20:46,59,190
SYN-0001351,Emergency,59,2025-04-11T00:00,2025-04-11T03:05,2025-04-11T08:29,185,509
SYN-0001352,Cardiology,26,2025-09-02T07:21,2025-09-02T07:31,2025-09-02T09:00,10,99
SYN-0001353,Emergency,39,2025-10-30T07:20,2025-10-30T08:40,2025-10-30T10:22,80,182
SYN-0001354,Orthopedics,49,2025-11-16T10:09,2025-11-16T11:24,2025-11-16T12:36,75,147
SYN-0001355,General Medicine,66,2025-03-14T19:03,2025-03-14T19:23,2025-03-14T20:27,20,84
SYN-0001356,Cardiology,18,2025-02-28T18:43,2025-02-28T18:50,2025-02-28T21:39,7,176
SYN-0001357,Emergency,71,2025-07-26T14:34,2025-07-26T15:29,2025-07-26T16:44,55,130
SYN-0001358,Imaging,52,2025-04-15T04:38,2025-04-15T04:59,2025-04-15T05:40,21,62
SYN-0001359,General Medicine,40,2025-06-24T05:15,2025-06-24T07:20,2025-06-24T09:35,125,260
SYN-0001360,General Medicine,81,2025-05-12T01:44,2025-05-12T02:03,2025-05-12T05:05,19,201
SYN-0001361,General Medicine,62,2025-08-08T07:50,2025-08-08T08:22,2025-08-08T11:32,32,222
SYN-0001362,Imaging,42,2025-06-21T14:05,2025-06-21T14:10,2025-06-21T15:36,5,91
SYN-0001363,Emergency,87,2025-09-21T12:41,2025-09-21T15:06,2025-09-21T16:24,145,223
SYN-0001364,General Medicine,53,2025-06-01T12:57,2025-06-01T14:03,2025-06-01T16:31,66,214
SYN-0001365,Emergency,78,2025-04-19T15:45,2025-04-19T16:44,2025-04-19T18:11,59,146
SYN-0001366,Imaging,24,2025-02-01T09:29,2025-02-01T09:56,2025-02-01T10:31,27,62
SYN-0001367,Orthopedics,50,2025-11-13T12:26,2025-11-13T13:07,2025-11-13T14:30,41,124
SYN-0001368,Orthopedics,31,2025-02-01T13:01,2025-02-01T14:24,2025-02-01T16:50,83,229
SYN-0001369,Emergency,21,2025-04-26T02:02,2025-04-26T04:29,2025-04-26T06:29,147,267
SYN-0001370,Imaging,48,2025-02-21T14:21,2025-02-21T15:31,2025-02-21T16:00,70,99
SYN-0001371,Imaging,59,2025-05-25T17:25,2025-05-25T18:11,2025-05-25T19:19,46,114
SYN-0001372,Cardiology,30,2025-06-15T20:46,2025-06-15T21:05,2025-06-15T23:13,19,147
SYN-0001373,Cardiology,46,2025-10-01T10:54,2025-10-01T11:51,2025-10-01T13:27,57,153
SYN-0001374,Emergency,24,2025-12-19T17:38,2025-12-19T19:48,2025-12-20T01:17,130,459
SYN-0001375,Imaging,40,2025-11-28T07:32,2025-11-28T07:55,2025-11-28T08:37,23,65
SYN-0001376,Imaging,42,2025-11-30T07:35,2025-11-30T08:27,2025-11-30T08:59,52,84
SYN-0001377,Orthopedics,34,2025-09-02T14:07,2025-09-02T14:46,2025-09-02T16:07,39,120
SYN-0001378,Emergency,53,2025-02-13T10:29,2025-02-13T13:36,2025-02-13T18:57,187,508
SYN-0001379,Cardiology,71,2025-11-30T22:14,2025-11-30T22:33,2025-12-01T01:17,19,183
SYN-0001380,Cardiology,95,2025-08-03T22:19,2025-08-03T23:07,2025-08-04T00:48,48,149
SYN-0001381,Cardiology,29,2025-06-17T06:20,2025-06-17T07:46,2025-06-17T09:14,86,174
SYN-0001382,Imaging,93,2025-06-07T14:36,2025-06-07T15:47,2025-06-07T17:04,71,148
SYN-0001383,Imaging,72,2025-01-11T13:28,2025-01-11T14:32,2025-01-11T15:22,64,114
SYN-0001384,Cardiology,92,2025-11-13T05:02,2025-11-13T05:38,2025-11-13T07:46,36,164
SYN-0001385,Cardiology,71,2025-01-04T16:44,2025-01-04T18:04,2025-01-04T19:27,80,163
SYN-0001386,Emergency,72,2025-01-25T11:33,2025-01-25T11:53,2025-01-25T16:23,20,290
SYN-0001387,General Medicine,75,2025-03-13T08:39,2025-03-13T10:29,2025-03-13T13:01,110,262
SYN-0001388,Imaging,70,2025-01-10T01:06,2025-01-10T01:41,2025-01-10T02:06,35,60
SYN-0001389,Cardiology,48,2025-08-04T09:18,2025-08-04T09:39,2025-08-04T11:55,21,157
SYN-0001390,Emergency,38,2025-08-10T23:24,2025-08-10T23:38,2025-08-11T04:13,14,289
SYN-0001391,Imaging,35,2025-12-04T16:48,2025-12-04T16:56,2025-12-04T18:09,8,81
SYN-0001392,Imaging,18,2025-12-05T02:09,2025-12-05T02:37,2025-12-05T03:39,28,90
SYN-0001393,Emergency,85,2025-08-31T09:57,2025-08-31T11:45,2025-08-31T18:08,108,491
SYN-0001394,Emergency,87,2025-07-16T10:54,2025-07-16T12:19,2025-07-16T16:27,85,333
SYN-0001395,General Medicine,60,2025-02-28T22:51,2025-02-28T23:54,2025-03-01T03:45,63,294
SYN-0001396,Emergency,24,2025-09-23T01:11,2025-09-23T03:32,2025-09-23T09:47,141,516
SYN-0001397,Emergency,23,2025-12-05T20:37,2025-12-05T22:25,2025-12-06T02:02,108,325
SYN-0001398,Orthopedics,89,2025-02-18T19:00,2025-02-18T19:51,2025-02-18T21:05,51,125
SYN-0001399,Cardiology,87,2025-06-23T18:24,2025-06-23T18:46,2025-06-23T20:56,22,152
SYN-0001400,Emergency,46,2025-06-02T18:24,2025-06-02T21:20,2025-06-03T01:54,176,450
SYN-0001401,Orthopedics,53,2025-11-04T23:13,2025-11-05T00:03,2025-11-05T01:41,50,148
SYN-0001402,Emergency,75,2025-09-09T09:16,2025-09-09T09:42,2025-09-09T13:22,26,246
SYN-0001403,Imaging,78,2025-03-31T08:30,2025-03-31T09:39,2025-03-31T11:01,69,151
SYN-0001404,General Medicine,65,2025-11-26T02:53,2025-11-26T05:19,2025-11-26T07:03,146,250
SYN-0001405,Emergency,28,2025-03-05T13:49,2025-03-05T14:47,2025-03-05T19:11,58,322
SYN-0001406,Imaging,31,2025-02-26T00:45,2025-02-26T01:12,2025-02-26T02:03,27,78
SYN-0001407,Cardiology,81,2025-04-18T17:41,2025-04-18T18:21,2025-04-18T19:34,40,113
SYN-0001408,Cardiology,55,2025-01-17T12:32,2025-01-17T13:03,2025-01-17T16:01,31,209
SYN-0001409,Imaging,62,2025-12-12T02:05,2025-12-12T03:19,2025-12-12T03:50,74,105
SYN-0001410,Imaging,42,2025-08-01T06:37,2025-08-01T07:38,2025-08-01T07:55,61,78
SYN-0001411,Emergency,84,2025-06-19T04:13,2025-06-19T04:28,2025-06-19T12:24,15,491
SYN-0001412,Orthopedics,59,2025-09-07T14:43,2025-09-07T15:40,2025-09-07T18:38,57,235
SYN-0001413,Imaging,76,2025-11-21T05:25,2025-11-21T06:37,2025-11-21T08:02,72,157
SYN-0001414,Orthopedics,39,2025-08-12T04:23,2025-08-12T05:40,2025-08-12T06:43,77,140
SYN-0001415,Orthopedics,54,2025-09-28T19:27,2025-09-28T20:01,2025-09-28T22:34,34,187
SYN-0001416,Emergency,76,2025-07-27T01:56,2025-07-27T02:43,2025-07-27T06:13,47,257
SYN-0001417,Cardiology,41,2025-07-27T17:02,2025-07-27T18:26,2025-07-27T19:52,84,170
SYN-0001418,Cardiology,48,2025-04-28T10:07,2025-04-28T11:37,2025-04-28T13:01,90,174
SYN-0001419,Emergency,74,2025-04-03T02:17,2025-04-03T02:37,2025-04-03T05:49,20,212
SYN-0001420,Orthopedics,89,2025-05-30T09:20,2025-05-30T10:12,2025-05-30T11:29,52,129
SYN-0001421,Emergency,36,2025-09-08T09:09,2025-09-08T12:09,2025-09-08T15:21,180,372
SYN-0001422,Orthopedics,86,2025-04-29T09:35,2025-04-29T10:37,2025-04-29T13:25,62,230
SYN-0001423,Orthopedics,81,2025-10-22T14:14,2025-10-22T14:34,2025-10-22T15:10,20,56
SYN-0001424,Cardiology,18,2025-04-24T15:13,2025-04-24T16:16,2025-04-24T18:22,63,189
SYN-0001425,General Medicine,78,2025-08-04T05:13,2025-08-04T07:32,2025-08-04T09:26,139,253
SYN-0001426,Orthopedics,90,2025-04-18T02:28,2025-04-18T04:09,2025-04-18T07:05,101,277
SYN-0001427,Imaging,23,2025-12-15T18:48,2025-12-15T19:36,2025-12-15T20:05,48,77
SYN-0001428,Cardiology,21,2025-08-13T08:07,2025-08-13T09:22,2025-08-13T10:36,75,149
SYN-0001429,Imaging,29,2025-09-18T05:54,2025-09-18T06:27,2025-09-18T07:39,33,105
SYN-0001430,Orthopedics,53,2025-06-11T18:14,2025-06-11T18:26,2025-06-11T19:45,12,91
SYN-0001431,Cardiology,29,2025-11-21T08:56,2025-11-21T09:03,2025-11-21T10:09,7,73
SYN-0001432,General Medicine,58,2025-12-24T03:30,2025-12-24T05:20,2025-12-24T06:39,110,189
SYN-0001433,General Medicine,68,2025-09-20T22:03,2025-09-21T00:23,2025-09-21T01:07,140,184
SYN-0001434,Cardiology,65,2025-10-09T03:48,2025-10-09T04:47,2025-10-09T07:06,59,198
SYN-0001435,Emergency,57,2025-09-13T20:22,2025-09-13T21:44,2025-09-14T01:10,82,288
SYN-0001436,Imaging,71,2025-11-20T11:18,2025-11-20T11:34,2025-11-20T12:16,16,58
SYN-0001437,Imaging,71,2025-11-05T15:00,2025-11-05T15:41,2025-11-05T16:16,41,76
SYN-0001438,Cardiology,44,2025-04-15T14:16,2025-04-15T15:36,2025-04-15T16:43,80,147
SYN-0001439,Orthopedics,26,2025-09-02T05:49,2025-09-02T06:54,2025-09-02T09:38,65,229
SYN-0001440,General Medicine,70,2025-01-05T19:40,2025-01-05T21:26,2025-01-05T22:18,106,158
SYN-0001441,Orthopedics,90,2025-12-03T12:07,2025-12-03T13:05,2025-12-03T14:19,58,132
SYN-0001442,Cardiology,55,2025-10-05T23:54,2025-10-06T00:24,2025-10-06T01:56,30,122
SYN-0001443,General Medicine,92,2025-08-08T21:42,2025-08-08T23:57,2025-08-09T00:37,135,175
SYN-0001444,Orthopedics,46,2025-12-04T11:24,2025-12-04T12:32,2025-12-04T15:25,68,241
SYN-0001445,Emergency,51,2025-04-23T03:45,2025-04-23T07:17,2025-04-23T07:48,212,243
SYN-0001446,Orthopedics,54,2025-04-01T10:08,2025-04-01T11:34,2025-04-01T14:04,86,236
SYN-0001447,Imaging,21,2025-06-28T05:19,2025-06-28T05:46,2025-06-28T07:03,27,104
SYN-0001448,Emergency,26,2025-12-26T00:40,2025-12-26T04:05,2025-12-26T06:56,205,376
SYN-0001449,General Medicine,90,2025-12-16T21:05,2025-12-16T22:47,2025-12-17T01:45,102,280
SYN-0001450,Imaging,65,2025-03-29T01:52,2025-03-29T02:30,2025-03-29T03:45,38,113
SYN-0001451,General Medicine,92,2025-04-29T13:57,2025-04-29T14:11,2025-04-29T15:47,14,110
SYN-0001452,Emergency,35,2025-12-02T17:19,2025-12-02T18:06,2025-12-02T21:19,47,240
SYN-0001453,Orthopedics,64,2025-07-18T13:15,2025-07-18T13:40,2025-07-18T14:23,25,68
SYN-0001454,Imaging,55,2025-07-31T01:36,2025-07-31T02:26,2025-07-31T02:47,50,71
SYN-0001455,General Medicine,41,2025-05-22T03:09,2025-05-22T03:38,2025-05-22T06:19,29,190
SYN-0001456,Emergency,87,2025-05-02T16:54,2025-05-02T19:37,2025-05-03T02:32,163,578
SYN-0001457,Orthopedics,52,2025-08-08T05:37,2025-08-08T07:33,2025-08-08T09:23,116,226
SYN-0001458,Orthopedics,36,2025-09-14T01:10,2025-09-14T01:27,2025-09-14T04:13,17,183
SYN-0001459,Emergency,65,2025-07-24T22:07,2025-07-24T22:52,2025-07-25T03:47,45,340
SYN-0001460,Imaging,31,2025-04-29T17:08,2025-04-29T18:05,2025-04-29T19:03,57,115
SYN-0001461,Cardiology,42,2025-06-11T00:14,2025-06-11T00:38,2025-06-11T03:31,24,197
SYN-0001462,General Medicine,71,2025-03-24T23:42,2025-03-25T02:06,2025-03-25T04:52,144,310
SYN-0001463,Imaging,20,2025-04-06T13:26,2025-04-06T13:40,2025-04-06T14:09,14,43
SYN-0001464,Imaging,35,2025-09-22T00:20,2025-09-22T01:09,2025-09-22T02:03,49,103
SYN-0001465,Imaging,56,2025-05-06T09:32,2025-05-06T10:43,2025-05-06T11:41,71,129
SYN-0001466,Emergency,46,2025-03-28T08:37,2025-03-28T11:57,2025-03-28T19:24,200,647
SYN-0001467,Cardiology,34,2025-08-12T20:41,2025-08-12T21:04,2025-08-12T22:47,23,126
SYN-0001468,Cardiology,32,2025-11-06T08:00,2025-11-06T08:21,2025-11-06T09:26,21,86
SYN-0001469,Emergency,73,2025-12-19T14:58,2025-12-19T15:12,2025-12-19T22:18,14,440
SYN-0001470,Emergency,83,2025-01-24T21:05,2025-01-24T22:05,2025-01-24T23:30,60,145
SYN-0001471,General Medicine,50,2025-03-28T14:18,2025-03-28T14:43,2025-03-28T17:13,25,175
SYN-0001472,Emergency,30,2025-01-08T11:31,2025-01-08T11:57,2025-01-08T15:01,26,210
SYN-0001473,Emergency,41,2025-05-26T15:40,2025-05-26T18:24,2025-05-26T20:39,164,299
SYN-0001474,Orthopedics,53,2025-04-16T23:47,2025-04-16T23:55,2025-04-17T00:48,8,61
SYN-0001475,General Medicine,82,2025-04-27T21:56,2025-04-27T23:35,2025-04-28T01:35,99,219
SYN-0001476,General Medicine,30,2025-02-19T18:16,2025-02-19T19:27,2025-02-19T22:06,71,230
SYN-0001477,General Medicine,42,2025-06-08T00:18,2025-06-08T00:31,2025-06-08T03:16,13,178
SYN-0001478,Orthopedics,30,2025-01-04T03:39,2025-01-04T04:05,2025-01-04T06:52,26,193
SYN-0001479,Cardiology,93,2025-09-24T20:24,2025-09-24T21:33,2025-09-25T00:19,69,235
SYN-0001480,Cardiology,63,2025-05-12T16:33,2025-05-12T17:34,2025-05-12T18:46,61,133
SYN-0001481,Imaging,70,2025-06-15T16:47,2025-06-15T17:46,2025-06-15T18:28,59,101
SYN-0001482,Emergency,77,2025-04-01T00:20,2025-04-01T03:44,2025-04-01T06:54,204,394
SYN-0001483,Emergency,64,2025-12-28T01:00,2025-12-28T03:23,2025-12-28T05:02,143,242
SYN-0001484,Orthopedics,59,2025-03-01T21:23,2025-03-01T22:39,2025-03-01T23:19,76,116
SYN-0001485,Imaging,76,2025-07-26T12:28,2025-07-26T12:47,2025-07-26T13:51,19,83
SYN-0001486,General Medicine,46,2025-11-20T06:41,2025-11-20T08:10,2025-11-20T11:35,89,294
SYN-0001487,General Medicine,42,2025-11-08T15:10,2025-11-08T17:04,2025-11-08T18:48,114,218
SYN-0001488,Emergency,65,2025-12-13T09:03,2025-12-13T13:02,2025-12-13T20:42,239,699
SYN-0001489,Cardiology,68,2025-03-18T14:00,2025-03-18T14:06,2025-03-18T16:56,6,176
SYN-0001490,Imaging,36,2025-03-28T19:28,2025-03-28T20:39,2025-03-28T21:04,71,96
SYN-0001491,Imaging,39,2025-03-16T01:43,2025-03-16T02:39,2025-03-16T04:09,56,146
SYN-0001492,Emergency,43,2025-09-04T14:01,2025-09-04T15:44,2025-09-04T17:55,103,234
SYN-0001493,General Medicine,72,2025-06-19T13:41,2025-06-19T15:34,2025-06-19T16:35,113,174
SYN-0001494,Imaging,69,2025-07-18T18:32,2025-07-18T19:12,2025-07-18T20:41,40,129
SYN-0001495,Orthopedics,83,2025-12-19T19:49,2025-12-19T20:54,2025-12-19T23:07,65,198
SYN-0001496,Orthopedics,33,2025-03-20T16:04,2025-03-20T16:27,2025-03-20T18:53,23,169
SYN-0001497,Orthopedics,35,2025-06-18T01:54,2025-06-18T03:01,2025-06-18T05:38,67,224
SYN-0001498,Emergency,26,2025-02-08T11:39,2025-02-08T12:14,2025-02-08T19:01,35,442
SYN-0001499,Imaging,95,2025-10-06T14:59,2025-10-06T15:07,2025-10-06T15:44,8,45
SYN-0001500,Orthopedics,27,2025-03-12T03:33,2025-03-12T03:57,2025-03-12T05:44,24,131
SYN-0001501,General Medicine,43,2025-12-06T08:19,2025-12-06T10:35,2025-12-06T14:27,136,368
SYN-0001502,Orthopedics,82,2025-12-23T23:44,2025-12-24T01:13,2025-12-24T03:50,89,246
SYN-0001503,Orthopedics,22,2025-01-13T20:48,2025-01-13T22:02,2025-01-13T23:59,74,191
SYN-0001504,Imaging,58,2025-11-24T18:20,2025-11-24T18:40,2025-11-24T19:44,20,84
SYN-0001505,Imaging,22,2025-01-27T04:48,2025-01-27T05:49,2025-01-27T07:02,61,134
SYN-0001506,Cardiology,80,2025-04-30T12:37,2025-04-30T13:53,2025-04-30T15:55,76,198
SYN-0001507,Imaging,80,2025-10-11T07:40,2025-10-11T08:02,2025-10-11T08:56,22,76
SYN-0001508,Emergency,88,2025-12-24T05:02,2025-12-24T07:37,2025-12-24T13:52,155,530
SYN-0001509,General Medicine,82,2025-04-24T19:43,2025-04-24T21:53,2025-04-25T00:24,130,281
SYN-0001510,Emergency,93,2025-12-27T05:21,2025-12-27T07:11,2025-12-27T09:55,110,274
SYN-0001511,Imaging,25,2025-08-22T08:50,2025-08-22T09:40,2025-08-22T10:31,50,101
SYN-0001512,Emergency,64,2025-04-04T08:25,2025-04-04T11:06,2025-04-04T11:59,161,214
SYN-0001513,Orthopedics,61,2025-01-20T14:06,2025-01-20T15:54,2025-01-20T18:53,108,287
SYN-0001514,Imaging,63,2025-09-09T07:48,2025-09-09T08:05,2025-09-09T09:14,17,86
SYN-0001515,Imaging,49,2025-06-27T20:12,2025-06-27T21:01,2025-06-27T21:23,49,71
SYN-0001516,Cardiology,26,2025-03-03T20:27,2025-03-03T21:54,2025-03-03T23:58,87,211
SYN-0001517,Orthopedics,20,2025-05-04T15:06,2025-05-04T15:25,2025-05-04T17:21,19,135
SYN-0001518,General Medicine,72,2025-12-02T14:58,2025-12-02T16:31,2025-12-02T17:10,93,132
SYN-0001519,General Medicine,20,2025-07-14T03:30,2025-07-14T05:51,2025-07-14T08:08,141,278
SYN-0001520,Imaging,91,2025-10-03T01:26,2025-10-03T01:33,2025-10-03T02:28,7,62
SYN-0001521,Imaging,80,2025-03-13T03:52,2025-03-13T04:38,2025-03-13T06:06,46,134
SYN-0001522,Emergency,61,2025-05-30T22:30,2025-05-31T01:36,2025-05-31T07:51,186,561
SYN-0001523,Imaging,56,2025-05-02T08:01,2025-05-02T09:10,2025-05-02T10:08,69,127
SYN-0001524,Orthopedics,27,2025-12-28T20:51,2025-12-28T21:51,2025-12-28T23:12,60,141
SYN-0001525,General Medicine,24,2025-07-13T01:55,2025-07-13T02:59,2025-07-13T04:42,64,167
SYN-0001526,Orthopedics,29,2025-06-14T11:38,2025-06-14T12:56,2025-06-14T15:08,78,210
SYN-0001527,General Medicine,52,2025-09-03T06:40,2025-09-03T07:14,2025-09-03T10:15,34,215
SYN-0001528,Emergency,72,2025-12-13T01:55,2025-12-13T04:30,2025-12-13T11:50,155,595
SYN-0001529,Cardiology,82,2025-08-08T19:09,2025-08-08T19:58,2025-08-08T21:02,49,113
SYN-0001530,Orthopedics,43,2025-08-17T04:14,2025-08-17T05:14,2025-08-17T08:02,60,228
SYN-0001531,Imaging,88,2025-11-27T00:44,2025-11-27T01:40,2025-11-27T02:27,56,103
SYN-0001532,Cardiology,91,2025-05-16T20:00,2025-05-16T20:07,2025-05-16T23:04,7,184
SYN-0001533,Imaging,86,2025-07-15T02:31,2025-07-15T03:03,2025-07-15T04:17,32,106
SYN-0001534,General Medicine,84,2025-02-13T14:30,2025-02-13T16:31,2025-02-13T19:25,121,295
SYN-0001535,Cardiology,48,2025-04-18T14:00,2025-04-18T14:51,2025-04-18T17:34,51,214
SYN-0001536,Cardiology,58,2025-10-26T17:49,2025-10-26T18:32,2025-10-26T21:08,43,199
SYN-0001537,Emergency,52,2025-10-28T07:52,2025-10-28T10:44,2025-10-28T12:58,172,306
SYN-0001538,Orthopedics,94,2025-07-06T17:43,2025-07-06T19:10,2025-07-06T20:21,87,158
SYN-0001539,Cardiology,37,2025-03-24T16:34,2025-03-24T17:30,2025-03-24T19:16,56,162
SYN-0001540,Cardiology,77,2025-08-15T03:05,2025-08-15T03:13,2025-08-15T05:00,8,115
SYN-0001541,Imaging,43,2025-01-27T22:41,2025-01-27T23:41,2025-01-28T00:50,60,129
SYN-0001542,Cardiology,51,2025-01-22T05:17,2025-01-22T05:56,2025-01-22T07:15,39,118
SYN-0001543,Orthopedics,23,2025-05-09T03:33,2025-05-09T05:02,2025-05-09T07:52,89,259
SYN-0001544,Imaging,58,2025-03-03T02:46,2025-03-03T02:53,2025-03-03T03:15,7,29
SYN-0001545,General Medicine,64,2025-10-24T08:57,2025-10-24T10:23,2025-10-24T11:09,86,132
SYN-0001546,Emergency,48,2025-04-13T08:28,2025-04-13T10:19,2025-04-13T17:58,111,570
SYN-0001547,Emergency,33,2025-12-31T06:28,2025-12-31T09:04,2025-12-31T15:50,156,562
SYN-0001548,General Medicine,29,2025-12-28T12:06,2025-12-28T14:30,2025-12-28T16:04,144,238
SYN-0001549,Cardiology,60,2025-08-17T05:14,2025-08-17T06:35,2025-08-17T07:51,81,157
SYN-0001550,General Medicine,72,2025-06-21T19:19,2025-06-21T21:08,2025-06-22T01:04,109,345
SYN-0001551,Cardiology,45,2025-05-08T13:02,2025-05-08T13:25,2025-05-08T14:37,23,95
SYN-0001552,Orthopedics,93,2025-07-05T04:19,2025-07-05T05:20,2025-07-05T07:34,61,195
SYN-0001553,Emergency,32,2025-09-30T20:26,2025-09-30T22:41,2025-10-01T03:44,135,438
SYN-0001554,Orthopedics,49,2025-12-12T18:40,2025-12-12T19:54,2025-12-12T22:12,74,212
SYN-0001555,Orthopedics,78,2025-09-22T07:51,2025-09-22T09:48,2025-09-22T10:55,117,184
SYN-0001556,Orthopedics,95,2025-01-16T08:17,2025-01-16T10:07,2025-01-16T11:55,110,218
SYN-0001557,Emergency,48,2025-02-09T19:28,2025-02-09T23:13,2025-02-10T06:01,225,633
SYN-0001558,Orthopedics,64,2025-08-14T04:51,2025-08-14T06:06,2025-08-14T08:14,75,203
SYN-0001559,Emergency,74,2025-06-22T03:04,2025-06-22T05:30,2025-06-22T13:23,146,619
SYN-0001560,Imaging,56,2025-07-06T01:46,2025-07-06T01:52,2025-07-06T02:57,6,71
SYN-0001561,Emergency,56,2025-06-21T10:58,2025-06-21T14:38,2025-06-21T21:35,220,637
SYN-0001562,Cardiology,70,2025-08-19T23:11,2025-08-19T23:36,2025-08-20T02:13,25,182
SYN-0001563,Emergency,80,2025-02-28T07:45,2025-02-28T09:05,2025-02-28T16:58,80,553
SYN-0001564,Imaging,30,2025-11-04T13:22,2025-11-04T14:19,2025-11-04T15:16,57,114
SYN-0001565,Cardiology,63,2025-02-18T07:51,2025-02-18T08:29,2025-02-18T11:23,38,212
SYN-0001566,Imaging,21,2025-11-27T01:19,2025-11-27T02:34,2025-11-27T03:30,75,131
SYN-0001567,Emergency,74,2025-05-14T19:04,2025-05-14T21:58,2025-05-15T03:56,174,532
SYN-0001568,Cardiology,57,2025-05-26T16:34,2025-05-26T16:39,2025-05-26T19:06,5,152
SYN-0001569,Orthopedics,38,2025-03-22T16:51,2025-03-22T18:09,2025-03-22T19:00,78,129
SYN-0001570,Cardiology,58,2025-10-26T18:47,2025-10-26T19:58,2025-10-26T21:16,71,149
SYN-0001571,Imaging,40,2025-07-09T19:42,2025-07-09T20:48,2025-07-09T21:20,66,98
SYN-0001572,General Medicine,43,2025-07-25T04:45,2025-07-25T06:18,2025-07-25T10:12,93,327
SYN-0001573,Emergency,68,2025-05-13T10:44,2025-05-13T12:40,2025-05-13T16:18,116,334
SYN-0001574,Imaging,89,2025-01-17T17:25,2025-01-17T17:58,2025-01-17T18:15,33,50
SYN-0001575,General Medicine,43,2025-12-03T17:27,2025-12-03T18:35,2025-12-03T19:27,68,120
SYN-0001576,Orthopedics,69,2025-02-06T06:01,2025-02-06T07:35,2025-02-06T08:48,94,167
SYN-0001577,General Medicine,37,2025-07-09T10:35,2025-07-09T12:34,2025-07-09T15:37,119,302
SYN-0001578,Emergency,19,2025-03-27T10:50,2025-03-27T12:34,2025-03-27T14:31,104,221
SYN-0001579,General Medicine,81,2025-11-27T09:07,2025-11-27T11:08,2025-11-27T14:55,121,348
SYN-0001580,Emergency,42,2025-05-28T22:13,2025-05-28T23:20,2025-05-29T05:55,67,462
SYN-0001581,Orthopedics,34,2025-10-06T05:13,2025-10-06T05:54,2025-10-06T08:30,41,197
SYN-0001582,Imaging,42,2025-07-26T01:12,2025-07-26T01:43,2025-07-26T02:25,31,73
SYN-0001583,Imaging,21,2025-04-17T06:32,2025-04-17T07:00,2025-04-17T08:07,28,95
SYN-0001584,Orthopedics,49,2025-11-25T09:23,2025-11-25T10:01,2025-11-25T11:31,38,128
SYN-0001585,Orthopedics,19,2025-03-04T10:23,2025-03-04T11:42,2025-03-04T14:09,79,226
SYN-0001586,Imaging,45,2025-10-17T11:46,2025-10-17T12:08,2025-10-17T13:04,22,78
SYN-0001587,Imaging,30,2025-02-23T04:44,2025-02-23T05:43,2025-02-23T06:30,59,106
SYN-0001588,General Medicine,48,2025-08-31T09:11,2025-08-31T09:36,2025-08-31T10:19,25,68
SYN-0001589,Imaging,50,2025-01-04T21:41,2025-01-04T22:31,2025-01-04T22:51,50,70
SYN-0001590,General Medicine,65,2025-10-15T09:49,2025-10-15T11:36,2025-10-15T13:23,107,214
SYN-0001591,Cardiology,51,2025-05-11T14:45,2025-05-11T16:01,2025-05-11T16:56,76,131
SYN-0001592,Cardiology,77,2025-09-04T23:32,2025-09-05T00:41,2025-09-05T03:32,69,240
SYN-0001593,Cardiology,36,2025-11-12T05:59,2025-11-12T06:15,2025-11-12T08:21,16,142
SYN-0001594,Orthopedics,34,2025-02-02T03:47,2025-02-02T04:06,2025-02-02T05:56,19,129
SYN-0001595,Imaging,54,2025-11-10T04:17,2025-11-10T04:57,2025-11-10T05:58,40,101
SYN-0001596,Orthopedics,73,2025-08-16T22:15,2025-08-16T23:38,2025-08-17T01:15,83,180
SYN-0001597,Cardiology,89,2025-04-21T03:32,2025-04-21T04:17,2025-04-21T07:07,45,215
SYN-0001598,Imaging,24,2025-04-19T05:20,2025-04-19T05:31,2025-04-19T06:10,11,50
SYN-0001599,Cardiology,51,2025-12-09T10:10,2025-12-09T10:38,2025-12-09T11:32,28,82
SYN-0001600,Cardiology,81,2025-03-26T11:40,2025-03-26T12:44,2025-03-26T15:20,64,220
SYN-0001601,Emergency,76,2025-12-20T07:28,2025-12-20T09:31,2025-12-20T13:03,123,335
SYN-0001602,Imaging,62,2025-04-01T01:00,2025-04-01T01:19,2025-04-01T01:52,19,52
SYN-0001603,Emergency,41,2025-07-26T21:17,2025-07-26T22:19,2025-07-27T06:13,62,536
SYN-0001604,Cardiology,92,2025-06-04T15:53,2025-06-04T17:03,2025-06-04T18:57,70,184
SYN-0001605,Emergency,71,2025-05-12T11:40,2025-05-12T14:04,2025-05-12T21:06,144,566
SYN-0001606,Emergency,30,2025-12-29T17:07,2025-12-29T18:20,2025-12-30T01:23,73,496
SYN-0001607,Orthopedics,68,2025-03-30T19:56,2025-03-30T20:04,2025-03-30T21:46,8,110
SYN-0001608,Orthopedics,37,2025-08-24T14:14,2025-08-24T15:34,2025-08-24T16:31,80,137
SYN-0001609,Emergency,76,2025-12-16T10:04,2025-12-16T10:34,2025-12-16T14:59,30,295
SYN-0001610,Orthopedics,23,2025-08-28T21:09,2025-08-28T22:30,2025-08-28T23:01,81,112
SYN-0001611,General Medicine,45,2025-04-05T04:02,2025-04-05T06:07,2025-04-05T08:00,125,238
SYN-0001612,Emergency,59,2025-07-26T00:58,2025-07-26T04:33,2025-07-26T10:32,215,574
SYN-0001613,Emergency,29,2025-10-05T17:17,2025-10-05T20:37,2025-10-05T21:43,200,266
SYN-0001614,Imaging,69,2025-06-24T19:42,2025-06-24T20:19,2025-06-24T20:56,37,74
SYN-0001615,Emergency,38,2025-06-01T14:57,2025-06-01T15:12,2025-06-01T22:58,15,481
SYN-0001616,Imaging,33,2025-04-23T05:41,2025-04-23T06:37,2025-04-23T07:28,56,107
SYN-0001617,Orthopedics,95,2025-08-14T19:24,2025-08-14T20:31,2025-08-14T22:51,67,207
SYN-0001618,Cardiology,83,2025-09-25T13:46,2025-09-25T14:36,2025-09-25T15:45,50,119
SYN-0001619,Cardiology,78,2025-10-10T14:21,2025-10-10T15:28,2025-10-10T18:07,67,226
SYN-0001620,Orthopedics,72,2025-03-07T16:44,2025-03-07T18:01,2025-03-07T20:19,77,215
SYN-0001621,Orthopedics,72,2025-11-13T02:33,2025-11-13T03:56,2025-11-13T05:13,83,160
SYN-0001622,Emergency,77,2025-09-06T20:25,2025-09-06T20:45,2025-09-07T01:37,20,312
SYN-0001623,Cardiology,85,2025-12-27T16:23,2025-12-27T17:50,2025-12-27T19:14,87,171
SYN-0001624,General Medicine,73,2025-12-07T22:43,2025-12-07T23:14,2025-12-08T00:58,31,135
SYN-0001625,Emergency,37,2025-08-07T17:45,2025-08-07T21:20,2025-08-08T01:54,215,489
SYN-0001626,Cardiology,55,2025-11-08T11:09,2025-11-08T11:52,2025-11-08T13:40,43,151
SYN-0001627,General Medicine,23,2025-02-25T17:30,2025-02-25T17:52,2025-02-25T20:43,22,193
SYN-0001628,General Medicine,70,2025-11-06T09:54,2025-11-06T10:31,2025-11-06T13:11,37,197
SYN-0001629,Emergency,63,2025-07-04T12:08,2025-07-04T14:16,2025-07-04T20:24,128,496
SYN-0001630,Orthopedics,32,2025-01-12T20:18,2025-01-12T21:37,2025-01-12T22:27,79,129
SYN-0001631,Imaging,23,2025-10-14T03:25,2025-10-14T03:52,2025-10-14T04:30,27,65
SYN-0001632,Emergency,58,2025-08-05T17:46,2025-08-05T19:42,2025-08-06T03:40,116,594
SYN-0001633,General Medicine,51,2025-11-24T15:24,2025-11-24T17:30,2025-11-24T21:13,126,349
SYN-0001634,Orthopedics,41,2025-06-03T16:41,2025-06-03T18:37,2025-06-03T19:54,116,193
SYN-0001635,Emergency,31,2025-07-08T19:54,2025-07-08T23:15,2025-07-09T04:54,201,540
SYN-0001636,Imaging,68,2025-01-05T06:11,2025-01-05T07:24,2025-01-05T07:41,73,90
SYN-0001637,Emergency,76,2025-12-14T10:16,2025-12-14T10:29,2025-12-14T12:26,13,130
SYN-0001638,Imaging,68,2025-09-20T16:11,2025-09-20T17:18,2025-09-20T18:11,67,120
SYN-0001639,Orthopedics,19,2025-04-09T09:17,2025-04-09T09:33,2025-04-09T10:35,16,78
SYN-0001640,Cardiology,21,2025-05-18T01:24,2025-05-18T01:43,2025-05-18T02:32,19,68
SYN-0001641,Cardiology,73,2025-06-26T01:24,2025-06-26T02:30,2025-06-26T03:52,66,148
SYN-0001642,General Medicine,77,2025-08-08T02:55,2025-08-08T03:53,2025-08-08T04:45,58,110
SYN-0001643,Cardiology,32,2025-01-16T21:16,2025-01-16T22:21,2025-01-17T00:54,65,218
SYN-0001644,Cardiology,78,2025-12-20T04:48,2025-12-20T05:12,2025-12-20T07:50,24,182
SYN-0001645,Emergency,43,2025-06-26T16:15,2025-06-26T20:05,2025-06-27T00:25,230,490
SYN-0001646,Orthopedics,60,2025-02-07T01:55,2025-02-07T03:12,2025-02-07T05:22,77,207
SYN-0001647,Emergency,71,2025-11-11T10:02,2025-11-11T10:38,2025-11-11T16:30,36,388
SYN-0001648,Imaging,80,2025-01-27T22:55,2025-01-28T00:10,2025-01-28T01:02,75,127
SYN-0001649,Imaging,47,2025-12-22T06:41,2025-12-22T07:48,2025-12-22T09:08,67,147
SYN-0001650,Emergency,91,2025-11-04T07:03,2025-11-04T09:28,2025-11-04T10:07,145,184
SYN-0001651,Orthopedics,71,2025-07-15T00:59,2025-07-15T02:14,2025-07-15T03:00,75,121
SYN-0001652,Imaging,75,2025-09-10T12:08,2025-09-10T12:27,2025-09-10T13:45,19,97
SYN-0001653,Imaging,42,2025-07-29T17:21,2025-07-29T17:28,2025-07-29T18:03,7,42
SYN-0001654,Imaging,82,2025-06-19T00:17,2025-06-19T01:06,2025-06-19T02:17,49,120
SYN-0001655,Cardiology,34,2025-12-08T03:03,2025-12-08T04:23,2025-12-08T06:34,80,211
SYN-0001656,Orthopedics,64,2025-10-31T13:10,2025-10-31T14:47,2025-10-31T16:56,97,226
SYN-0001657,Imaging,29,2025-07-25T16:17,2025-07-25T16:42,2025-07-25T17:23,25,66
SYN-0001658,Imaging,38,2025-05-26T06:14,2025-05-26T06:35,2025-05-26T07:12,21,58
SYN-0001659,General Medicine,81,2025-10-30T21:51,2025-10-31T00:06,2025-10-31T01:01,135,190
SYN-0001660,Orthopedics,20,2025-02-04T06:14,2025-02-04T06:49,2025-02-04T08:12,35,118
SYN-0001661,Orthopedics,38,2025-09-17T23:47,2025-09-18T01:44,2025-09-18T03:20,117,213
SYN-0001662,Cardiology,61,2025-02-16T08:38,2025-02-16T09:47,2025-02-16T10:40,69,122
SYN-0001663,Imaging,89,2025-03-29T21:10,2025-03-29T21:29,2025-03-29T22:13,19,63
SYN-0001664,Cardiology,63,2025-09-05T19:35,2025-09-05T20:42,2025-09-05T22:33,67,178
SYN-0001665,Emergency,37,2025-07-14T18:44,2025-07-14T22:11,2025-07-15T06:10,207,686
SYN-0001666,General Medicine,74,2025-02-06T17:11,2025-02-06T17:47,2025-02-06T21:17,36,246
SYN-0001667,Imaging,89,2025-03-16T04:16,2025-03-16T04:35,2025-03-16T05:03,19,47
SYN-0001668,Emergency,33,2025-05-02T15:20,2025-05-02T17:39,2025-05-02T19:02,139,222
SYN-0001669,Cardiology,74,2025-08-01T17:13,2025-08-01T18:04,2025-08-01T19:29,51,136
SYN-0001670,General Medicine,37,2025-03-14T07:17,2025-03-14T09:34,2025-03-14T13:11,137,354
SYN-0001671,Orthopedics,43,2025-03-31T13:17,2025-03-31T14:04,2025-03-31T15:09,47,112
SYN-0001672,Imaging,78,2025-06-28T15:12,2025-06-28T16:10,2025-06-28T16:25,58,73
SYN-0001673,Orthopedics,28,2025-05-05T17:01,2025-05-05T17:42,2025-05-05T20:21,41,200
SYN-0001674,Orthopedics,49,2025-09-20T14:42,2025-09-20T15:34,2025-09-20T17:50,52,188
SYN-0001675,Cardiology,35,2025-06-16T03:46,2025-06-16T04:58,2025-06-16T07:30,72,224
SYN-0001676,Imaging,84,2025-12-01T01:17,2025-12-01T02:14,2025-12-01T03:21,57,124
SYN-0001677,Orthopedics,19,2025-04-17T00:16,2025-04-17T00:24,2025-04-17T02:47,8,151
SYN-0001678,General Medicine,58,2025-09-04T08:17,2025-09-04T08:44,2025-09-04T09:35,27,78
SYN-0001679,Imaging,68,2025-02-14T18:14,2025-02-14T18:40,2025-02-14T19:50,26,96
SYN-0001680,Emergency,91,2025-04-20T22:04,2025-04-21T01:03,2025-04-21T07:01,179,537
SYN-0001681,Emergency,71,2025-08-04T08:09,2025-08-04T11:00,2025-08-04T17:35,171,566
SYN-0001682,Imaging,62,2025-08-17T10:13,2025-08-17T11:28,2025-08-17T12:21,75,128
SYN-0001683,Emergency,69,2025-04-17T22:35,2025-04-18T02:16,2025-04-18T05:09,221,394
SYN-0001684,Imaging,62,2025-11-18T23:01,2025-11-18T23:32,2025-11-19T00:56,31,115
SYN-0001685,Imaging,22,2025-03-03T08:54,2025-03-03T09:24,2025-03-03T10:17,30,83
SYN-0001686,General Medicine,84,2025-04-02T18:06,2025-04-02T19:41,2025-04-02T21:50,95,224
SYN-0001687,General Medicine,83,2025-03-09T14:08,2025-03-09T15:30,2025-03-09T16:54,82,166
SYN-0001688,General Medicine,38,2025-09-06T02:19,2025-09-06T03:48,2025-09-06T06:31,89,252
SYN-0001689,Emergency,48,2025-07-08T08:56,2025-07-08T09:13,2025-07-08T16:30,17,454
SYN-0001690,Orthopedics,25,2025-03-22T10:06,2025-03-22T11:43,2025-03-22T14:01,97,235
SYN-0001691,Orthopedics,33,2025-09-16T02:52,2025-09-16T03:30,2025-09-16T06:09,38,197
SYN-0001692,Emergency,75,2025-04-01T20:09,2025-04-01T23:32,2025-04-02T05:35,203,566
SYN-0001693,Orthopedics,61,2025-11-26T23:19,2025-11-27T00:37,2025-11-27T01:08,78,109
SYN-0001694,Cardiology,56,2025-09-13T02:35,2025-09-13T03:54,2025-09-13T05:38,79,183
SYN-0001695,Orthopedics,66,2025-04-12T22:10,2025-04-12T23:40,2025-04-13T02:36,90,266
SYN-0001696,General Medicine,84,2025-08-27T17:32,2025-08-27T18:45,2025-08-27T19:41,73,129
SYN-0001697,General Medicine,76,2025-09-21T01:36,2025-09-21T02:35,2025-09-21T06:35,59,299
SYN-0001698,Emergency,70,2025-11-06T23:30,2025-11-07T00:17,2025-11-07T06:51,47,441
SYN-0001699,Emergency,34,2025-11-06T09:26,2025-11-06T09:59,2025-11-06T11:00,33,94
SYN-0001700,Imaging,65,2025-02-26T20:25,2025-02-26T20:57,2025-02-26T22:09,32,104
SYN-0001701,General Medicine,51,2025-10-15T11:19,2025-10-15T13:12,2025-10-15T16:12,113,293
SYN-0001702,General Medicine,74,2025-11-05T07:50,2025-11-05T10:07,2025-11-05T13:19,137,329
SYN-0001703,Imaging,82,2025-04-16T02:37,2025-04-16T03:35,2025-04-16T04:10,58,93
SYN-0001704,Cardiology,83,2025-04-05T05:10,2025-04-05T06:17,2025-04-05T08:59,67,229
SYN-0001705,General Medicine,76,2025-06-04T20:11,2025-06-04T20:51,2025-06-05T00:18,40,247
SYN-0001706,Imaging,33,2025-09-26T22:32,2025-09-26T22:41,2025-09-26T23:16,9,44
SYN-0001707,General Medicine,65,2025-03-30T00:17,2025-03-30T02:11,2025-03-30T03:09,114,172
SYN-0001708,General Medicine,33,2025-04-22T15:11,2025-04-22T16:35,2025-04-22T17:15,84,124
SYN-0001709,Orthopedics,55,2025-08-09T19:51,2025-08-09T20:35,2025-08-09T22:40,44,169
SYN-0001710,Imaging,93,2025-04-14T12:04,2025-04-14T12:12,2025-04-14T12:45,8,41
SYN-0001711,Imaging,45,2025-07-26T10:12,2025-07-26T10:23,2025-07-26T11:17,11,65
SYN-0001712,Cardiology,88,2025-03-31T01:50,2025-03-31T02:57,2025-03-31T03:42,67,112
SYN-0001713,Orthopedics,79,2025-11-01T01:39,2025-11-01T01:52,2025-11-01T02:33,13,54
SYN-0001714,General Medicine,61,2025-11-26T09:48,2025-11-26T11:17,2025-11-26T14:11,89,263
SYN-0001715,Imaging,82,2025-04-11T20:51,2025-04-11T21:56,2025-04-11T22:27,65,96
SYN-0001716,Imaging,59,2025-04-19T11:39,2025-04-19T12:41,2025-04-19T13:53,62,134
SYN-0001717,Emergency,67,2025-10-26T06:46,2025-10-26T10:20,2025-10-26T16:09,214,563
SYN-0001718,Cardiology,74,2025-02-03T08:45,2025-02-03T09:40,2025-02-03T11:51,55,186
SYN-0001719,Orthopedics,21,2025-05-01T14:19,2025-05-01T15:46,2025-05-01T16:38,87,139
SYN-0001720,General Medicine,89,2025-04-01T03:14,2025-04-01T04:43,2025-04-01T07:36,89,262
SYN-0001721,Emergency,90,2025-02-08T12:02,2025-02-08T13:01,2025-02-08T18:47,59,405
SYN-0001722,General Medicine,82,2025-12-13T11:49,2025-12-13T12:47,2025-12-13T16:29,58,280
SYN-0001723,Emergency,20,2025-05-11T21:14,2025-05-11T21:54,2025-05-12T04:01,40,407
SYN-0001724,Orthopedics,92,2025-06-28T14:41,2025-06-28T16:26,2025-06-28T17:48,105,187
SYN-0001725,Imaging,69,2025-08-22T07:56,2025-08-22T08:11,2025-08-22T09:34,15,98
SYN-0001726,General Medicine,61,2025-01-17T22:33,2025-01-17T22:54,2025-01-18T01:29,21,176
SYN-0001727,Imaging,85,2025-01-18T12:25,2025-01-18T12:53,2025-01-18T14:01,28,96
SYN-0001728,Orthopedics,32,2025-03-08T06:46,2025-03-08T07:39,2025-03-08T09:14,53,148
SYN-0001729,Emergency,36,2025-07-27T18:52,2025-07-27T21:20,2025-07-27T23:16,148,264
SYN-0001730,Cardiology,57,2025-04-23T07:19,2025-04-23T07:56,2025-04-23T09:03,37,104
SYN-0001731,Imaging,41,2025-08-25T20:52,2025-08-25T21:18,2025-08-25T21:40,26,48
SYN-0001732,Emergency,67,2025-08-06T00:21,2025-08-06T03:33,2025-08-06T04:32,192,251
SYN-0001733,Emergency,59,2025-10-28T14:36,2025-10-28T16:07,2025-10-28T17:49,91,193
SYN-0001734,Orthopedics,43,2025-02-07T18:38,2025-02-07T19:31,2025-02-07T20:31,53,113
SYN-0001735,Cardiology,83,2025-12-25T23:26,2025-12-26T00:47,2025-12-26T02:32,81,186
SYN-0001736,General Medicine,25,2025-07-16T02:08,2025-07-16T03:56,2025-07-16T04:55,108,167
SYN-0001737,Orthopedics,26,2025-10-24T10:10,2025-10-24T11:14,2025-10-24T14:05,64,235
SYN-0001738,Imaging,20,2025-06-20T04:54,2025-06-20T05:02,2025-06-20T06:09,8,75
SYN-0001739,Orthopedics,49,2025-03-15T22:00,2025-03-15T23:15,2025-03-16T02:15,75,255
SYN-0001740,General Medicine,75,2025-10-24T04:24,2025-10-24T05:06,2025-10-24T06:53,42,149
SYN-0001741,Emergency,44,2025-12-31T09:41,2025-12-31T13:27,2025-12-31T19:22,226,581
SYN-0001742,Cardiology,86,2025-06-28T12:30,2025-06-28T13:22,2025-06-28T14:50,52,140
SYN-0001743,Imaging,77,2025-01-01T17:29,2025-01-01T18:31,2025-01-01T18:51,62,82
SYN-0001744,General Medicine,18,2025-05-02T21:12,2025-05-02T22:36,2025-05-03T01:53,84,281
SYN-0001745,Emergency,66,2025-07-02T16:36,2025-07-02T18:49,2025-07-02T21:38,133,302
SYN-0001746,Orthopedics,23,2025-07-24T20:16,2025-07-24T22:08,2025-07-24T23:32,112,196
SYN-0001747,Cardiology,29,2025-08-07T22:02,2025-08-07T23:15,2025-08-08T00:17,73,135
SYN-0001748,Imaging,73,2025-07-23T11:53,2025-07-23T12:13,2025-07-23T12:45,20,52
SYN-0001749,Cardiology,61,2025-08-20T18:45,2025-08-20T20:08,2025-08-20T23:02,83,257
SYN-0001750,Orthopedics,49,2025-07-18T19:15,2025-07-18T20:56,2025-07-18T23:21,101,246
SYN-0001751,Orthopedics,94,2025-12-01T19:34,2025-12-01T20:22,2025-12-01T21:45,48,131
SYN-0001752,Orthopedics,95,2025-01-02T11:46,2025-01-02T11:53,2025-01-02T12:57,7,71
SYN-0001753,Imaging,70,2025-05-07T08:45,2025-05-07T08:50,2025-05-07T09:06,5,21
SYN-0001754,General Medicine,86,2025-10-14T00:31,2025-10-14T02:46,2025-10-14T06:31,135,360
SYN-0001755,Emergency,86,2025-02-26T10:48,2025-02-26T14:19,2025-02-26T22:17,211,689
SYN-0001756,Emergency,33,2025-11-21T04:01,2025-11-21T07:59,2025-11-21T15:35,238,694
SYN-0001757,Orthopedics,67,2025-09-18T15:54,2025-09-18T17:43,2025-09-18T19:49,109,235
SYN-0001758,Cardiology,65,2025-12-03T22:08,2025-12-03T22:14,2025-12-03T23:30,6,82
SYN-0001759,Cardiology,20,2025-06-11T07:21,2025-06-11T08:22,2025-06-11T09:09,61,108
SYN-0001760,Orthopedics,29,2025-05-20T10:54,2025-05-20T12:26,2025-05-20T14:27,92,213
SYN-0001761,General Medicine,47,2025-06-11T00:50,2025-06-11T02:17,2025-06-11T06:13,87,323
SYN-0001762,Imaging,81,2025-07-24T10:34,2025-07-24T11:25,2025-07-24T11:44,51,70
SYN-0001763,General Medicine,68,2025-05-23T18:51,2025-05-23T19:54,2025-05-23T20:25,63,94
SYN-0001764,Emergency,81,2025-12-31T07:49,2025-12-31T11:41,2025-12-31T14:33,232,404
SYN-0001765,Cardiology,26,2025-05-08T19:35,2025-05-08T20:50,2025-05-08T22:24,75,169
SYN-0001766,General Medicine,34,2025-02-17T08:49,2025-02-17T09:31,2025-02-17T13:11,42,262
SYN-0001767,Orthopedics,42,2025-07-19T18:13,2025-07-19T19:30,2025-07-19T20:58,77,165
SYN-0001768,Emergency,89,2025-07-04T04:06,2025-07-04T07:13,2025-07-04T13:30,187,564
SYN-0001769,Imaging,59,2025-02-07T18:22,2025-02-07T18:27,2025-02-07T19:36,5,74
SYN-0001770,Imaging,84,2025-03-30T15:10,2025-03-30T16:07,2025-03-30T16:57,57,107
SYN-0001771,Imaging,46,2025-02-01T15:36,2025-02-01T16:44,2025-02-01T17:45,68,129
SYN-0001772,Emergency,58,2025-11-23T20:25,2025-11-23T21:46,2025-11-24T01:51,81,326
SYN-0001773,Emergency,28,2025-09-01T17:24,2025-09-01T19:14,2025-09-01T21:23,110,239
SYN-0001774,General Medicine,72,2025-06-14T07:08,2025-06-14T07:24,2025-06-14T11:02,16,234
SYN-0001775,Emergency,60,2025-04-30T18:31,2025-04-30T19:44,2025-04-30T21:54,73,203
SYN-0001776,Orthopedics,79,2025-01-21T07:06,2025-01-21T07:19,2025-01-21T08:13,13,67
SYN-0001777,Imaging,50,2025-09-01T10:21,2025-09-01T10:29,2025-09-01T11:59,8,98
SYN-0001778,Cardiology,61,2025-06-23T13:37,2025-06-23T13:55,2025-06-23T16:41,18,184
SYN-0001779,Emergency,27,2025-06-22T09:23,2025-06-22T13:03,2025-06-22T16:23,220,420
SYN-0001780,General Medicine,75,2025-03-11T15:58,2025-03-11T18:00,2025-03-11T21:45,122,347
SYN-0001781,General Medicine,22,2025-02-14T04:34,2025-02-14T05:15,2025-02-14T06:06,41,92
SYN-0001782,Imaging,25,2025-04-03T20:50,2025-04-03T21:35,2025-04-03T21:58,45,68
SYN-0001783,Imaging,26,2025-11-11T10:56,2025-11-11T11:08,2025-11-11T12:01,12,65
SYN-0001784,Emergency,55,2025-02-08T00:18,2025-02-08T03:21,2025-02-08T04:19,183,241
SYN-0001785,Imaging,47,2025-10-27T08:37,2025-10-27T09:33,2025-10-27T10:00,56,83
SYN-0001786,General Medicine,77,2025-10-07T13:29,2025-10-07T13:41,2025-10-07T16:07,12,158
SYN-0001787,Imaging,76,2025-01-19T21:53,2025-01-19T22:10,2025-01-19T23:08,17,75
SYN-0001788,General Medicine,31,2025-05-21T03:51,2025-05-21T05:25,2025-05-21T08:25,94,274
SYN-0001789,Emergency,93,2025-02-19T04:25,2025-02-19T04:38,2025-02-19T10:12,13,347
SYN-0001790,Cardiology,63,2025-07-06T14:55,2025-07-06T16:13,2025-07-06T17:30,78,155
SYN-0001791,Imaging,49,2025-05-16T09:14,2025-05-16T10:20,2025-05-16T11:31,66,137
SYN-0001792,Cardiology,57,2025-04-03T23:22,2025-04-03T23:32,2025-04-04T00:32,10,70
SYN-0001793,General Medicine,57,2025-09-18T12:01,2025-09-18T14:02,2025-09-18T16:43,121,282
SYN-0001794,General Medicine,36,2025-04-17T00:58,2025-04-17T03:26,2025-04-17T07:14,148,376
SYN-0001795,Imaging,65,2025-07-31T22:42,2025-07-31T23:26,2025-08-01T00:24,44,102
SYN-0001796,Emergency,25,2025-04-16T07:04,2025-04-16T09:26,2025-04-16T14:56,142,472
SYN-0001797,Cardiology,62,2025-11-04T08:03,2025-11-04T09:12,2025-11-04T10:10,69,127
SYN-0001798,Cardiology,61,2025-02-19T19:26,2025-02-19T19:56,2025-02-19T21:32,30,126
SYN-0001799,Cardiology,94,2025-12-07T08:26,2025-12-07T09:56,2025-12-07T12:42,90,256
SYN-0001800,Orthopedics,56,2025-09-02T10:05,2025-09-02T11:59,2025-09-02T14:57,114,292
SYN-0001801,Imaging,76,2025-03-18T08:20,2025-03-18T09:07,2025-03-18T09:42,47,82
SYN-0001802,Emergency,46,2025-01-03T16:36,2025-01-03T18:52,2025-01-03T21:14,136,278
SYN-0001803,Cardiology,79,2025-06-24T01:09,2025-06-24T02:13,2025-06-24T03:52,64,163
SYN-0001804,Orthopedics,69,2025-05-30T12:09,2025-05-30T13:57,2025-05-30T16:03,108,234
SYN-0001805,Cardiology,27,2025-01-08T04:52,2025-01-08T04:57,2025-01-08T07:14,5,142
SYN-0001806,Orthopedics,36,2025-03-25T21:04,2025-03-25T21:12,2025-03-26T00:04,8,180
SYN-0001807,Orthopedics,23,2025-09-20T01:52,2025-09-20T02:53,2025-09-20T04:12,61,140
SYN-0001808,Emergency,40,2025-07-26T21:01,2025-07-26T22:01,2025-07-27T00:12,60,191
SYN-0001809,Cardiology,88,2025-09-05T10:44,2025-09-05T11:22,2025-09-05T12:51,38,127
SYN-0001810,Cardiology,40,2025-01-16T15:36,2025-01-16T16:03,2025-01-16T17:38,27,122
SYN-0001811,Orthopedics,66,2025-04-10T22:30,2025-04-10T22:47,2025-04-10T23:22,17,52
SYN-0001812,Emergency,76,2025-08-11T03:31,2025-08-11T05:07,2025-08-11T07:24,96,233
SYN-0001813,Cardiology,85,2025-05-05T18:43,2025-05-05T19:35,2025-05-05T21:55,52,192
SYN-0001814,General Medicine,33,2025-02-17T14:33,2025-02-17T16:34,2025-02-17T20:06,121,333
SYN-0001815,Cardiology,86,2025-05-20T13:52,2025-05-20T14:13,2025-05-20T15:46,21,114
SYN-0001816,Imaging,49,2025-11-09T18:45,2025-11-09T19:37,2025-11-09T20:32,52,107
SYN-0001817,Emergency,86,2025-05-18T16:47,2025-05-18T20:12,2025-05-19T01:57,205,550
SYN-0001818,Orthopedics,49,2025-08-27T14:38,2025-08-27T16:24,2025-08-27T17:32,106,174
SYN-0001819,Emergency,34,2025-07-23T22:38,2025-07-24T01:29,2025-07-24T08:46,171,608
SYN-0001820,General Medicine,78,2025-03-01T06:42,2025-03-01T08:57,2025-03-01T10:20,135,218
SYN-0001821,General Medicine,83,2025-10-10T14:48,2025-10-10T15:14,2025-10-10T16:26,26,98
SYN-0001822,Orthopedics,40,2025-12-05T01:39,2025-12-05T02:47,2025-12-05T05:29,68,230
SYN-0001823,Orthopedics,81,2025-12-18T22:13,2025-12-18T23:49,2025-12-19T01:54,96,221
SYN-0001824,Imaging,92,2025-10-19T23:02,2025-10-19T23:41,2025-10-20T01:10,39,128
SYN-0001825,Emergency,75,2025-05-28T19:41,2025-05-28T20:44,2025-05-28T23:06,63,205
SYN-0001826,Cardiology,72,2025-08-11T19:43,2025-08-11T20:38,2025-08-11T22:18,55,155
SYN-0001827,Imaging,88,2025-07-05T08:13,2025-07-05T08:38,2025-07-05T09:40,25,87
SYN-0001828,Emergency,55,2025-03-03T04:29,2025-03-03T05:13,2025-03-03T12:07,44,458
SYN-0001829,Imaging,92,2025-06-17T14:38,2025-06-17T15:49,2025-06-17T16:49,71,131
SYN-0001830,Emergency,72,2025-09-02T22:33,2025-09-03T00:42,2025-09-03T05:34,129,421
SYN-0001831,Imaging,65,2025-10-25T18:58,2025-10-25T20:02,2025-10-25T21:12,64,134
SYN-0001832,Imaging,21,2025-10-06T10:24,2025-10-06T11:09,2025-10-06T11:58,45,94
SYN-0001833,Cardiology,27,2025-07-13T10:07,2025-07-13T11:08,2025-07-13T12:52,61,165
SYN-0001834,Orthopedics,82,2025-08-03T11:04,2025-08-03T13:04,2025-08-03T13:55,120,171
SYN-0001835,General Medicine,53,2025-02-26T21:55,2025-02-27T00:24,2025-02-27T03:38,149,343
SYN-0001836,Cardiology,64,2025-02-21T22:54,2025-02-21T23:11,2025-02-22T00:26,17,92
SYN-0001837,Emergency,43,2025-09-01T00:50,2025-09-01T03:19,2025-09-01T05:31,149,281
SYN-0001838,Orthopedics,42,2025-07-19T20:36,2025-07-19T21:13,2025-07-19T23:00,37,144
SYN-0001839,General Medicine,19,2025-07-10T03:40,2025-07-10T04:25,2025-07-10T08:07,45,267
SYN-0001840,Orthopedics,69,2025-10-22T01:06,2025-10-22T01:47,2025-10-22T03:45,41,159
SYN-0001841,General Medicine,68,2025-04-19T16:52,2025-04-19T17:05,2025-04-19T19:35,13,163
SYN-0001842,Cardiology,47,2025-12-12T11:24,2025-12-12T11:58,2025-12-12T13:36,34,132
SYN-0001843,General Medicine,61,2025-12-02T23:34,2025-12-03T01:43,2025-12-03T05:17,129,343
SYN-0001844,Emergency,72,2025-05-17T18:51,2025-05-17T20:21,2025-05-18T04:04,90,553
SYN-0001845,Imaging,89,2025-11-24T15:49,2025-11-24T16:20,2025-11-24T17:31,31,102
SYN-0001846,Emergency,57,2025-04-04T11:00,2025-04-04T12:45,2025-04-04T14:26,105,206
SYN-0001847,Emergency,61,2025-09-16T06:10,2025-09-16T08:27,2025-09-16T15:51,137,581
SYN-0001848,Cardiology,86,2025-10-21T17:22,2025-10-21T18:20,2025-10-21T20:53,58,211
SYN-0001849,Orthopedics,90,2025-01-17T22:08,2025-01-17T22:54,2025-01-18T01:54,46,226
SYN-0001850,Emergency,90,2025-08-29T11:32,2025-08-29T12:17,2025-08-29T14:05,45,153
SYN-0001851,General Medicine,68,2025-05-29T16:44,2025-05-29T18:34,2025-05-29T20:41,110,237
SYN-0001852,Emergency,78,2025-05-18T03:27,2025-05-18T05:53,2025-05-18T09:40,146,373
SYN-0001853,Emergency,56,2025-11-25T19:09,2025-11-25T20:43,2025-11-26T02:04,94,415
SYN-0001854,Emergency,22,2025-05-10T08:24,2025-05-10T09:17,2025-05-10T10:40,53,136
SYN-0001855,General Medicine,43,2025-05-16T22:40,2025-05-17T00:55,2025-05-17T01:31,135,171
SYN-0001856,Emergency,47,2025-05-30T22:13,2025-05-31T00:01,2025-05-31T02:56,108,283
SYN-0001857,Orthopedics,76,2025-02-20T22:58,2025-02-21T00:27,2025-02-21T03:11,89,253
SYN-0001858,Emergency,39,2025-01-09T01:03,2025-01-09T02:47,2025-01-09T07:42,104,399
SYN-0001859,Orthopedics,38,2025-10-12T19:03,2025-10-12T20:58,2025-10-12T23:13,115,250
SYN-0001860,Emergency,79,2025-11-01T16:18,2025-11-01T17:01,2025-11-01T22:05,43,347
SYN-0001861,Emergency,34,2025-05-31T08:29,2025-05-31T10:18,2025-05-31T18:11,109,582
SYN-0001862,Cardiology,38,2025-12-12T17:22,2025-12-12T18:06,2025-12-12T20:41,44,199
SYN-0001863,General Medicine,82,2025-05-28T19:12,2025-05-28T20:41,2025-05-28T23:41,89,269
SYN-0001864,Imaging,36,2025-01-06T10:04,2025-01-06T10:44,2025-01-06T11:24,40,80
SYN-0001865,Imaging,85,2025-06-29T17:50,2025-06-29T18:03,2025-06-29T19:09,13,79
SYN-0001866,Orthopedics,77,2025-12-02T02:39,2025-12-02T03:56,2025-12-02T06:31,77,232
SYN-0001867,General Medicine,54,2025-03-08T08:08,2025-03-08T08:28,2025-03-08T12:06,20,238
SYN-0001868,Imaging,40,2025-10-12T18:47,2025-10-12T19:36,2025-10-12T20:29,49,102
SYN-0001869,Imaging,76,2025-11-11T15:05,2025-11-11T15:41,2025-11-11T16:18,36,73
SYN-0001870,Imaging,68,2025-03-11T13:34,2025-03-11T14:02,2025-03-11T15:29,28,115
SYN-0001871,Emergency,53,2025-04-26T00:03,2025-04-26T01:14,2025-04-26T09:09,71,546
SYN-0001872,General Medicine,45,2025-02-18T14:26,2025-02-18T15:50,2025-02-18T19:10,84,284
SYN-0001873,Imaging,65,2025-03-30T06:39,2025-03-30T07:36,2025-03-30T09:01,57,142
SYN-0001874,Emergency,70,2025-08-26T09:29,2025-08-26T12:52,2025-08-26T14:15,203,286
SYN-0001875,Imaging,82,2025-06-01T00:05,2025-06-01T00:31,2025-06-01T01:18,26,73
SYN-0001876,Emergency,77,2025-02-23T07:11,2025-02-23T09:19,2025-02-23T10:02,128,171
SYN-0001877,Imaging,68,2025-05-22T13:26,2025-05-22T14:14,2025-05-22T15:20,48,114
SYN-0001878,Emergency,35,2025-03-25T12:13,2025-03-25T12:25,2025-03-25T15:03,12,170
SYN-0001879,Orthopedics,77,2025-12-19T23:46,2025-12-20T01:16,2025-12-20T03:44,90,238
SYN-0001880,Emergency,74,2025-06-26T10:23,2025-06-26T10:54,2025-06-26T16:04,31,341
SYN-0001881,Cardiology,39,2025-04-28T12:05,2025-04-28T13:10,2025-04-28T15:06,65,181
SYN-0001882,Emergency,55,2025-05-10T01:26,2025-05-10T04:11,2025-05-10T05:32,165,246
SYN-0001883,Emergency,39,2025-10-12T14:35,2025-10-12T17:01,2025-10-12T23:50,146,555
SYN-0001884,Emergency,52,2025-01-09T03:55,2025-01-09T06:56,2025-01-09T13:56,181,601
SYN-0001885,Cardiology,45,2025-05-10T13:43,2025-05-10T14:44,2025-05-10T17:00,61,197
SYN-0001886,Emergency,74,2025-06-07T09:47,2025-06-07T13:45,2025-06-07T20:00,238,613
SYN-0001887,Emergency,67,2025-03-16T20:26,2025-03-17T00:10,2025-03-17T06:05,224,579
SYN-0001888,Orthopedics,24,2025-01-04T09:32,2025-01-04T10:33,2025-01-04T11:16,61,104
SYN-0001889,Imaging,48,2025-09-30T19:23,2025-09-30T19:53,2025-09-30T20:39,30,76
SYN-0001890,Cardiology,21,2025-11-04T01:26,2025-11-04T01:42,2025-11-04T02:31,16,65
SYN-0001891,Emergency,26,2025-05-20T22:05,2025-05-20T23:41,2025-05-21T07:11,96,546
SYN-0001892,Cardiology,23,2025-05-02T15:21,2025-05-02T15:38,2025-05-02T17:05,17,104
SYN-0001893,Imaging,59,2025-08-27T05:12,2025-08-27T06:22,2025-08-27T06:50,70,98
SYN-0001894,General Medicine,87,2025-05-31T19:40,2025-05-31T20:38,2025-05-31T23:47,58,247
SYN-0001895,Imaging,45,2025-06-19T05:37,2025-06-19T06:36,2025-06-19T07:06,59,89
SYN-0001896,Emergency,19,2025-05-07T10:15,2025-05-07T11:56,2025-05-07T15:11,101,296
SYN-0001897,Imaging,45,2025-10-11T09:31,2025-10-11T10:16,2025-10-11T10:32,45,61
SYN-0001898,Imaging,65,2025-07-22T18:23,2025-07-22T18:56,2025-07-22T19:19,33,56
SYN-0001899,Emergency,56,2025-10-27T08:26,2025-10-27T08:53,2025-10-27T11:14,27,168
SYN-0001900,General Medicine,50,2025-05-05T20:27,2025-05-05T22:44,2025-05-05T23:40,137,193
SYN-0001901,Emergency,35,2025-10-10T22:40,2025-10-11T01:23,2025-10-11T04:39,163,359
SYN-0001902,Orthopedics,26,2025-12-18T01:50,2025-12-18T02:17,2025-12-18T04:08,27,138
SYN-0001903,Orthopedics,66,2025-11-23T21:17,2025-11-23T21:24,2025-11-24T00:23,7,186
SYN-0001904,General Medicine,47,2025-01-10T16:17,2025-01-10T17:26,2025-01-10T20:04,69,227
SYN-0001905,Emergency,57,2025-04-01T08:02,2025-04-01T10:49,2025-04-01T17:47,167,585
SYN-0001906,Cardiology,25,2025-02-27T19:26,2025-02-27T20:25,2025-02-27T22:12,59,166
SYN-0001907,Cardiology,43,2025-08-04T23:43,2025-08-05T00:35,2025-08-05T03:27,52,224
SYN-0001908,Cardiology,48,2025-01-28T14:28,2025-01-28T15:21,2025-01-28T16:58,53,150
SYN-0001909,General Medicine,35,2025-08-28T08:16,2025-08-28T10:19,2025-08-28T13:58,123,342
SYN-0001910,Orthopedics,54,2025-10-30T02:47,2025-10-30T03:32,2025-10-30T04:12,45,85
SYN-0001911,Emergency,61,2025-08-30T05:22,2025-08-30T06:30,2025-08-30T14:13,68,531
SYN-0001912,Cardiology,46,2025-06-30T20:01,2025-06-30T20:32,2025-06-30T21:30,31,89
SYN-0001913,General Medicine,41,2025-08-23T05:00,2025-08-23T06:47,2025-08-23T09:30,107,270
SYN-0001914,Imaging,26,2025-12-25T00:04,2025-12-25T00:09,2025-12-25T00:32,5,28
SYN-0001915,Cardiology,34,2025-05-29T17:00,2025-05-29T17:11,2025-05-29T18:32,11,92
SYN-0001916,Emergency,48,2025-05-29T19:40,2025-05-29T20:34,2025-05-30T02:07,54,387
SYN-0001917,General Medicine,57,2025-12-07T02:42,2025-12-07T03:12,2025-12-07T05:31,30,169
SYN-0001918,Cardiology,40,2025-11-05T18:13,2025-11-05T18:43,2025-11-05T20:30,30,137
SYN-0001919,General Medicine,91,2025-07-27T18:54,2025-07-27T20:07,2025-07-27T21:54,73,180
SYN-0001920,Imaging,28,2025-12-17T09:04,2025-12-17T09:34,2025-12-17T10:23,30,79
SYN-0001921,Orthopedics,78,2025-05-03T03:55,2025-05-03T04:50,2025-05-03T06:56,55,181
SYN-0001922,Imaging,37,2025-11-12T14:44,2025-11-12T15:43,2025-11-12T17:02,59,138
SYN-0001923,Imaging,28,2025-11-08T05:18,2025-11-08T05:25,2025-11-08T06:28,7,70
SYN-0001924,Orthopedics,88,2025-04-22T06:21,2025-04-22T07:42,2025-04-22T10:29,81,248
SYN-0001925,Cardiology,57,2025-12-04T14:53,2025-12-04T15:30,2025-12-04T17:52,37,179
SYN-0001926,Imaging,27,2025-12-17T03:21,2025-12-17T04:02,2025-12-17T05:05,41,104
SYN-0001927,Orthopedics,37,2025-05-23T12:22,2025-05-23T12:44,2025-05-23T15:14,22,172
SYN-0001928,Cardiology,65,2025-12-31T14:21,2025-12-31T14:26,2025-12-31T15:14,5,53
SYN-0001929,Imaging,65,2025-10-15T09:00,2025-10-15T09:56,2025-10-15T11:04,56,124
SYN-0001930,Imaging,70,2025-02-21T20:54,2025-02-21T22:01,2025-02-21T22:55,67,121
SYN-0001931,Emergency,42,2025-04-29T05:29,2025-04-29T06:10,2025-04-29T09:57,41,268
SYN-0001932,Imaging,65,2025-12-22T19:17,2025-12-22T19:54,2025-12-22T20:53,37,96
SYN-0001933,Emergency,49,2025-11-05T18:38,2025-11-05T21:34,2025-11-06T01:21,176,403
SYN-0001934,Cardiology,21,2025-09-21T04:10,2025-09-21T05:16,2025-09-21T06:09,66,119
SYN-0001935,Cardiology,50,2025-04-18T07:25,2025-04-18T08:03,2025-04-18T10:44,38,199
SYN-0001936,Cardiology,32,2025-01-09T23:36,2025-01-10T00:58,2025-01-10T02:24,82,168
SYN-0001937,Emergency,68,2025-10-07T20:57,2025-10-07T23:51,2025-10-08T06:25,174,568
SYN-0001938,General Medicine,72,2025-05-18T11:55,2025-05-18T12:25,2025-05-18T15:07,30,192
SYN-0001939,Cardiology,82,2025-08-09T01:40,2025-08-09T02:39,2025-08-09T04:28,59,168
SYN-0001940,General Medicine,70,2025-08-13T06:19,2025-08-13T08:06,2025-08-13T11:06,107,287
SYN-0001941,Emergency,36,2025-09-08T18:42,2025-09-08T19:19,2025-09-09T01:14,37,392
SYN-0001942,Orthopedics,57,2025-10-17T19:02,2025-10-17T20:42,2025-10-17T22:05,100,183
SYN-0001943,Emergency,18,2025-12-25T01:29,2025-12-25T02:22,2025-12-25T09:49,53,500
SYN-0001944,Emergency,85,2025-11-01T06:16,2025-11-01T06:43,2025-11-01T13:49,27,453
SYN-0001945,Imaging,40,2025-05-05T06:02,2025-05-05T06:43,2025-05-05T07:53,41,111
SYN-0001946,Orthopedics,80,2025-05-25T04:39,2025-05-25T05:07,2025-05-25T06:11,28,92
SYN-0001947,Cardiology,90,2025-11-25T03:52,2025-11-25T05:01,2025-11-25T06:14,69,142
SYN-0001948,Cardiology,41,2025-02-12T22:47,2025-02-12T23:15,2025-02-13T00:51,28,124
SYN-0001949,Cardiology,31,2025-11-17T22:19,2025-11-17T22:57,2025-11-18T01:26,38,187
SYN-0001950,Cardiology,66,2025-03-04T09:50,2025-03-04T10:05,2025-03-04T12:05,15,135
SYN-0001951,Emergency,21,2025-09-07T03:32,2025-09-07T04:52,2025-09-07T05:54,80,142
SYN-0001952,General Medicine,30,2025-12-20T07:23,2025-12-20T08:33,2025-12-20T11:05,70,222
SYN-0001953,Emergency,92,2025-01-06T06:17,2025-01-06T06:42,2025-01-06T09:28,25,191
SYN-0001954,Emergency,66,2025-01-06T06:54,2025-01-06T07:28,2025-01-06T09:46,34,172
SYN-0001955,General Medicine,80,2025-07-13T13:49,2025-07-13T16:12,2025-07-13T19:56,143,367
SYN-0001956,Imaging,65,2025-09-03T01:38,2025-09-03T02:26,2025-09-03T03:35,48,117
SYN-0001957,Orthopedics,69,2025-09-21T00:36,2025-09-21T01:21,2025-09-21T02:52,45,136
SYN-0001958,Imaging,30,2025-08-29T11:37,2025-08-29T11:49,2025-08-29T12:49,12,72
SYN-0001959,Emergency,35,2025-10-20T14:06,2025-10-20T16:12,2025-10-21T00:07,126,601
SYN-0001960,Emergency,49,2025-07-23T12:02,2025-07-23T14:46,2025-07-23T16:18,164,256
SYN-0001961,Orthopedics,42,2025-10-28T19:54,2025-10-28T20:56,2025-10-28T23:27,62,213
SYN-0001962,Emergency,20,2025-08-23T14:33,2025-08-23T17:26,2025-08-24T00:52,173,619
SYN-0001963,Orthopedics,74,2025-08-26T00:57,2025-08-26T02:53,2025-08-26T03:34,116,157
SYN-0001964,Cardiology,28,2025-10-19T09:23,2025-10-19T10:45,2025-10-19T13:34,82,251
SYN-0001965,Orthopedics,67,2025-03-15T03:35,2025-03-15T04:34,2025-03-15T07:05,59,210
SYN-0001966,Orthopedics,84,2025-04-15T05:55,2025-04-15T07:17,2025-04-15T08:36,82,161
SYN-0001967,General Medicine,81,2025-04-04T02:32,2025-04-04T04:51,2025-04-04T05:29,139,177
SYN-0001968,Emergency,39,2025-12-06T21:58,2025-12-06T23:25,2025-12-07T07:01,87,543
SYN-0001969,Imaging,49,2025-06-25T10:03,2025-06-25T10:22,2025-06-25T11:38,19,95
SYN-0001970,Cardiology,73,2025-03-18T19:12,2025-03-18T19:38,2025-03-18T20:45,26,93
SYN-0001971,Emergency,53,2025-10-07T05:58,2025-10-07T06:49,2025-10-07T10:06,51,248
SYN-0001972,Cardiology,35,2025-03-31T15:17,2025-03-31T15:54,2025-03-31T18:40,37,203
SYN-0001973,General Medicine,46,2025-08-31T08:07,2025-08-31T10:22,2025-08-31T11:15,135,188
SYN-0001974,General Medicine,66,2025-09-07T22:18,2025-09-07T22:44,2025-09-08T01:58,26,220
SYN-0001975,Imaging,51,2025-06-12T18:50,2025-06-12T19:50,2025-06-12T20:34,60,104
SYN-0001976,Emergency,29,2025-03-23T02:33,2025-03-23T03:57,2025-03-23T05:11,84,158
SYN-0001977,Orthopedics,91,2025-03-26T13:06,2025-03-26T14:45,2025-03-26T16:03,99,177
SYN-0001978,Orthopedics,91,2025-10-04T20:23,2025-10-04T20:44,2025-10-04T22:34,21,131
SYN-0001979,Emergency,67,2025-05-19T06:00,2025-05-19T07:29,2025-05-19T08:30,89,150
SYN-0001980,Imaging,84,2025-04-02T23:22,2025-04-03T00:07,2025-04-03T01:08,45,106
SYN-0001981,General Medicine,19,2025-10-15T20:35,2025-10-15T21:41,2025-10-15T22:38,66,123
SYN-0001982,General Medicine,55,2025-04-16T08:49,2025-04-16T10:56,2025-04-16T12:46,127,237
SYN-0001983,Cardiology,94,2025-04-18T08:26,2025-04-18T09:34,2025-04-18T12:15,68,229
SYN-0001984,Orthopedics,57,2025-08-22T02:50,2025-08-22T03:13,2025-08-22T03:51,23,61
SYN-0001985,General Medicine,45,2025-12-15T06:35,2025-12-15T07:16,2025-12-15T08:56,41,141
SYN-0001986,Imaging,60,2025-02-12T19:49,2025-02-12T20:31,2025-02-12T21:34,42,105
SYN-0001987,Cardiology,40,2025-02-08T06:39,2025-02-08T07:10,2025-02-08T08:52,31,133
SYN-0001988,Imaging,20,2025-04-26T22:06,2025-04-26T23:01,2025-04-26T23:54,55,108
SYN-0001989,General Medicine,78,2025-11-04T14:37,2025-11-04T16:27,2025-11-04T18:23,110,226
SYN-0001990,Orthopedics,27,2025-10-12T18:19,2025-10-12T20:00,2025-10-12T22:10,101,231
SYN-0001991,General Medicine,88,2025-05-23T01:28,2025-05-23T02:50,2025-05-23T04:32,82,184
SYN-0001992,Imaging,92,2025-08-24T12:08,2025-08-24T12:25,2025-08-24T12:56,17,48
SYN-0001993,Emergency,76,2025-08-10T10:04,2025-08-10T13:51,2025-08-10T20:24,227,620
SYN-0001994,Cardiology,79,2025-11-18T18:28,2025-11-18T19:46,2025-11-18T21:06,78,158
SYN-0001995,Orthopedics,45,2025-06-02T17:55,2025-06-02T19:54,2025-06-02T21:01,119,186
SYN-0001996,Cardiology,91,2025-09-21T18:21,2025-09-21T19:49,2025-09-21T20:36,88,135
SYN-0001997,Emergency,66,2025-04-18T11:35,2025-04-18T14:38,2025-04-18T21:50,183,615
SYN-0001998,Imaging,63,2025-03-11T22:33,2025-03-11T22:59,2025-03-11T23:21,26,48
SYN-0001999,Imaging,83,2025-03-27T10:47,2025-03-27T11:14,2025-03-27T11:35,27,48
SYN-0002000,Orthopedics,69,2025-04-19T04:25,2025-04-19T05:45,2025-04-19T08:06,80,221
SYN-0002001,Cardiology,68,2025-06-25T09:15,2025-06-25T09:24,2025-06-25T10:39,9,84
SYN-0002002,Imaging,29,2025-10-01T08:05,2025-10-01T08:48,2025-10-01T09:25,43,80
SYN-0002003,Imaging,65,2025-11-21T03:00,2025-11-21T03:53,2025-11-21T04:43,53,103
SYN-0002004,Emergency,33,2025-03-02T04:11,2025-03-02T04:51,2025-03-02T06:20,40,129
SYN-0002005,Imaging,93,2025-01-17T18:25,2025-01-17T19:35,2025-01-17T20:18,70,113
SYN-0002006,General Medicine,93,2025-03-10T20:26,2025-03-10T22:38,2025-03-11T00:18,132,232
SYN-0002007,Cardiology,56,2025-11-12T18:41,2025-11-12T19:35,2025-11-12T22:23,54,222
SYN-0002008,General Medicine,26,2025-08-25T19:47,2025-08-25T20:29,2025-08-25T21:24,42,97
SYN-0002009,General Medicine,68,2025-01-15T09:05,2025-01-15T10:02,2025-01-15T12:15,57,190
SYN-0002010,General Medicine,26,2025-12-22T18:15,2025-12-22T20:42,2025-12-23T00:32,147,377
SYN-0002011,General Medicine,44,2025-04-01T08:37,2025-04-01T11:04,2025-04-01T14:36,147,359
SYN-0002012,Emergency,18,2025-05-12T00:38,2025-05-12T01:34,2025-05-12T09:25,56,527
SYN-0002013,General Medicine,33,2025-08-17T20:43,2025-08-17T22:47,2025-08-18T02:41,124,358
SYN-0002014,Emergency,38,2025-05-31T04:07,2025-05-31T04:49,2025-05-31T10:13,42,366
SYN-0002015,Emergency,28,2025-01-26T11:45,2025-01-26T14:18,2025-01-26T16:59,153,314
SYN-0002016,Emergency,87,2025-09-22T17:39,2025-09-22T19:58,2025-09-22T23:00,139,321
SYN-0002017,Cardiology,56,2025-06-30T20:00,2025-06-30T20:59,2025-06-30T21:44,59,104
SYN-0002018,Emergency,86,2025-08-02T15:28,2025-08-02T17:50,2025-08-03T01:00,142,572
SYN-0002019,Imaging,58,2025-12-24T03:06,2025-12-24T03:28,2025-12-24T04:56,22,110
SYN-0002020,General Medicine,30,2025-06-02T19:12,2025-06-02T20:52,2025-06-02T23:57,100,285
SYN-0002021,Emergency,36,2025-05-17T22:49,2025-05-17T23:59,2025-05-18T00:47,70,118
SYN-0002022,Orthopedics,95,2025-04-08T17:27,2025-04-08T19:21,2025-04-08T20:46,114,199
SYN-0002023,General Medicine,53,2025-09-19T11:07,2025-09-19T12:12,2025-09-19T15:13,65,246
SYN-0002024,Cardiology,88,2025-02-24T03:31,2025-02-24T04:55,2025-02-24T07:28,84,237
SYN-0002025,Orthopedics,69,2025-04-29T22:12,2025-04-29T22:50,2025-04-30T00:57,38,165
SYN-0002026,Imaging,36,2025-11-06T17:24,2025-11-06T17:39,2025-11-06T18:26,15,62
SYN-0002027,General Medicine,42,2025-07-16T04:06,2025-07-16T05:08,2025-07-16T05:56,62,110
SYN-0002028,Orthopedics,71,2025-04-30T10:51,2025-04-30T12:08,2025-04-30T14:48,77,237
SYN-0002029,Cardiology,21,2025-10-03T22:29,2025-10-03T23:14,2025-10-04T01:50,45,201
SYN-0002030,General Medicine,33,2025-07-16T16:46,2025-07-16T17:59,2025-07-16T18:48,73,122
SYN-0002031,General Medicine,26,2025-10-24T05:01,2025-10-24T05:39,2025-10-24T09:04,38,243
SYN-0002032,Orthopedics,60,2025-09-22T04:43,2025-09-22T06:09,2025-09-22T07:01,86,138
SYN-0002033,Orthopedics,19,2025-07-19T06:19,2025-07-19T06:42,2025-07-19T08:09,23,110
SYN-0002034,Emergency,31,2025-10-03T17:04,2025-10-03T18:50,2025-10-03T21:13,106,249
SYN-0002035,Emergency,93,2025-08-12T05:20,2025-08-12T06:14,2025-08-12T11:13,54,353
SYN-0002036,Imaging,91,2025-09-12T01:28,2025-09-12T01:45,2025-09-12T03:07,17,99
SYN-0002037,Orthopedics,24,2025-03-14T03:18,2025-03-14T04:33,2025-03-14T06:12,75,174
SYN-0002038,Cardiology,62,2025-05-12T13:28,2025-05-12T14:13,2025-05-12T16:37,45,189
SYN-0002039,General Medicine,51,2025-04-03T21:29,2025-04-03T23:22,2025-04-04T01:54,113,265
SYN-0002040,Emergency,34,2025-04-24T05:24,2025-04-24T08:29,2025-04-24T13:21,185,477
SYN-0002041,Cardiology,65,2025-02-08T11:52,2025-02-08T12:45,2025-02-08T14:38,53,166
SYN-0002042,Cardiology,41,2025-11-30T08:24,2025-11-30T09:46,2025-11-30T12:18,82,234
SYN-0002043,Imaging,53,2025-07-28T20:32,2025-07-28T21:22,2025-07-28T22:36,50,124
SYN-0002044,Imaging,29,2025-08-11T05:32,2025-08-11T06:43,2025-08-11T07:27,71,115
SYN-0002045,Orthopedics,28,2025-03-07T15:19,2025-03-07T16:16,2025-03-07T18:06,57,167
SYN-0002046,Emergency,39,2025-03-10T04:21,2025-03-10T07:37,2025-03-10T10:09,196,348
SYN-0002047,General Medicine,88,2025-07-28T03:36,2025-07-28T04:00,2025-07-28T04:51,24,75
SYN-0002048,Imaging,79,2025-04-10T08:15,2025-04-10T08:21,2025-04-10T09:30,6,75
SYN-0002049,Imaging,69,2025-04-01T19:08,2025-04-01T20:18,2025-04-01T21:41,70,153
SYN-0002050,Emergency,72,2025-01-06T07:24,2025-01-06T10:11,2025-01-06T12:18,167,294
SYN-0002051,General Medicine,95,2025-01-31T20:13,2025-01-31T21:51,2025-01-31T23:23,98,190
SYN-0002052,Imaging,40,2025-06-13T21:21,2025-06-13T21:47,2025-06-13T23:09,26,108
SYN-0002053,Emergency,83,2025-04-08T01:54,2025-04-08T03:37,2025-04-08T11:16,103,562
SYN-0002054,Orthopedics,66,2025-12-27T19:37,2025-12-27T19:48,2025-12-27T22:06,11,149
SYN-0002055,Cardiology,49,2025-09-04T02:15,2025-09-04T03:07,2025-09-04T04:20,52,125
SYN-0002056,General Medicine,79,2025-08-06T20:30,2025-08-06T21:10,2025-08-06T22:54,40,144
SYN-0002057,Orthopedics,90,2025-01-02T15:02,2025-01-02T15:40,2025-01-02T17:04,38,122
SYN-0002058,Imaging,77,2025-01-26T19:10,2025-01-26T19:42,2025-01-26T20:36,32,86
SYN-0002059,General Medicine,18,2025-09-17T01:04,2025-09-17T03:18,2025-09-17T04:02,134,178
SYN-0002060,General Medicine,63,2025-08-06T06:03,2025-08-06T08:10,2025-08-06T10:04,127,241
SYN-0002061,Emergency,69,2025-05-16T13:20,2025-05-16T13:31,2025-05-16T17:00,11,220
SYN-0002062,Orthopedics,80,2025-11-10T16:50,2025-11-10T16:56,2025-11-10T17:51,6,61
SYN-0002063,Cardiology,70,2025-04-22T22:17,2025-04-22T22:32,2025-04-23T01:32,15,195
SYN-0002064,Emergency,50,2025-04-24T07:50,2025-04-24T10:04,2025-04-24T10:37,134,167
SYN-0002065,Cardiology,56,2025-09-30T13:31,2025-09-30T14:36,2025-09-30T17:02,65,211
SYN-0002066,Orthopedics,31,2025-07-16T05:32,2025-07-16T06:31,2025-07-16T07:47,59,135
SYN-0002067,Imaging,63,2025-04-12T20:28,2025-04-12T21:29,2025-04-12T22:04,61,96
SYN-0002068,Imaging,32,2025-05-25T12:25,2025-05-25T12:30,2025-05-25T13:30,5,65
SYN-0002069,Cardiology,68,2025-04-08T08:13,2025-04-08T08:54,2025-04-08T09:49,41,96
SYN-0002070,Imaging,43,2025-04-27T17:39,2025-04-27T18:26,2025-04-27T18:45,47,66
SYN-0002071,Imaging,80,2025-11-03T15:10,2025-11-03T15:49,2025-11-03T16:19,39,69
SYN-0002072,General Medicine,59,2025-04-03T19:04,2025-04-03T21:20,2025-04-04T01:14,136,370
SYN-0002073,Imaging,32,2025-04-06T16:41,2025-04-06T17:50,2025-04-06T18:54,69,133
SYN-0002074,Emergency,37,2025-04-02T20:10,2025-04-02T23:42,2025-04-03T00:22,212,252
SYN-0002075,Orthopedics,24,2025-06-22T05:13,2025-06-22T06:22,2025-06-22T06:55,69,102
SYN-0002076,Orthopedics,79,2025-11-13T06:26,2025-11-13T07:25,2025-11-13T07:57,59,91
SYN-0002077,Orthopedics,72,2025-03-02T03:47,2025-03-02T04:28,2025-03-02T07:02,41,195
SYN-0002078,Cardiology,49,2025-05-17T01:37,2025-05-17T03:01,2025-05-17T04:25,84,168
SYN-0002079,Orthopedics,49,2025-07-11T21:31,2025-07-11T23:14,2025-07-12T00:13,103,162
SYN-0002080,Imaging,82,2025-03-17T01:11,2025-03-17T01:41,2025-03-17T02:56,30,105
SYN-0002081,General Medicine,47,2025-04-19T07:10,2025-04-19T08:06,2025-04-19T09:24,56,134
SYN-0002082,Emergency,53,2025-01-28T22:30,2025-01-28T23:13,2025-01-29T03:08,43,278
SYN-0002083,Cardiology,43,2025-01-13T20:39,2025-01-13T21:02,2025-01-13T23:36,23,177
SYN-0002084,Emergency,70,2025-10-04T23:08,2025-10-05T02:59,2025-10-05T03:55,231,287
SYN-0002085,General Medicine,46,2025-06-18T12:29,2025-06-18T13:57,2025-06-18T17:26,88,297
SYN-0002086,Orthopedics,83,2025-02-14T16:09,2025-02-14T17:08,2025-02-14T19:40,59,211
SYN-0002087,Imaging,52,2025-03-22T03:20,2025-03-22T03:31,2025-03-22T04:24,11,64
SYN-0002088,Orthopedics,49,2025-11-01T10:22,2025-11-01T11:02,2025-11-01T13:01,40,159
SYN-0002089,Orthopedics,23,2025-05-13T08:20,2025-05-13T10:19,2025-05-13T11:01,119,161
SYN-0002090,Emergency,45,2025-08-23T05:03,2025-08-23T05:26,2025-08-23T11:34,23,391
SYN-0002091,Orthopedics,73,2025-03-15T08:56,2025-03-15T10:01,2025-03-15T11:42,65,166
SYN-0002092,Cardiology,60,2025-09-22T18:02,2025-09-22T18:39,2025-09-22T21:29,37,207
SYN-0002093,Orthopedics,88,2025-01-10T22:45,2025-01-10T23:04,2025-01-10T23:58,19,73
SYN-0002094,Cardiology,93,2025-09-21T03:39,2025-09-21T04:26,2025-09-21T06:43,47,184
SYN-0002095,General Medicine,44,2025-07-20T22:31,2025-07-21T00:16,2025-07-21T01:46,105,195
SYN-0002096,General Medicine,34,2025-03-19T10:52,2025-03-19T12:40,2025-03-19T13:32,108,160
SYN-0002097,General Medicine,42,2025-05-19T16:04,2025-05-19T16:44,2025-05-19T17:24,40,80
SYN-0002098,Imaging,56,2025-09-07T16:34,2025-09-07T16:51,2025-09-07T17:15,17,41
SYN-0002099,Imaging,23,2025-04-22T21:37,2025-04-22T22:07,2025-04-22T23:30,30,113
SYN-0002100,Cardiology,89,2025-07-03T21:12,2025-07-03T21:41,2025-07-04T00:13,29,181
SYN-0002101,Orthopedics,33,2025-11-23T13:47,2025-11-23T15:46,2025-11-23T17:49,119,242
SYN-0002102,Imaging,85,2025-11-02T02:37,2025-11-02T02:50,2025-11-02T04:06,13,89
SYN-0002103,General Medicine,34,2025-07-19T15:05,2025-07-19T15:20,2025-07-19T16:32,15,87
SYN-0002104,Orthopedics,42,2025-02-14T06:26,2025-02-14T06:36,2025-02-14T09:30,10,184
SYN-0002105,Imaging,39,2025-02-24T14:28,2025-02-24T15:36,2025-02-24T16:59,68,151
SYN-0002106,Imaging,69,2025-10-12T04:03,2025-10-12T05:13,2025-10-12T06:17,70,134
SYN-0002107,General Medicine,18,2025-05-15T00:47,2025-05-15T02:06,2025-05-15T03:28,79,161
SYN-0002108,Cardiology,83,2025-01-07T10:51,2025-01-07T12:09,2025-01-07T13:49,78,178
SYN-0002109,Imaging,56,2025-07-08T11:27,2025-07-08T12:36,2025-07-08T13:58,69,151
SYN-0002110,Cardiology,39,2025-03-28T17:28,2025-03-28T18:10,2025-03-28T20:03,42,155
SYN-0002111,Cardiology,23,2025-08-01T12:19,2025-08-01T12:29,2025-08-01T14:14,10,115
SYN-0002112,Cardiology,24,2025-07-16T22:11,2025-07-16T22:51,2025-07-17T00:10,40,119
SYN-0002113,Cardiology,62,2025-01-02T00:27,2025-01-02T00:58,2025-01-02T02:12,31,105
SYN-0002114,General Medicine,88,2025-03-02T14:49,2025-03-02T16:33,2025-03-02T18:26,104,217
SYN-0002115,Orthopedics,55,2025-10-25T08:18,2025-10-25T09:55,2025-10-25T10:59,97,161
SYN-0002116,Orthopedics,46,2025-09-16T20:31,2025-09-16T20:43,2025-09-16T21:15,12,44
SYN-0002117,Orthopedics,86,2025-01-12T09:18,2025-01-12T09:45,2025-01-12T11:20,27,122
SYN-0002118,General Medicine,50,2025-10-06T03:36,2025-10-06T04:13,2025-10-06T07:47,37,251
SYN-0002119,General Medicine,46,2025-11-18T23:44,2025-11-19T00:46,2025-11-19T04:45,62,301
SYN-0002120,Orthopedics,37,2025-10-15T23:13,2025-10-15T23:52,2025-10-16T01:14,39,121
SYN-0002121,Imaging,36,2025-09-26T10:27,2025-09-26T11:01,2025-09-26T12:11,34,104
SYN-0002122,Imaging,76,2025-05-13T04:10,2025-05-13T04:26,2025-05-13T05:44,16,94
SYN-0002123,Cardiology,41,2025-12-24T04:25,2025-12-24T04:52,2025-12-24T06:25,27,120
SYN-0002124,Orthopedics,40,2025-04-29T15:12,2025-04-29T15:19,2025-04-29T17:08,7,116
SYN-0002125,Imaging,27,2025-04-15T12:14,2025-04-15T12:43,2025-04-15T13:06,29,52
SYN-0002126,Imaging,30,2025-10-21T02:16,2025-10-21T02:52,2025-10-21T04:05,36,109
SYN-0002127,General Medicine,95,2025-01-09T14:01,2025-01-09T14:46,2025-01-09T18:22,45,261
SYN-0002128,Emergency,32,2025-01-16T02:02,2025-01-16T03:48,2025-01-16T07:34,106,332
SYN-0002129,Emergency,34,2025-02-01T20:24,2025-02-01T23:49,2025-02-02T07:24,205,660
SYN-0002130,Cardiology,94,2025-04-14T20:44,2025-04-14T20:59,2025-04-14T22:52,15,128
SYN-0002131,Emergency,87,2025-03-19T10:24,2025-03-19T13:56,2025-03-19T14:30,212,246
SYN-0002132,Orthopedics,35,2025-05-28T07:49,2025-05-28T09:43,2025-05-28T10:34,114,165
SYN-0002133,Imaging,60,2025-08-12T19:56,2025-08-12T20:57,2025-08-12T21:32,61,96
SYN-0002134,Imaging,87,2025-02-10T16:29,2025-02-10T16:53,2025-02-10T17:39,24,70
SYN-0002135,Orthopedics,20,2025-03-31T14:54,2025-03-31T16:19,2025-03-31T19:08,85,254
SYN-0002136,Emergency,31,2025-08-05T01:52,2025-08-05T02:28,2025-08-05T07:36,36,344
SYN-0002137,General Medicine,46,2025-01-01T21:09,2025-01-01T23:05,2025-01-02T00:11,116,182
SYN-0002138,Emergency,36,2025-10-08T15:03,2025-10-08T16:11,2025-10-08T20:19,68,316
SYN-0002139,Orthopedics,67,2025-06-14T11:36,2025-06-14T13:04,2025-06-14T14:47,88,191
SYN-0002140,Emergency,46,2025-03-22T04:45,2025-03-22T07:00,2025-03-22T08:56,135,251
SYN-0002141,Emergency,60,2025-02-25T13:15,2025-02-25T14:37,2025-02-25T18:09,82,294
SYN-0002142,Emergency,95,2025-02-01T13:32,2025-02-01T15:14,2025-02-01T16:27,102,175
SYN-0002143,Cardiology,94,2025-09-01T19:49,2025-09-01T20:16,2025-09-01T22:50,27,181
SYN-0002144,Cardiology,54,2025-08-08T14:12,2025-08-08T15:11,2025-08-08T16:34,59,142
SYN-0002145,Orthopedics,81,2025-07-17T09:41,2025-07-17T11:38,2025-07-17T12:34,117,173
SYN-0002146,Orthopedics,37,2025-01-02T14:04,2025-01-02T14:42,2025-01-02T15:31,38,87
SYN-0002147,Cardiology,75,2025-10-12T10:13,2025-10-12T10:58,2025-10-12T12:20,45,127
SYN-0002148,Imaging,53,2025-11-08T06:17,2025-11-08T06:30,2025-11-08T06:59,13,42
SYN-0002149,Cardiology,41,2025-04-03T20:50,2025-04-03T21:06,2025-04-03T23:13,16,143
SYN-0002150,Imaging,72,2025-12-26T20:53,2025-12-26T21:43,2025-12-26T22:38,50,105
SYN-0002151,Imaging,49,2025-04-11T15:35,2025-04-11T16:32,2025-04-11T17:29,57,114
SYN-0002152,Imaging,86,2025-12-28T23:29,2025-12-29T00:27,2025-12-29T01:52,58,143
SYN-0002153,General Medicine,67,2025-06-17T13:32,2025-06-17T15:48,2025-06-17T18:34,136,302
SYN-0002154,Emergency,85,2025-11-04T04:12,2025-11-04T06:50,2025-11-04T13:26,158,554
SYN-0002155,General Medicine,48,2025-03-05T12:48,2025-03-05T13:54,2025-03-05T17:23,66,275
SYN-0002156,Orthopedics,64,2025-01-13T11:47,2025-01-13T11:52,2025-01-13T13:14,5,87
SYN-0002157,General Medicine,25,2025-03-22T05:07,2025-03-22T07:18,2025-03-22T08:22,131,195
SYN-0002158,Orthopedics,76,2025-08-03T14:12,2025-08-03T15:03,2025-08-03T16:08,51,116
SYN-0002159,Cardiology,44,2025-06-26T13:56,2025-06-26T15:11,2025-06-26T17:43,75,227
SYN-0002160,Cardiology,36,2025-03-27T08:50,2025-03-27T09:02,2025-03-27T10:22,12,92
SYN-0002161,Imaging,24,2025-09-28T15:39,2025-09-28T15:47,2025-09-28T16:56,8,77
SYN-0002162,Emergency,79,2025-02-23T17:13,2025-02-23T20:12,2025-02-24T01:39,179,506
SYN-0002163,General Medicine,64,2025-04-17T23:01,2025-04-17T23:51,2025-04-18T00:28,50,87
SYN-0002164,Cardiology,19,2025-02-26T02:48,2025-02-26T03:03,2025-02-26T04:50,15,122
SYN-0002165,General Medicine,78,2025-05-13T20:05,2025-05-13T22:01,2025-05-13T23:09,116,184
SYN-0002166,Cardiology,70,2025-12-09T09:04,2025-12-09T10:16,2025-12-09T12:17,72,193
SYN-0002167,Orthopedics,32,2025-07-28T19:39,2025-07-28T20:40,2025-07-28T21:13,61,94
SYN-0002168,Cardiology,82,2025-05-07T09:32,2025-05-07T09:44,2025-05-07T10:37,12,65
SYN-0002169,Cardiology,76,2025-11-05T11:18,2025-11-05T11:24,2025-11-05T13:50,6,152
SYN-0002170,General Medicine,47,2025-08-11T20:19,2025-08-11T21:35,2025-08-12T00:31,76,252
SYN-0002171,Imaging,84,2025-03-08T22:42,2025-03-08T23:07,2025-03-08T23:56,25,74
SYN-0002172,Imaging,25,2025-10-19T13:32,2025-10-19T13:53,2025-10-19T14:35,21,63
SYN-0002173,Cardiology,77,2025-02-26T05:19,2025-02-26T06:14,2025-02-26T07:46,55,147
SYN-0002174,Imaging,39,2025-10-05T01:11,2025-10-05T01:56,2025-10-05T03:02,45,111
SYN-0002175,Emergency,42,2025-11-05T21:48,2025-11-06T01:23,2025-11-06T05:03,215,435
SYN-0002176,Orthopedics,64,2025-02-26T15:48,2025-02-26T16:06,2025-02-26T17:02,18,74
SYN-0002177,General Medicine,54,2025-06-24T10:05,2025-06-24T11:40,2025-06-24T12:17,95,132
SYN-0002178,Cardiology,45,2025-02-17T13:32,2025-02-17T14:46,2025-02-17T15:58,74,146
SYN-0002179,General Medicine,42,2025-08-14T02:15,2025-08-14T02:27,2025-08-14T06:10,12,235
SYN-0002180,General Medicine,48,2025-01-24T13:39,2025-01-24T14:40,2025-01-24T17:53,61,254
SYN-0002181,Orthopedics,90,2025-02-02T16:14,2025-02-02T16:29,2025-02-02T19:24,15,190
SYN-0002182,Imaging,29,2025-08-18T01:41,2025-08-18T01:51,2025-08-18T02:12,10,31
SYN-0002183,Orthopedics,68,2025-07-25T15:20,2025-07-25T15:26,2025-07-25T17:27,6,127
SYN-0002184,General Medicine,63,2025-10-12T10:57,2025-10-12T11:56,2025-10-12T13:46,59,169
SYN-0002185,Cardiology,82,2025-10-24T13:50,2025-10-24T14:07,2025-10-24T16:16,17,146
SYN-0002186,Emergency,21,2025-04-20T08:42,2025-04-20T11:00,2025-04-20T18:23,138,581
SYN-0002187,General Medicine,55,2025-01-28T05:45,2025-01-28T07:32,2025-01-28T10:04,107,259
SYN-0002188,Cardiology,29,2025-02-27T08:18,2025-02-27T08:42,2025-02-27T11:25,24,187
SYN-0002189,Cardiology,82,2025-04-28T06:30,2025-04-28T07:02,2025-04-28T08:23,32,113
SYN-0002190,General Medicine,75,2025-09-06T14:39,2025-09-06T17:02,2025-09-06T20:48,143,369
SYN-0002191,Cardiology,73,2025-09-20T08:59,2025-09-20T09:47,2025-09-20T11:46,48,167
SYN-0002192,Emergency,48,2025-10-10T06:23,2025-10-10T10:21,2025-10-10T16:55,238,632
SYN-0002193,Cardiology,90,2025-04-21T23:24,2025-04-22T00:47,2025-04-22T01:51,83,147
SYN-0002194,Imaging,57,2025-04-14T20:30,2025-04-14T20:47,2025-04-14T21:03,17,33
SYN-0002195,General Medicine,76,2025-03-10T12:45,2025-03-10T13:17,2025-03-10T15:54,32,189
SYN-0002196,Orthopedics,26,2025-04-28T13:56,2025-04-28T14:22,2025-04-28T16:07,26,131
SYN-0002197,Orthopedics,29,2025-09-15T07:33,2025-09-15T08:51,2025-09-15T10:54,78,201
SYN-0002198,Emergency,51,2025-12-02T12:02,2025-12-02T12:57,2025-12-02T19:30,55,448
SYN-0002199,Imaging,33,2025-04-13T06:29,2025-04-13T07:06,2025-04-13T08:17,37,108
SYN-0002200,General Medicine,54,2025-09-22T16:08,2025-09-22T18:22,2025-09-22T19:02,134,174
SYN-0002201,Imaging,64,2025-11-18T00:01,2025-11-18T00:58,2025-11-18T01:29,57,88
SYN-0002202,General Medicine,70,2025-03-02T19:06,2025-03-02T20:36,2025-03-02T22:41,90,215
SYN-0002203,General Medicine,25,2025-02-01T01:48,2025-02-01T03:53,2025-02-01T05:30,125,222
SYN-0002204,Cardiology,31,2025-04-23T13:10,2025-04-23T14:26,2025-04-23T15:13,76,123
SYN-0002205,Orthopedics,27,2025-10-18T17:55,2025-10-18T18:48,2025-10-18T19:58,53,123
SYN-0002206,Cardiology,62,2025-03-10T02:05,2025-03-10T02:59,2025-03-10T05:42,54,217
SYN-0002207,Imaging,31,2025-12-05T11:53,2025-12-05T12:57,2025-12-05T14:20,64,147
SYN-0002208,Emergency,68,2025-03-20T21:31,2025-03-20T22:27,2025-03-21T05:11,56,460
SYN-0002209,Imaging,26,2025-08-28T08:48,2025-08-28T09:18,2025-08-28T10:24,30,96
SYN-0002210,Orthopedics,78,2025-06-04T20:04,2025-06-04T20:52,2025-06-04T23:26,48,202
SYN-0002211,Emergency,87,2025-01-28T21:01,2025-01-28T22:22,2025-01-29T02:44,81,343
SYN-0002212,Cardiology,58,2025-06-05T10:39,2025-06-05T11:44,2025-06-05T13:06,65,147
SYN-0002213,General Medicine,25,2025-10-04T21:57,2025-10-04T22:15,2025-10-05T01:18,18,201
SYN-0002214,Orthopedics,45,2025-12-11T17:25,2025-12-11T19:11,2025-12-11T21:31,106,246
SYN-0002215,Emergency,72,2025-01-17T16:57,2025-01-17T18:01,2025-01-18T01:55,64,538
SYN-0002216,Orthopedics,36,2025-03-02T20:51,2025-03-02T21:28,2025-03-02T22:43,37,112
SYN-0002217,Emergency,56,2025-03-01T11:58,2025-03-01T13:18,2025-03-01T17:15,80,317
SYN-0002218,Imaging,51,2025-06-05T21:45,2025-06-05T22:43,2025-06-06T00:05,58,140
SYN-0002219,Cardiology,61,2025-11-09T01:10,2025-11-09T01:21,2025-11-09T02:29,11,79
SYN-0002220,Orthopedics,71,2025-09-12T08:02,2025-09-12T08:28,2025-09-12T09:48,26,106
SYN-0002221,Imaging,73,2025-04-28T00:14,2025-04-28T01:19,2025-04-28T02:42,65,148
SYN-0002222,Orthopedics,19,2025-10-11T08:40,2025-10-11T10:13,2025-10-11T13:09,93,269
SYN-0002223,General Medicine,59,2025-04-16T07:22,2025-04-16T08:22,2025-04-16T09:11,60,109
SYN-0002224,Orthopedics,36,2025-11-30T23:38,2025-11-30T23:44,2025-12-01T00:52,6,74
SYN-0002225,Imaging,51,2025-10-23T22:07,2025-10-23T22:52,2025-10-23T23:21,45,74
SYN-0002226,General Medicine,75,2025-04-02T13:04,2025-04-02T13:14,2025-04-02T15:39,10,155
SYN-0002227,General Medicine,42,2025-06-09T04:42,2025-06-09T05:16,2025-06-09T05:55,34,73
SYN-0002228,Imaging,45,2025-10-02T22:16,2025-10-02T23:30,2025-10-03T00:06,74,110
SYN-0002229,Orthopedics,65,2025-01-11T11:09,2025-01-11T11:40,2025-01-11T12:58,31,109
SYN-0002230,Orthopedics,82,2025-08-12T12:36,2025-08-12T12:43,2025-08-12T14:30,7,114
SYN-0002231,Emergency,70,2025-11-29T01:08,2025-11-29T04:17,2025-11-29T09:02,189,474
SYN-0002232,Imaging,84,2025-11-07T02:15,2025-11-07T03:05,2025-11-07T04:05,50,110
SYN-0002233,Orthopedics,72,2025-12-01T02:31,2025-12-01T02:50,2025-12-01T04:05,19,94
SYN-0002234,Orthopedics,87,2025-04-29T10:38,2025-04-29T11:05,2025-04-29T13:56,27,198
SYN-0002235,Imaging,54,2025-11-15T13:45,2025-11-15T14:38,2025-11-15T15:29,53,104
SYN-0002236,General Medicine,29,2025-03-17T14:14,2025-03-17T14:49,2025-03-17T15:41,35,87
SYN-0002237,Emergency,81,2025-03-17T11:51,2025-03-17T14:38,2025-03-17T18:38,167,407
SYN-0002238,General Medicine,82,2025-11-20T09:16,2025-11-20T11:45,2025-11-20T12:40,149,204
SYN-0002239,General Medicine,71,2025-07-31T02:26,2025-07-31T02:44,2025-07-31T06:04,18,218
SYN-0002240,Cardiology,32,2025-10-05T11:51,2025-10-05T12:24,2025-10-05T15:05,33,194
SYN-0002241,Cardiology,77,2025-09-13T07:25,2025-09-13T08:30,2025-09-13T09:46,65,141
SYN-0002242,Imaging,46,2025-09-30T19:22,2025-09-30T20:17,2025-09-30T20:32,55,70
SYN-0002243,General Medicine,57,2025-07-12T14:27,2025-07-12T15:49,2025-07-12T17:27,82,180
SYN-0002244,Imaging,22,2025-10-29T20:54,2025-10-29T21:29,2025-10-29T21:44,35,50
SYN-0002245,Emergency,84,2025-09-30T15:12,2025-09-30T15:28,2025-09-30T17:16,16,124
SYN-0002246,General Medicine,91,2025-05-05T02:08,2025-05-05T03:39,2025-05-05T05:34,91,206
SYN-0002247,Imaging,42,2025-10-12T23:33,2025-10-13T00:08,2025-10-13T01:34,35,121
SYN-0002248,General Medicine,34,2025-11-09T11:06,2025-11-09T12:56,2025-11-09T13:39,110,153
SYN-0002249,Imaging,84,2025-08-20T15:38,2025-08-20T16:05,2025-08-20T17:11,27,93
SYN-0002250,Cardiology,34,2025-03-14T12:15,2025-03-14T13:15,2025-03-14T14:59,60,164
SYN-0002251,General Medicine,51,2025-10-13T10:54,2025-10-13T11:34,2025-10-13T14:45,40,231
SYN-0002252,General Medicine,29,2025-05-29T09:00,2025-05-29T09:50,2025-05-29T11:42,50,162
SYN-0002253,Emergency,93,2025-01-09T09:38,2025-01-09T09:54,2025-01-09T14:07,16,269
SYN-0002254,Cardiology,21,2025-10-06T11:00,2025-10-06T11:08,2025-10-06T12:13,8,73
SYN-0002255,Cardiology,48,2025-05-16T20:17,2025-05-16T21:20,2025-05-16T23:36,63,199
SYN-0002256,Cardiology,66,2025-06-28T14:07,2025-06-28T14:50,2025-06-28T16:24,43,137
SYN-0002257,Orthopedics,28,2025-07-20T05:21,2025-07-20T06:50,2025-07-20T07:33,89,132
SYN-0002258,Cardiology,32,2025-03-17T07:22,2025-03-17T08:47,2025-03-17T09:37,85,135
SYN-0002259,Imaging,54,2025-04-14T06:45,2025-04-14T07:05,2025-04-14T07:33,20,48
SYN-0002260,Orthopedics,27,2025-03-09T13:23,2025-03-09T15:22,2025-03-09T16:38,119,195
SYN-0002261,Imaging,30,2025-10-12T13:43,2025-10-12T14:34,2025-10-12T15:15,51,92
SYN-0002262,Imaging,80,2025-02-23T13:49,2025-02-23T13:56,2025-02-23T15:03,7,74
SYN-0002263,Emergency,66,2025-11-02T18:24,2025-11-02T19:27,2025-11-03T01:48,63,444
SYN-0002264,Orthopedics,41,2025-04-28T07:29,2025-04-28T08:55,2025-04-28T11:20,86,231
SYN-0002265,Orthopedics,33,2025-01-23T21:38,2025-01-23T21:44,2025-01-23T22:59,6,81
SYN-0002266,Orthopedics,38,2025-01-04T15:38,2025-01-04T16:27,2025-01-04T19:00,49,202
SYN-0002267,General Medicine,95,2025-05-21T10:12,2025-05-21T11:27,2025-05-21T12:28,75,136
SYN-0002268,Emergency,45,2025-04-21T22:26,2025-04-22T00:53,2025-04-22T01:34,147,188
SYN-0002269,Orthopedics,59,2025-01-22T11:30,2025-01-22T11:49,2025-01-22T13:14,19,104
SYN-0002270,Cardiology,52,2025-04-03T04:09,2025-04-03T04:42,2025-04-03T05:48,33,99
SYN-0002271,Orthopedics,62,2025-03-08T23:17,2025-03-09T00:23,2025-03-09T01:44,66,147
SYN-0002272,General Medicine,73,2025-12-28T00:45,2025-12-28T02:10,2025-12-28T04:39,85,234
SYN-0002273,General Medicine,40,2025-07-02T02:41,2025-07-02T04:33,2025-07-02T05:52,112,191
SYN-0002274,Cardiology,92,2025-03-16T22:12,2025-03-16T22:52,2025-03-17T01:17,40,185
SYN-0002275,General Medicine,80,2025-05-30T21:10,2025-05-30T22:39,2025-05-30T23:51,89,161
SYN-0002276,Imaging,58,2025-07-17T19:50,2025-07-17T20:52,2025-07-17T22:01,62,131
SYN-0002277,General Medicine,72,2025-10-06T22:12,2025-10-06T22:49,2025-10-07T01:54,37,222
SYN-0002278,Cardiology,26,2025-09-30T07:25,2025-09-30T08:42,2025-09-30T10:57,77,212
SYN-0002279,Imaging,93,2025-07-04T06:36,2025-07-04T07:02,2025-07-04T07:21,26,45
SYN-0002280,Imaging,68,2025-09-14T12:04,2025-09-14T12:46,2025-09-14T14:08,42,124
SYN-0002281,Emergency,72,2025-08-23T23:15,2025-08-23T23:54,2025-08-24T01:56,39,161
SYN-0002282,Cardiology,45,2025-02-22T21:28,2025-02-22T22:18,2025-02-23T00:05,50,157
SYN-0002283,Orthopedics,33,2025-08-17T23:27,2025-08-18T00:19,2025-08-18T01:26,52,119
SYN-0002284,Emergency,60,2025-01-08T22:30,2025-01-09T00:01,2025-01-09T06:23,91,473
SYN-0002285,Cardiology,89,2025-06-19T09:49,2025-06-19T10:53,2025-06-19T13:00,64,191
SYN-0002286,Emergency,85,2025-06-04T12:01,2025-06-04T13:49,2025-06-04T16:44,108,283
SYN-0002287,Cardiology,91,2025-02-24T11:38,2025-02-24T11:56,2025-02-24T13:52,18,134
SYN-0002288,Imaging,43,2025-08-22T02:31,2025-08-22T03:31,2025-08-22T04:26,60,115
SYN-0002289,Cardiology,23,2025-12-30T02:33,2025-12-30T02:44,2025-12-30T05:35,11,182
SYN-0002290,Orthopedics,75,2025-04-01T08:40,2025-04-01T09:38,2025-04-01T10:38,58,118
SYN-0002291,Cardiology,48,2025-10-06T18:55,2025-10-06T20:16,2025-10-06T22:24,81,209
SYN-0002292,General Medicine,91,2025-01-13T23:42,2025-01-13T23:57,2025-01-14T01:39,15,117
SYN-0002293,Emergency,69,2025-04-06T10:24,2025-04-06T12:32,2025-04-06T15:27,128,303
SYN-0002294,Emergency,61,2025-01-29T11:40,2025-01-29T15:39,2025-01-29T20:42,239,542
SYN-0002295,Emergency,71,2025-03-11T06:20,2025-03-11T06:47,2025-03-11T11:17,27,297
SYN-0002296,Orthopedics,69,2025-09-09T19:43,2025-09-09T20:23,2025-09-09T22:14,40,151
SYN-0002297,Emergency,81,2025-08-17T01:07,2025-08-17T03:39,2025-08-17T10:45,152,578
SYN-0002298,General Medicine,76,2025-08-06T07:41,2025-08-06T08:03,2025-08-06T10:13,22,152
SYN-0002299,Imaging,21,2025-03-16T19:34,2025-03-16T19:54,2025-03-16T20:56,20,82
SYN-0002300,Cardiology,31,2025-04-12T00:33,2025-04-12T00:44,2025-04-12T01:31,11,58
SYN-0002301,Orthopedics,39,2025-06-14T19:36,2025-06-14T21:31,2025-06-14T23:52,115,256
SYN-0002302,Emergency,86,2025-09-26T14:38,2025-09-26T15:36,2025-09-26T22:16,58,458
SYN-0002303,Emergency,51,2025-02-08T05:20,2025-02-08T08:26,2025-02-08T16:20,186,660
SYN-0002304,Emergency,27,2025-08-10T13:51,2025-08-10T14:29,2025-08-10T15:23,38,92
SYN-0002305,Orthopedics,39,2025-07-16T13:03,2025-07-16T13:50,2025-07-16T15:57,47,174
SYN-0002306,Cardiology,34,2025-03-29T07:25,2025-03-29T08:44,2025-03-29T11:26,79,241
SYN-0002307,Orthopedics,75,2025-10-28T22:50,2025-10-29T00:45,2025-10-29T01:52,115,182
SYN-0002308,Emergency,91,2025-06-25T03:27,2025-06-25T05:50,2025-06-25T10:50,143,443
SYN-0002309,Imaging,79,2025-08-23T09:48,2025-08-23T10:55,2025-08-23T11:45,67,117
SYN-0002310,Cardiology,28,2025-08-04T17:04,2025-08-04T17:20,2025-08-04T19:12,16,128
SYN-0002311,Orthopedics,27,2025-05-30T22:12,2025-05-30T23:28,2025-05-31T01:00,76,168
SYN-0002312,Emergency,19,2025-06-04T17:16,2025-06-04T19:32,2025-06-04T20:32,136,196
SYN-0002313,Cardiology,80,2025-05-17T20:05,2025-05-17T21:09,2025-05-17T23:32,64,207
SYN-0002314,Emergency,57,2025-08-17T04:20,2025-08-17T05:57,2025-08-17T08:13,97,233
SYN-0002315,Imaging,34,2025-03-18T22:33,2025-03-18T22:57,2025-03-19T00:16,24,103
SYN-0002316,Cardiology,83,2025-11-26T10:49,2025-11-26T11:40,2025-11-26T14:03,51,194
SYN-0002317,Cardiology,53,2025-02-19T23:33,2025-02-20T00:29,2025-02-20T02:02,56,149
SYN-0002318,Imaging,36,2025-03-16T07:42,2025-03-16T08:08,2025-03-16T09:02,26,80
SYN-0002319,Imaging,20,2025-06-25T04:08,2025-06-25T04:26,2025-06-25T04:55,18,47
SYN-0002320,Imaging,78,2025-01-21T19:34,2025-01-21T20:02,2025-01-21T20:51,28,77
SYN-0002321,General Medicine,33,2025-07-13T09:19,2025-07-13T11:24,2025-07-13T13:24,125,245
SYN-0002322,General Medicine,45,2025-11-11T04:32,2025-11-11T05:03,2025-11-11T07:03,31,151
SYN-0002323,Cardiology,83,2025-11-10T17:37,2025-11-10T18:32,2025-11-10T21:25,55,228
SYN-0002324,Orthopedics,65,2025-07-18T11:50,2025-07-18T12:01,2025-07-18T14:23,11,153
SYN-0002325,Emergency,72,2025-10-06T13:03,2025-10-06T13:25,2025-10-06T19:27,22,384
SYN-0002326,Cardiology,40,2025-10-21T05:33,2025-10-21T06:15,2025-10-21T07:48,42,135
SYN-0002327,General Medicine,84,2025-12-26T10:34,2025-12-26T11:54,2025-12-26T14:39,80,245
SYN-0002328,Imaging,32,2025-07-01T06:36,2025-07-01T06:54,2025-07-01T07:15,18,39
SYN-0002329,Cardiology,91,2025-01-26T23:41,2025-01-27T00:00,2025-01-27T00:58,19,77
SYN-0002330,Orthopedics,53,2025-03-15T13:39,2025-03-15T14:14,2025-03-15T15:00,35,81
SYN-0002331,Cardiology,68,2025-10-13T09:05,2025-10-13T10:29,2025-10-13T12:57,84,232
SYN-0002332,Emergency,81,2025-07-15T08:18,2025-07-15T09:24,2025-07-15T16:09,66,471
SYN-0002333,Cardiology,54,2025-09-11T03:19,2025-09-11T03:45,2025-09-11T05:22,26,123
SYN-0002334,General Medicine,30,2025-01-03T06:17,2025-01-03T07:40,2025-01-03T11:17,83,300
SYN-0002335,Cardiology,48,2025-08-11T07:55,2025-08-11T09:04,2025-08-11T11:51,69,236
SYN-0002336,Cardiology,41,2025-05-02T08:20,2025-05-02T09:05,2025-05-02T10:07,45,107
SYN-0002337,Orthopedics,19,2025-04-14T06:43,2025-04-14T08:43,2025-04-14T11:09,120,266
SYN-0002338,Imaging,40,2025-01-16T03:58,2025-01-16T04:57,2025-01-16T05:54,59,116
SYN-0002339,Orthopedics,19,2025-05-05T07:38,2025-05-05T09:35,2025-05-05T10:24,117,166
SYN-0002340,General Medicine,80,2025-01-01T17:35,2025-01-01T19:15,2025-01-01T21:46,100,251
SYN-0002341,Cardiology,20,2025-02-02T21:31,2025-02-02T22:36,2025-02-02T23:49,65,138
SYN-0002342,General Medicine,36,2025-05-02T19:51,2025-05-02T21:15,2025-05-02T22:43,84,172
SYN-0002343,Emergency,75,2025-09-02T10:23,2025-09-02T10:58,2025-09-02T14:03,35,220
SYN-0002344,Imaging,80,2025-07-07T09:20,2025-07-07T10:09,2025-07-07T11:33,49,133
SYN-0002345,Orthopedics,63,2025-01-10T20:59,2025-01-10T21:50,2025-01-11T00:17,51,198
SYN-0002346,Orthopedics,32,2025-12-19T16:42,2025-12-19T18:17,2025-12-19T20:12,95,210
SYN-0002347,Orthopedics,36,2025-01-16T02:14,2025-01-16T03:46,2025-01-16T06:28,92,254
SYN-0002348,Imaging,81,2025-09-18T02:25,2025-09-18T02:58,2025-09-18T03:31,33,66
SYN-0002349,Emergency,64,2025-11-10T15:23,2025-11-10T16:35,2025-11-10T22:00,72,397
SYN-0002350,Cardiology,31,2025-10-03T02:09,2025-10-03T02:25,2025-10-03T03:59,16,110
SYN-0002351,Orthopedics,85,2025-11-24T03:33,2025-11-24T05:30,2025-11-24T08:19,117,286
SYN-0002352,Cardiology,68,2025-08-30T04:03,2025-08-30T04:41,2025-08-30T06:55,38,172
SYN-0002353,General Medicine,42,2025-08-14T05:48,2025-08-14T07:44,2025-08-14T09:24,116,216
SYN-0002354,Emergency,33,2025-09-07T23:09,2025-09-08T01:47,2025-09-08T06:43,158,454
SYN-0002355,Imaging,54,2025-09-10T16:13,2025-09-10T17:16,2025-09-10T18:43,63,150
SYN-0002356,Emergency,77,2025-04-18T03:18,2025-04-18T03:30,2025-04-18T08:15,12,297
SYN-0002357,Cardiology,56,2025-04-29T09:45,2025-04-29T10:56,2025-04-29T12:55,71,190
SYN-0002358,Imaging,19,2025-08-03T14:43,2025-08-03T15:24,2025-08-03T15:47,41,64
SYN-0002359,Imaging,93,2025-07-26T02:05,2025-07-26T02:15,2025-07-26T02:57,10,52
SYN-0002360,Emergency,18,2025-08-11T16:37,2025-08-11T17:00,2025-08-11T21:40,23,303
SYN-0002361,Imaging,50,2025-02-06T08:06,2025-02-06T08:56,2025-02-06T09:11,50,65
SYN-0002362,Cardiology,29,2025-04-23T21:28,2025-04-23T22:17,2025-04-24T00:14,49,166
SYN-0002363,Orthopedics,92,2025-11-11T14:38,2025-11-11T15:01,2025-11-11T16:21,23,103
SYN-0002364,Emergency,78,2025-01-24T09:37,2025-01-24T11:01,2025-01-24T13:23,84,226
SYN-0002365,Orthopedics,69,2025-11-04T16:49,2025-11-04T17:25,2025-11-04T19:33,36,164
SYN-0002366,Emergency,94,2025-08-08T22:13,2025-08-09T02:11,2025-08-09T04:54,238,401
SYN-0002367,Orthopedics,59,2025-11-14T08:26,2025-11-14T08:53,2025-11-14T11:47,27,201
SYN-0002368,General Medicine,50,2025-05-26T06:37,2025-05-26T07:22,2025-05-26T10:46,45,249
SYN-0002369,Cardiology,57,2025-08-08T05:26,2025-08-08T06:24,2025-08-08T08:00,58,154
SYN-0002370,Emergency,87,2025-12-02T19:15,2025-12-02T20:41,2025-12-03T02:01,86,406
SYN-0002371,Cardiology,35,2025-03-11T22:27,2025-03-11T23:20,2025-03-12T01:56,53,209
SYN-0002372,General Medicine,82,2025-08-17T02:37,2025-08-17T04:40,2025-08-17T08:07,123,330
SYN-0002373,Orthopedics,77,2025-11-08T10:03,2025-11-08T11:07,2025-11-08T13:07,64,184
SYN-0002374,Imaging,89,2025-01-21T03:37,2025-01-21T04:34,2025-01-21T05:48,57,131
SYN-0002375,Emergency,35,2025-03-06T09:24,2025-03-06T12:50,2025-03-06T16:55,206,451
SYN-0002376,General Medicine,92,2025-06-26T16:32,2025-06-26T17:59,2025-06-26T21:50,87,318
SYN-0002377,General Medicine,24,2025-08-02T14:32,2025-08-02T16:17,2025-08-02T17:19,105,167
SYN-0002378,Imaging,77,2025-01-05T08:02,2025-01-05T08:23,2025-01-05T09:29,21,87
SYN-0002379,General Medicine,25,2025-03-03T15:31,2025-03-03T17:38,2025-03-03T18:21,127,170
SYN-0002380,Orthopedics,94,2025-08-31T20:02,2025-08-31T21:53,2025-08-31T22:50,111,168
SYN-0002381,Emergency,60,2025-12-17T14:15,2025-12-17T17:55,2025-12-17T20:53,220,398
SYN-0002382,Emergency,44,2025-02-08T14:35,2025-02-08T15:16,2025-02-08T22:05,41,450
SYN-0002383,General Medicine,35,2025-12-27T16:04,2025-12-27T16:50,2025-12-27T19:43,46,219
SYN-0002384,Cardiology,57,2025-08-08T02:28,2025-08-08T03:54,2025-08-08T05:18,86,170
SYN-0002385,Emergency,32,2025-05-27T03:29,2025-05-27T07:05,2025-05-27T11:43,216,494
SYN-0002386,Emergency,84,2025-03-30T03:13,2025-03-30T03:23,2025-03-30T05:11,10,118
SYN-0002387,Emergency,78,2025-03-17T10:39,2025-03-17T11:52,2025-03-17T14:06,73,207
SYN-0002388,Emergency,68,2025-11-20T04:14,2025-11-20T07:57,2025-11-20T12:45,223,511
SYN-0002389,Emergency,79,2025-10-22T14:09,2025-10-22T14:50,2025-10-22T17:53,41,224
SYN-0002390,Cardiology,33,2025-11-16T18:21,2025-11-16T18:56,2025-11-16T20:47,35,146
SYN-0002391,Imaging,36,2025-05-15T13:45,2025-05-15T14:08,2025-05-15T14:25,23,40
SYN-0002392,Cardiology,78,2025-05-26T21:23,2025-05-26T21:49,2025-05-27T00:44,26,201
SYN-0002393,Imaging,93,2025-03-14T19:58,2025-03-14T20:40,2025-03-14T21:32,42,94
SYN-0002394,Imaging,67,2025-10-12T20:31,2025-10-12T21:23,2025-10-12T22:13,52,102
SYN-0002395,Emergency,36,2025-11-06T08:29,2025-11-06T10:37,2025-11-06T14:40,128,371
SYN-0002396,Emergency,90,2025-03-29T11:21,2025-03-29T12:43,2025-03-29T17:07,82,346
SYN-0002397,Imaging,22,2025-08-09T11:08,2025-08-09T11:14,2025-08-09T12:43,6,95
SYN-0002398,General Medicine,35,2025-09-16T07:18,2025-09-16T09:21,2025-09-16T10:01,123,163
SYN-0002399,Imaging,38,2025-01-07T15:23,2025-01-07T16:26,2025-01-07T17:16,63,113
SYN-0002400,Orthopedics,62,2025-06-03T11:38,2025-06-03T12:47,2025-06-03T15:25,69,227
SYN-0002401,General Medicine,40,2025-02-15T16:54,2025-02-15T18:43,2025-02-15T21:24,109,270
SYN-0002402,Cardiology,35,2025-12-01T14:01,2025-12-01T14:51,2025-12-01T17:02,50,181
SYN-0002403,Orthopedics,26,2025-10-14T20:24,2025-10-14T22:09,2025-10-14T23:56,105,212
SYN-0002404,Imaging,91,2025-05-12T08:16,2025-05-12T09:09,2025-05-12T10:24,53,128
SYN-0002405,General Medicine,59,2025-04-05T05:48,2025-04-05T08:12,2025-04-05T09:48,144,240
SYN-0002406,General Medicine,26,2025-10-22T00:27,2025-10-22T02:06,2025-10-22T05:05,99,278
SYN-0002407,Emergency,47,2025-04-26T21:51,2025-04-26T22:08,2025-04-27T05:54,17,483
SYN-0002408,Emergency,78,2025-12-30T16:14,2025-12-30T19:14,2025-12-30T20:38,180,264
SYN-0002409,Orthopedics,31,2025-06-22T07:11,2025-06-22T08:53,2025-06-22T10:22,102,191
SYN-0002410,Cardiology,25,2025-02-16T20:56,2025-02-16T21:50,2025-02-17T00:22,54,206
SYN-0002411,General Medicine,27,2025-01-28T05:55,2025-01-28T07:09,2025-01-28T08:08,74,133
SYN-0002412,Imaging,59,2025-05-07T18:02,2025-05-07T18:54,2025-05-07T19:12,52,70
SYN-0002413,Emergency,35,2025-10-02T23:32,2025-10-03T02:40,2025-10-03T07:00,188,448
SYN-0002414,General Medicine,80,2025-07-03T20:40,2025-07-03T21:41,2025-07-03T23:01,61,141
SYN-0002415,Imaging,38,2025-05-27T12:05,2025-05-27T12:46,2025-05-27T13:29,41,84
SYN-0002416,Imaging,92,2025-03-04T15:16,2025-03-04T16:28,2025-03-04T17:07,72,111
SYN-0002417,Emergency,44,2025-03-12T01:19,2025-03-12T04:10,2025-03-12T10:22,171,543
SYN-0002418,Emergency,64,2025-01-04T19:30,2025-01-04T23:07,2025-01-05T00:48,217,318
SYN-0002419,Imaging,41,2025-09-06T02:21,2025-09-06T03:35,2025-09-06T03:59,74,98
SYN-0002420,General Medicine,91,2025-06-01T01:53,2025-06-01T04:10,2025-06-01T05:28,137,215
SYN-0002421,Imaging,89,2025-09-17T14:01,2025-09-17T15:10,2025-09-17T16:10,69,129
SYN-0002422,Cardiology,66,2025-11-08T07:18,2025-11-08T07:31,2025-11-08T10:08,13,170
SYN-0002423,Emergency,84,2025-04-03T14:50,2025-04-03T17:25,2025-04-03T18:35,155,225
SYN-0002424,Orthopedics,47,2025-12-30T03:37,2025-12-30T03:54,2025-12-30T04:54,17,77
SYN-0002425,Emergency,20,2025-08-29T23:14,2025-08-30T01:57,2025-08-30T07:03,163,469
SYN-0002426,Cardiology,63,2025-10-12T07:11,2025-10-12T07:53,2025-10-12T09:42,42,151
SYN-0002427,Emergency,54,2025-04-25T22:51,2025-04-26T02:44,2025-04-26T10:40,233,709
SYN-0002428,Emergency,84,2025-06-25T18:44,2025-06-25T21:10,2025-06-26T02:34,146,470
SYN-0002429,General Medicine,25,2025-10-18T16:52,2025-10-18T19:10,2025-10-18T20:59,138,247
SYN-0002430,General Medicine,51,2025-12-09T22:56,2025-12-09T23:34,2025-12-10T02:33,38,217
SYN-0002431,Emergency,51,2025-11-03T20:35,2025-11-03T20:53,2025-11-04T00:16,18,221
SYN-0002432,Cardiology,44,2025-04-12T10:14,2025-04-12T11:01,2025-04-12T12:01,47,107
SYN-0002433,General Medicine,48,2025-02-15T09:16,2025-02-15T10:50,2025-02-15T14:33,94,317
SYN-0002434,Imaging,62,2025-01-26T17:59,2025-01-26T18:13,2025-01-26T19:40,14,101
SYN-0002435,Emergency,88,2025-02-28T16:28,2025-02-28T18:24,2025-03-01T00:00,116,452
SYN-0002436,Imaging,31,2025-01-31T09:28,2025-01-31T09:49,2025-01-31T10:38,21,70
SYN-0002437,Emergency,62,2025-06-14T00:26,2025-06-14T02:43,2025-06-14T07:32,137,426
SYN-0002438,Imaging,20,2025-06-15T20:18,2025-06-15T21:24,2025-06-15T22:17,66,119
SYN-0002439,Emergency,86,2025-05-23T20:23,2025-05-23T20:39,2025-05-24T03:45,16,442
SYN-0002440,General Medicine,88,2025-01-14T04:13,2025-01-14T06:00,2025-01-14T09:24,107,311
SYN-0002441,Imaging,34,2025-10-02T16:32,2025-10-02T16:43,2025-10-02T17:47,11,75
SYN-0002442,Imaging,32,2025-04-11T07:42,2025-04-11T08:41,2025-04-11T10:06,59,144
SYN-0002443,Imaging,42,2025-09-14T03:57,2025-09-14T04:17,2025-09-14T05:19,20,82
SYN-0002444,Orthopedics,47,2025-06-23T10:19,2025-06-23T11:19,2025-06-23T12:03,60,104
SYN-0002445,Emergency,70,2025-06-15T09:18,2025-06-15T11:58,2025-06-15T12:33,160,195
SYN-0002446,General Medicine,49,2025-01-11T20:22,2025-01-11T20:43,2025-01-12T00:38,21,256
SYN-0002447,Emergency,74,2025-04-03T06:31,2025-04-03T07:00,2025-04-03T07:59,29,88
SYN-0002448,Cardiology,62,2025-08-17T17:44,2025-08-17T18:25,2025-08-17T19:21,41,97
SYN-0002449,General Medicine,95,2025-04-05T10:57,2025-04-05T12:09,2025-04-05T13:53,72,176
SYN-0002450,Imaging,27,2025-02-25T22:14,2025-02-25T23:20,2025-02-25T23:50,66,96
SYN-0002451,Orthopedics,63,2025-12-27T09:30,2025-12-27T10:44,2025-12-27T12:06,74,156
SYN-0002452,Cardiology,88,2025-09-25T04:37,2025-09-25T05:38,2025-09-25T07:40,61,183
SYN-0002453,Orthopedics,58,2025-07-14T19:31,2025-07-14T21:27,2025-07-14T22:59,116,208
SYN-0002454,General Medicine,62,2025-02-09T07:40,2025-02-09T09:58,2025-02-09T10:54,138,194
SYN-0002455,Imaging,44,2025-02-27T02:56,2025-02-27T04:03,2025-02-27T04:53,67,117
SYN-0002456,Cardiology,88,2025-08-11T01:11,2025-08-11T02:22,2025-08-11T04:06,71,175
SYN-0002457,Cardiology,22,2025-04-14T08:57,2025-04-14T09:17,2025-04-14T11:37,20,160
SYN-0002458,Cardiology,20,2025-03-25T04:27,2025-03-25T05:28,2025-03-25T08:09,61,222
SYN-0002459,Imaging,93,2025-07-22T09:49,2025-07-22T09:58,2025-07-22T10:47,9,58
SYN-0002460,Imaging,53,2025-02-13T11:41,2025-02-13T12:24,2025-02-13T12:49,43,68
SYN-0002461,General Medicine,66,2025-01-14T17:24,2025-01-14T19:12,2025-01-14T21:48,108,264
SYN-0002462,Imaging,44,2025-06-13T10:31,2025-06-13T11:32,2025-06-13T11:52,61,81
SYN-0002463,Imaging,57,2025-02-08T01:18,2025-02-08T01:46,2025-02-08T02:56,28,98
SYN-0002464,Emergency,21,2025-09-11T06:19,2025-09-11T08:47,2025-09-11T15:47,148,568
SYN-0002465,General Medicine,21,2025-06-07T16:22,2025-06-07T17:58,2025-06-07T19:35,96,193
SYN-0002466,Orthopedics,25,2025-11-08T07:57,2025-11-08T09:34,2025-11-08T11:55,97,238
SYN-0002467,Emergency,86,2025-07-29T07:00,2025-07-29T09:31,2025-07-29T13:19,151,379
SYN-0002468,Imaging,38,2025-07-09T09:35,2025-07-09T10:34,2025-07-09T12:02,59,147
SYN-0002469,Imaging,19,2025-04-07T00:38,2025-04-07T01:42,2025-04-07T02:27,64,109
SYN-0002470,Orthopedics,49,2025-03-04T06:51,2025-03-04T08:38,2025-03-04T10:18,107,207
SYN-0002471,General Medicine,22,2025-10-15T08:09,2025-10-15T09:34,2025-10-15T11:30,85,201
SYN-0002472,General Medicine,50,2025-07-15T16:42,2025-07-15T18:02,2025-07-15T20:04,80,202
SYN-0002473,General Medicine,90,2025-08-12T11:22,2025-08-12T11:35,2025-08-12T12:36,13,74
SYN-0002474,Orthopedics,74,2025-05-11T04:29,2025-05-11T06:21,2025-05-11T07:58,112,209
SYN-0002475,Imaging,77,2025-01-07T11:01,2025-01-07T11:08,2025-01-07T12:19,7,78
SYN-0002476,Emergency,70,2025-06-08T15:04,2025-06-08T16:45,2025-06-08T21:20,101,376
SYN-0002477,Emergency,88,2025-07-21T07:14,2025-07-21T09:52,2025-07-21T11:02,158,228
SYN-0002478,Orthopedics,51,2025-05-11T22:18,2025-05-11T22:31,2025-05-12T00:53,13,155
SYN-0002479,Orthopedics,47,2025-04-03T15:22,2025-04-03T16:00,2025-04-03T18:36,38,194
SYN-0002480,Cardiology,32,2025-06-19T10:14,2025-06-19T10:37,2025-06-19T11:34,23,80
SYN-0002481,Emergency,92,2025-11-17T14:57,2025-11-17T15:54,2025-11-17T22:14,57,437
SYN-0002482,Orthopedics,25,2025-06-15T23:45,2025-06-15T23:55,2025-06-16T02:46,10,181
SYN-0002483,Orthopedics,87,2025-09-15T06:58,2025-09-15T07:35,2025-09-15T08:09,37,71
SYN-0002484,Emergency,31,2025-09-12T15:58,2025-09-12T18:41,2025-09-12T21:11,163,313
SYN-0002485,Emergency,83,2025-03-24T10:00,2025-03-24T12:19,2025-03-24T16:36,139,396
SYN-0002486,Emergency,91,2025-08-26T05:34,2025-08-26T06:44,2025-08-26T08:58,70,204
SYN-0002487,Orthopedics,72,2025-02-21T23:41,2025-02-22T01:32,2025-02-22T03:48,111,247
SYN-0002488,Orthopedics,95,2025-08-26T18:42,2025-08-26T19:05,2025-08-26T19:41,23,59
SYN-0002489,Orthopedics,78,2025-09-30T20:37,2025-09-30T21:24,2025-09-30T23:38,47,181
SYN-0002490,Orthopedics,65,2025-04-27T17:40,2025-04-27T19:04,2025-04-27T19:41,84,121
SYN-0002491,Emergency,31,2025-01-19T14:15,2025-01-19T15:39,2025-01-19T17:25,84,190
SYN-0002492,General Medicine,83,2025-08-16T23:55,2025-08-17T00:59,2025-08-17T04:55,64,300
SYN-0002493,General Medicine,92,2025-10-03T20:42,2025-10-03T22:20,2025-10-03T23:45,98,183
SYN-0002494,Emergency,66,2025-04-20T06:44,2025-04-20T09:42,2025-04-20T16:23,178,579
SYN-0002495,Emergency,86,2025-11-01T10:28,2025-11-01T10:57,2025-11-01T13:21,29,173
SYN-0002496,Emergency,95,2025-02-07T10:49,2025-02-07T14:35,2025-02-07T22:34,226,705
SYN-0002497,Imaging,58,2025-11-18T03:20,2025-11-18T04:32,2025-11-18T05:53,72,153
SYN-0002498,Orthopedics,49,2025-08-02T09:41,2025-08-02T10:10,2025-08-02T13:07,29,206
SYN-0002499,Orthopedics,76,2025-06-18T03:06,2025-06-18T03:42,2025-06-18T05:44,36,158
SYN-0002500,Orthopedics,74,2025-06-25T12:35,2025-06-25T14:15,2025-06-25T15:14,100,159
SYN-0002501,Imaging,89,2025-09-14T07:22,2025-09-14T08:13,2025-09-14T08:38,51,76
SYN-0002502,General Medicine,95,2025-12-19T13:12,2025-12-19T13:41,2025-12-19T15:43,29,151
SYN-0002503,Cardiology,90,2025-06-17T07:24,2025-06-17T08:26,2025-06-17T10:58,62,214
SYN-0002504,Cardiology,92,2025-10-24T19:37,2025-10-24T20:50,2025-10-24T22:37,73,180
SYN-0002505,Cardiology,61,2025-07-28T21:40,2025-07-28T23:02,2025-07-29T00:53,82,193
SYN-0002506,Orthopedics,71,2025-10-25T11:06,2025-10-25T11:26,2025-10-25T12:16,20,70
SYN-0002507,General Medicine,43,2025-12-26T20:46,2025-12-26T21:33,2025-12-27T00:30,47,224
SYN-0002508,Cardiology,33,2025-05-02T10:32,2025-05-02T11:35,2025-05-02T12:23,63,111
SYN-0002509,Imaging,30,2025-12-09T03:24,2025-12-09T04:02,2025-12-09T05:27,38,123
SYN-0002510,Cardiology,39,2025-01-18T10:13,2025-01-18T10:22,2025-01-18T12:57,9,164
SYN-0002511,Emergency,72,2025-10-10T14:47,2025-10-10T15:30,2025-10-10T20:23,43,336
SYN-0002512,Orthopedics,55,2025-06-25T19:22,2025-06-25T19:43,2025-06-25T21:55,21,153
SYN-0002513,Emergency,93,2025-09-03T03:13,2025-09-03T04:49,2025-09-03T12:21,96,548
SYN-0002514,General Medicine,27,2025-02-02T22:35,2025-02-02T23:12,2025-02-03T02:46,37,251
SYN-0002515,Orthopedics,73,2025-11-24T12:00,2025-11-24T13:02,2025-11-24T15:16,62,196
SYN-0002516,Orthopedics,41,2025-04-09T00:24,2025-04-09T02:05,2025-04-09T04:37,101,253
SYN-0002517,General Medicine,18,2025-04-21T20:52,2025-04-21T23:12,2025-04-22T00:03,140,191
SYN-0002518,General Medicine,66,2025-11-27T05:57,2025-11-27T07:41,2025-11-27T11:03,104,306
SYN-0002519,Orthopedics,30,2025-07-23T09:06,2025-07-23T10:07,2025-07-23T11:22,61,136
SYN-0002520,Cardiology,24,2025-09-06T09:27,2025-09-06T10:10,2025-09-06T13:01,43,214
SYN-0002521,General Medicine,54,2025-11-07T16:56,2025-11-07T19:18,2025-11-07T22:02,142,306
SYN-0002522,Orthopedics,36,2025-05-10T22:02,2025-05-10T22:56,2025-05-11T00:47,54,165
SYN-0002523,Emergency,73,2025-06-03T09:54,2025-06-03T13:32,2025-06-03T20:18,218,624
SYN-0002524,General Medicine,30,2025-08-17T21:58,2025-08-17T23:19,2025-08-18T02:16,81,258
SYN-0002525,Orthopedics,54,2025-03-28T07:49,2025-03-28T08:30,2025-03-28T09:42,41,113
SYN-0002526,Orthopedics,39,2025-06-12T20:16,2025-06-12T21:23,2025-06-12T23:45,67,209
SYN-0002527,Orthopedics,53,2025-06-18T16:48,2025-06-18T17:26,2025-06-18T18:23,38,95
SYN-0002528,Cardiology,21,2025-05-03T22:54,2025-05-03T23:11,2025-05-04T00:48,17,114
SYN-0002529,General Medicine,18,2025-05-23T02:11,2025-05-23T02:31,2025-05-23T05:19,20,188
SYN-0002530,Imaging,54,2025-05-28T22:08,2025-05-28T22:16,2025-05-28T23:18,8,70
SYN-0002531,General Medicine,84,2025-11-20T21:52,2025-11-20T23:51,2025-11-21T03:28,119,336
SYN-0002532,Cardiology,33,2025-03-21T19:39,2025-03-21T20:42,2025-03-21T22:42,63,183
SYN-0002533,Imaging,29,2025-07-11T13:14,2025-07-11T14:14,2025-07-11T15:32,60,138
SYN-0002534,Cardiology,28,2025-09-15T13:43,2025-09-15T14:23,2025-09-15T15:37,40,114
SYN-0002535,Cardiology,82,2025-04-25T03:00,2025-04-25T03:14,2025-04-25T05:22,14,142
SYN-0002536,Orthopedics,58,2025-02-23T22:47,2025-02-23T23:27,2025-02-24T01:53,40,186
SYN-0002537,Emergency,42,2025-08-20T05:11,2025-08-20T07:11,2025-08-20T08:32,120,201
SYN-0002538,General Medicine,49,2025-01-06T19:17,2025-01-06T19:36,2025-01-06T22:48,19,211
SYN-0002539,Cardiology,43,2025-06-10T08:26,2025-06-10T09:46,2025-06-10T12:07,80,221
SYN-0002540,Orthopedics,41,2025-12-19T19:22,2025-12-19T20:27,2025-12-19T21:35,65,133
SYN-0002541,Imaging,29,2025-05-25T14:18,2025-05-25T14:59,2025-05-25T15:30,41,72
SYN-0002542,General Medicine,26,2025-11-13T06:16,2025-11-13T07:20,2025-11-13T07:50,64,94
SYN-0002543,Imaging,71,2025-01-29T06:18,2025-01-29T06:49,2025-01-29T07:26,31,68
SYN-0002544,Orthopedics,62,2025-06-20T21:57,2025-06-20T23:20,2025-06-21T01:27,83,210
SYN-0002545,Imaging,47,2025-08-07T12:38,2025-08-07T13:50,2025-08-07T14:28,72,110
SYN-0002546,Orthopedics,68,2025-12-23T23:14,2025-12-24T00:44,2025-12-24T03:18,90,244
SYN-0002547,General Medicine,55,2025-12-17T05:22,2025-12-17T07:03,2025-12-17T09:52,101,270
SYN-0002548,Emergency,71,2025-07-29T04:25,2025-07-29T05:31,2025-07-29T06:58,66,153
SYN-0002549,Imaging,32,2025-11-06T09:03,2025-11-06T09:49,2025-11-06T10:35,46,92
SYN-0002550,Cardiology,62,2025-03-24T16:11,2025-03-24T17:15,2025-03-24T19:21,64,190
SYN-0002551,Imaging,94,2025-12-23T04:56,2025-12-23T05:17,2025-12-23T06:33,21,97
SYN-0002552,Imaging,52,2025-07-31T20:22,2025-07-31T20:57,2025-07-31T21:15,35,53
SYN-0002553,General Medicine,25,2025-10-25T19:53,2025-10-25T20:58,2025-10-26T00:48,65,295
SYN-0002554,General Medicine,70,2025-08-20T06:46,2025-08-20T08:18,2025-08-20T09:54,92,188
SYN-0002555,Imaging,51,2025-10-18T07:25,2025-10-18T08:26,2025-10-18T09:35,61,130
SYN-0002556,Emergency,61,2025-06-09T10:23,2025-06-09T11:41,2025-06-09T16:19,78,356
SYN-0002557,Emergency,46,2025-10-26T09:58,2025-10-26T11:26,2025-10-26T15:45,88,347
SYN-0002558,General Medicine,32,2025-05-31T03:37,2025-05-31T04:29,2025-05-31T07:16,52,219
SYN-0002559,General Medicine,20,2025-01-15T12:07,2025-01-15T13:41,2025-01-15T14:44,94,157
SYN-0002560,Imaging,88,2025-09-14T19:53,2025-09-14T20:09,2025-09-14T21:06,16,73
SYN-0002561,Emergency,64,2025-06-03T06:06,2025-06-03T09:03,2025-06-03T09:58,177,232
SYN-0002562,General Medicine,47,2025-10-16T00:19,2025-10-16T01:19,2025-10-16T02:29,60,130
SYN-0002563,Orthopedics,60,2025-09-30T06:01,2025-09-30T07:48,2025-09-30T08:59,107,178
SYN-0002564,Imaging,19,2025-07-01T02:24,2025-07-01T02:56,2025-07-01T04:21,32,117
SYN-0002565,Emergency,82,2025-03-16T15:40,2025-03-16T19:26,2025-03-16T20:06,226,266
SYN-0002566,Imaging,54,2025-04-25T06:49,2025-04-25T07:56,2025-04-25T08:16,67,87
SYN-0002567,Orthopedics,22,2025-06-30T02:02,2025-06-30T02:10,2025-06-30T03:38,8,96
SYN-0002568,Orthopedics,69,2025-10-03T03:31,2025-10-03T05:11,2025-10-03T06:12,100,161
SYN-0002569,Cardiology,27,2025-02-25T17:24,2025-02-25T18:03,2025-02-25T19:09,39,105
SYN-0002570,General Medicine,87,2025-01-11T17:37,2025-01-11T19:33,2025-01-11T20:08,116,151
SYN-0002571,General Medicine,42,2025-10-12T19:23,2025-10-12T20:11,2025-10-12T21:05,48,102
SYN-0002572,General Medicine,72,2025-08-24T17:32,2025-08-24T19:01,2025-08-24T22:51,89,319
SYN-0002573,General Medicine,76,2025-07-19T13:21,2025-07-19T13:36,2025-07-19T15:23,15,122
SYN-0002574,Cardiology,66,2025-12-10T06:19,2025-12-10T06:36,2025-12-10T08:28,17,129
SYN-0002575,Orthopedics,70,2025-06-11T20:09,2025-06-11T21:08,2025-06-11T22:01,59,112
SYN-0002576,General Medicine,86,2025-07-27T02:39,2025-07-27T04:00,2025-07-27T06:33,81,234
SYN-0002577,General Medicine,81,2025-01-13T12:48,2025-01-13T14:00,2025-01-13T16:07,72,199
SYN-0002578,Imaging,75,2025-03-20T20:45,2025-03-20T21:37,2025-03-20T23:01,52,136
SYN-0002579,Cardiology,47,2025-10-17T08:10,2025-10-17T09:28,2025-10-17T10:19,78,129
SYN-0002580,Imaging,57,2025-03-21T08:00,2025-03-21T08:52,2025-03-21T10:08,52,128
SYN-0002581,Orthopedics,89,2025-03-11T11:02,2025-03-11T11:25,2025-03-11T12:16,23,74
SYN-0002582,Cardiology,28,2025-07-02T00:31,2025-07-02T01:02,2025-07-02T03:52,31,201
SYN-0002583,Cardiology,25,2025-06-19T06:00,2025-06-19T06:56,2025-06-19T09:42,56,222
SYN-0002584,Imaging,61,2025-08-15T19:04,2025-08-15T19:41,2025-08-15T20:48,37,104
SYN-0002585,Cardiology,18,2025-10-24T00:42,2025-10-24T00:51,2025-10-24T02:58,9,136
SYN-0002586,Orthopedics,87,2025-12-22T21:07,2025-12-22T22:40,2025-12-23T00:03,93,176
SYN-0002587,Imaging,77,2025-08-23T08:31,2025-08-23T09:16,2025-08-23T10:01,45,90
SYN-0002588,Imaging,31,2025-03-01T07:10,2025-03-01T08:20,2025-03-01T09:46,70,156
SYN-0002589,Imaging,19,2025-04-03T16:25,2025-04-03T16:39,2025-04-03T17:42,14,77
SYN-0002590,Cardiology,43,2025-05-02T00:30,2025-05-02T01:41,2025-05-02T02:57,71,147
SYN-0002591,Imaging,81,2025-11-05T21:07,2025-11-05T21:26,2025-11-05T21:45,19,38
SYN-0002592,Cardiology,35,2025-12-21T18:19,2025-12-21T19:44,2025-12-21T22:43,85,264
SYN-0002593,General Medicine,55,2025-01-07T17:48,2025-01-07T19:45,2025-01-07T21:57,117,249
SYN-0002594,Emergency,84,2025-07-17T09:56,2025-07-17T11:57,2025-07-17T14:57,121,301
SYN-0002595,Orthopedics,36,2025-05-01T20:06,2025-05-01T21:29,2025-05-01T23:34,83,208
SYN-0002596,Orthopedics,84,2025-09-28T08:07,2025-09-28T09:18,2025-09-28T10:40,71,153
SYN-0002597,General Medicine,44,2025-12-04T01:25,2025-12-04T02:39,2025-12-04T05:09,74,224
SYN-0002598,Orthopedics,85,2025-04-30T14:16,2025-04-30T15:56,2025-04-30T17:00,100,164
SYN-0002599,Imaging,40,2025-10-31T03:25,2025-10-31T03:31,2025-10-31T04:26,6,61
SYN-0002600,Cardiology,57,2025-01-05T01:54,2025-01-05T02:59,2025-01-05T04:01,65,127
SYN-0002601,Cardiology,60,2025-11-30T22:30,2025-11-30T23:00,2025-12-01T00:09,30,99
SYN-0002602,Emergency,94,2025-12-08T07:01,2025-12-08T07:26,2025-12-08T13:15,25,374
SYN-0002603,Cardiology,62,2025-06-14T14:09,2025-06-14T14:22,2025-06-14T16:36,13,147
SYN-0002604,Emergency,72,2025-07-26T22:32,2025-07-26T23:31,2025-07-27T02:21,59,229
SYN-0002605,General Medicine,50,2025-10-21T15:37,2025-10-21T17:05,2025-10-21T19:09,88,212
SYN-0002606,General Medicine,27,2025-05-28T12:29,2025-05-28T14:57,2025-05-28T18:11,148,342
SYN-0002607,General Medicine,53,2025-06-07T14:35,2025-06-07T15:24,2025-06-07T16:20,49,105
SYN-0002608,Cardiology,84,2025-04-03T06:18,2025-04-03T06:56,2025-04-03T08:07,38,109
SYN-0002609,General Medicine,78,2025-07-21T21:04,2025-07-21T22:52,2025-07-22T00:46,108,222
SYN-0002610,Cardiology,45,2025-06-18T19:32,2025-06-18T19:58,2025-06-18T20:43,26,71
SYN-0002611,Emergency,36,2025-04-17T16:07,2025-04-17T19:42,2025-04-18T01:26,215,559
SYN-0002612,Cardiology,27,2025-08-24T10:44,2025-08-24T11:49,2025-08-24T12:34,65,110
SYN-0002613,Emergency,72,2025-11-17T04:07,2025-11-17T04:52,2025-11-17T09:43,45,336
SYN-0002614,Imaging,33,2025-12-31T08:41,2025-12-31T09:27,2025-12-31T10:20,46,99
SYN-0002615,Cardiology,67,2025-10-02T17:57,2025-10-02T19:13,2025-10-02T21:38,76,221
SYN-0002616,Imaging,85,2025-08-19T19:29,2025-08-19T20:19,2025-08-19T21:13,50,104
SYN-0002617,Emergency,39,2025-06-05T18:09,2025-06-05T22:05,2025-06-06T03:44,236,575
SYN-0002618,Orthopedics,89,2025-11-15T09:22,2025-11-15T10:58,2025-11-15T12:04,96,162
SYN-0002619,Imaging,89,2025-03-29T13:20,2025-03-29T14:27,2025-03-29T15:14,67,114
SYN-0002620,Imaging,64,2025-01-19T10:04,2025-01-19T10:53,2025-01-19T11:30,49,86
SYN-0002621,Imaging,89,2025-06-05T16:04,2025-06-05T16:53,2025-06-05T18:02,49,118
SYN-0002622,Cardiology,19,2025-05-11T08:20,2025-05-11T09:13,2025-05-11T11:33,53,193
SYN-0002623,Cardiology,18,2025-05-22T21:55,2025-05-22T22:56,2025-05-23T01:13,61,198
SYN-0002624,General Medicine,65,2025-03-10T12:39,2025-03-10T14:08,2025-03-10T16:02,89,203
SYN-0002625,Orthopedics,22,2025-07-18T19:30,2025-07-18T20:39,2025-07-18T21:12,69,102
SYN-0002626,Orthopedics,23,2025-10-18T00:41,2025-10-18T02:08,2025-10-18T04:40,87,239
SYN-0002627,Orthopedics,78,2025-01-23T03:44,2025-01-23T04:24,2025-01-23T05:08,40,84
SYN-0002628,General Medicine,78,2025-05-07T12:52,2025-05-07T14:58,2025-05-07T17:33,126,281
SYN-0002629,General Medicine,21,2025-09-27T02:04,2025-09-27T02:40,2025-09-27T03:19,36,75
SYN-0002630,General Medicine,34,2025-05-09T19:41,2025-05-09T20:30,2025-05-10T00:00,49,259
SYN-0002631,Emergency,25,2025-03-28T23:08,2025-03-29T01:05,2025-03-29T08:42,117,574
SYN-0002632,Imaging,87,2025-03-12T23:30,2025-03-12T23:42,2025-03-13T00:37,12,67
SYN-0002633,Orthopedics,60,2025-01-13T03:24,2025-01-13T05:18,2025-01-13T06:37,114,193
SYN-0002634,Orthopedics,84,2025-09-24T16:47,2025-09-24T18:46,2025-09-24T19:59,119,192
SYN-0002635,Emergency,25,2025-10-31T04:44,2025-10-31T07:44,2025-10-31T11:40,180,416
SYN-0002636,Emergency,52,2025-04-18T09:59,2025-04-18T10:58,2025-04-18T18:30,59,511
SYN-0002637,Emergency,53,2025-02-02T09:50,2025-02-02T10:44,2025-02-02T15:01,54,311
SYN-0002638,General Medicine,40,2025-10-26T00:11,2025-10-26T01:11,2025-10-26T04:37,60,266
SYN-0002639,Emergency,33,2025-09-13T08:39,2025-09-13T10:08,2025-09-13T12:58,89,259
SYN-0002640,Orthopedics,90,2025-03-04T16:37,2025-03-04T17:41,2025-03-04T20:36,64,239
SYN-0002641,Imaging,41,2025-03-07T22:40,2025-03-07T22:56,2025-03-07T23:25,16,45
SYN-0002642,Emergency,39,2025-01-15T15:24,2025-01-15T16:21,2025-01-15T19:33,57,249
SYN-0002643,Emergency,76,2025-09-30T17:22,2025-09-30T18:27,2025-10-01T00:23,65,421
SYN-0002644,Emergency,57,2025-06-29T15:57,2025-06-29T19:51,2025-06-30T02:31,234,634
SYN-0002645,Cardiology,66,2025-02-08T20:06,2025-02-08T20:27,2025-02-08T22:31,21,145
SYN-0002646,Orthopedics,90,2025-04-13T06:07,2025-04-13T06:34,2025-04-13T08:15,27,128
SYN-0002647,Orthopedics,52,2025-05-18T01:49,2025-05-18T02:46,2025-05-18T04:13,57,144
SYN-0002648,Cardiology,74,2025-07-08T20:32,2025-07-08T20:59,2025-07-08T22:59,27,147
SYN-0002649,Orthopedics,92,2025-09-16T14:45,2025-09-16T15:01,2025-09-16T17:36,16,171
SYN-0002650,Orthopedics,39,2025-11-24T10:36,2025-11-24T11:25,2025-11-24T14:08,49,212
SYN-0002651,Emergency,37,2025-10-08T20:15,2025-10-08T23:58,2025-10-09T05:27,223,552
SYN-0002652,General Medicine,62,2025-11-12T22:08,2025-11-12T23:11,2025-11-13T02:40,63,272
SYN-0002653,Orthopedics,29,2025-07-15T20:14,2025-07-15T20:45,2025-07-15T22:42,31,148
SYN-0002654,General Medicine,77,2025-06-08T22:16,2025-06-08T23:19,2025-06-09T00:55,63,159
SYN-0002655,Orthopedics,78,2025-05-16T18:01,2025-05-16T18:10,2025-05-16T19:09,9,68
SYN-0002656,Cardiology,90,2025-09-29T02:06,2025-09-29T03:10,2025-09-29T05:17,64,191
SYN-0002657,Imaging,63,2025-03-18T04:14,2025-03-18T04:23,2025-03-18T05:19,9,65
SYN-0002658,Emergency,60,2025-12-13T05:53,2025-12-13T06:43,2025-12-13T10:48,50,295
SYN-0002659,Orthopedics,63,2025-05-17T06:00,2025-05-17T07:27,2025-05-17T08:22,87,142
SYN-0002660,Orthopedics,20,2025-05-16T13:23,2025-05-16T13:48,2025-05-16T16:17,25,174
SYN-0002661,Imaging,69,2025-11-13T17:37,2025-11-13T18:40,2025-11-13T20:10,63,153
SYN-0002662,Imaging,94,2025-09-29T18:24,2025-09-29T19:00,2025-09-29T19:47,36,83
SYN-0002663,Orthopedics,23,2025-08-07T13:54,2025-08-07T15:00,2025-08-07T17:12,66,198
SYN-0002664,Cardiology,72,2025-11-03T13:15,2025-11-03T14:24,2025-11-03T15:36,69,141
SYN-0002665,Orthopedics,38,2025-01-21T19:02,2025-01-21T20:20,2025-01-21T22:32,78,210
SYN-0002666,General Medicine,90,2025-05-25T12:22,2025-05-25T13:14,2025-05-25T15:00,52,158
SYN-0002667,Cardiology,29,2025-02-09T04:13,2025-02-09T04:34,2025-02-09T06:44,21,151
SYN-0002668,Orthopedics,76,2025-09-10T00:34,2025-09-10T02:20,2025-09-10T03:26,106,172
SYN-0002669,Imaging,36,2025-01-01T14:44,2025-01-01T15:10,2025-01-01T16:23,26,99
SYN-0002670,Cardiology,28,2025-08-12T22:25,2025-08-12T22:52,2025-08-13T00:54,27,149
SYN-0002671,Cardiology,29,2025-11-14T21:14,2025-11-14T21:49,2025-11-14T23:26,35,132
SYN-0002672,Cardiology,79,2025-01-04T14:24,2025-01-04T14:48,2025-01-04T17:08,24,164
SYN-0002673,Cardiology,88,2025-12-09T19:50,2025-12-09T20:39,2025-12-09T21:49,49,119
SYN-0002674,Imaging,77,2025-10-02T00:10,2025-10-02T00:42,2025-10-02T01:57,32,107
SYN-0002675,Cardiology,58,2025-04-04T13:44,2025-04-04T14:01,2025-04-04T16:25,17,161
SYN-0002676,Cardiology,72,2025-07-26T05:11,2025-07-26T06:07,2025-07-26T08:15,56,184
SYN-0002677,General Medicine,62,2025-02-22T04:17,2025-02-22T06:07,2025-02-22T08:53,110,276
SYN-0002678,Imaging,48,2025-05-10T17:34,2025-05-10T17:42,2025-05-10T18:25,8,51
SYN-0002679,Orthopedics,94,2025-01-02T03:48,2025-01-02T04:39,2025-01-02T06:36,51,168
SYN-0002680,Imaging,81,2025-04-11T13:07,2025-04-11T13:21,2025-04-11T14:05,14,58
SYN-0002681,Cardiology,73,2025-08-08T20:44,2025-08-08T20:54,2025-08-08T22:33,10,109
SYN-0002682,Emergency,72,2025-05-11T23:33,2025-05-12T01:09,2025-05-12T04:55,96,322
SYN-0002683,Cardiology,79,2025-10-09T16:05,2025-10-09T16:46,2025-10-09T18:50,41,165
SYN-0002684,Emergency,38,2025-05-11T17:18,2025-05-11T18:34,2025-05-11T22:39,76,321
SYN-0002685,Imaging,28,2025-12-05T13:06,2025-12-05T14:17,2025-12-05T14:45,71,99
SYN-0002686,Orthopedics,19,2025-10-22T12:41,2025-10-22T14:13,2025-10-22T15:08,92,147
SYN-0002687,Cardiology,76,2025-10-07T14:42,2025-10-07T15:27,2025-10-07T16:44,45,122
SYN-0002688,Emergency,72,2025-10-20T12:16,2025-10-20T14:30,2025-10-20T20:34,134,498
SYN-0002689,Emergency,32,2025-07-08T08:13,2025-07-08T09:40,2025-07-08T13:47,87,334
SYN-0002690,General Medicine,78,2025-09-29T11:35,2025-09-29T13:40,2025-09-29T16:18,125,283
SYN-0002691,Orthopedics,32,2025-09-23T16:25,2025-09-23T18:18,2025-09-23T21:04,113,279
SYN-0002692,Cardiology,37,2025-02-28T06:15,2025-02-28T07:14,2025-02-28T09:37,59,202
SYN-0002693,Emergency,43,2025-07-07T18:01,2025-07-07T19:37,2025-07-08T02:09,96,488
SYN-0002694,General Medicine,77,2025-02-05T08:21,2025-02-05T10:27,2025-02-05T12:48,126,267
SYN-0002695,Orthopedics,76,2025-12-23T12:45,2025-12-23T12:55,2025-12-23T13:56,10,71
SYN-0002696,Orthopedics,72,2025-07-03T17:43,2025-07-03T17:54,2025-07-03T19:58,11,135
SYN-0002697,Orthopedics,87,2025-01-18T03:13,2025-01-18T04:44,2025-01-18T06:29,91,196
SYN-0002698,Orthopedics,71,2025-09-17T21:01,2025-09-17T21:28,2025-09-17T23:13,27,132
SYN-0002699,Emergency,22,2025-08-05T18:23,2025-08-05T20:27,2025-08-05T23:43,124,320
SYN-0002700,General Medicine,86,2025-01-27T15:50,2025-01-27T16:28,2025-01-27T18:29,38,159
SYN-0002701,Imaging,86,2025-03-03T04:49,2025-03-03T05:25,2025-03-03T06:02,36,73
SYN-0002702,Emergency,81,2025-04-16T07:50,2025-04-16T08:32,2025-04-16T15:14,42,444
SYN-0002703,Imaging,49,2025-11-30T12:40,2025-11-30T13:20,2025-11-30T14:19,40,99
SYN-0002704,General Medicine,59,2025-02-25T17:33,2025-02-25T19:40,2025-02-25T20:20,127,167
SYN-0002705,Orthopedics,66,2025-03-15T15:14,2025-03-15T15:23,2025-03-15T16:30,9,76
SYN-0002706,General Medicine,72,2025-08-08T21:35,2025-08-08T22:05,2025-08-09T00:01,30,146
SYN-0002707,Imaging,28,2025-07-07T00:55,2025-07-07T01:02,2025-07-07T01:40,7,45
SYN-0002708,Imaging,56,2025-07-10T00:52,2025-07-10T01:11,2025-07-10T01:50,19,58
SYN-0002709,General Medicine,24,2025-06-27T11:52,2025-06-27T14:13,2025-06-27T17:01,141,309
SYN-0002710,Orthopedics,73,2025-06-06T17:03,2025-06-06T18:21,2025-06-06T20:52,78,229
SYN-0002711,Orthopedics,82,2025-07-21T14:22,2025-07-21T16:02,2025-07-21T17:19,100,177
SYN-0002712,Emergency,54,2025-05-12T23:45,2025-05-13T02:29,2025-05-13T06:23,164,398
SYN-0002713,Orthopedics,20,2025-05-31T19:58,2025-05-31T20:03,2025-05-31T22:17,5,139
SYN-0002714,Imaging,77,2025-07-14T11:05,2025-07-14T11:26,2025-07-14T12:16,21,71
SYN-0002715,General Medicine,46,2025-06-11T03:54,2025-06-11T05:25,2025-06-11T06:19,91,145
SYN-0002716,Emergency,26,2025-06-10T23:15,2025-06-11T02:26,2025-06-11T05:42,191,387
SYN-0002717,General Medicine,93,2025-12-02T10:20,2025-12-02T11:43,2025-12-02T15:19,83,299
SYN-0002718,Imaging,78,2025-10-11T06:57,2025-10-11T07:44,2025-10-11T09:08,47,131
SYN-0002719,General Medicine,58,2025-09-06T00:20,2025-09-06T00:33,2025-09-06T02:30,13,130
SYN-0002720,Orthopedics,77,2025-04-21T12:31,2025-04-21T14:21,2025-04-21T16:44,110,253
SYN-0002721,Imaging,67,2025-05-04T19:11,2025-05-04T19:42,2025-05-04T21:05,31,114
SYN-0002722,Orthopedics,80,2025-02-27T05:47,2025-02-27T06:43,2025-02-27T07:21,56,94
SYN-0002723,General Medicine,85,2025-06-01T03:13,2025-06-01T04:51,2025-06-01T05:42,98,149
SYN-0002724,Orthopedics,75,2025-08-18T14:55,2025-08-18T15:38,2025-08-18T17:22,43,147
SYN-0002725,Imaging,63,2025-05-02T09:53,2025-05-02T10:01,2025-05-02T10:35,8,42
SYN-0002726,General Medicine,54,2025-01-18T01:05,2025-01-18T03:05,2025-01-18T05:21,120,256
SYN-0002727,General Medicine,86,2025-10-01T06:34,2025-10-01T08:49,2025-10-01T10:19,135,225
SYN-0002728,Cardiology,68,2025-03-12T14:50,2025-03-12T15:43,2025-03-12T16:59,53,129
SYN-0002729,Cardiology,40,2025-07-30T16:44,2025-07-30T17:16,2025-07-30T18:29,32,105
SYN-0002730,Cardiology,45,2025-09-14T08:04,2025-09-14T09:00,2025-09-14T11:29,56,205
SYN-0002731,Imaging,31,2025-09-22T10:56,2025-09-22T11:36,2025-09-22T12:31,40,95
SYN-0002732,Orthopedics,46,2025-10-13T13:43,2025-10-13T14:52,2025-10-13T17:39,69,236
SYN-0002733,Imaging,75,2025-07-28T11:09,2025-07-28T12:17,2025-07-28T13:31,68,142
SYN-0002734,Cardiology,18,2025-07-30T00:17,2025-07-30T00:44,2025-07-30T03:11,27,174
SYN-0002735,General Medicine,40,2025-12-04T21:21,2025-12-04T22:56,2025-12-05T02:41,95,320
SYN-0002736,Emergency,71,2025-11-01T10:49,2025-11-01T12:37,2025-11-01T18:04,108,435
SYN-0002737,Imaging,35,2025-06-13T06:02,2025-06-13T06:31,2025-06-13T06:49,29,47
SYN-0002738,General Medicine,20,2025-10-25T15:51,2025-10-25T18:09,2025-10-25T18:59,138,188
SYN-0002739,Orthopedics,90,2025-05-02T05:04,2025-05-02T06:27,2025-05-02T08:00,83,176
SYN-0002740,Imaging,94,2025-01-17T13:03,2025-01-17T13:19,2025-01-17T14:21,16,78
SYN-0002741,Imaging,38,2025-05-21T13:28,2025-05-21T14:43,2025-05-21T16:03,75,155
SYN-0002742,Imaging,78,2025-05-08T14:02,2025-05-08T14:54,2025-05-08T15:39,52,97
SYN-0002743,Cardiology,26,2025-08-02T08:13,2025-08-02T08:59,2025-08-02T10:17,46,124
SYN-0002744,Emergency,76,2025-12-02T19:41,2025-12-02T20:43,2025-12-03T02:08,62,387
SYN-0002745,Cardiology,40,2025-06-26T03:13,2025-06-26T04:35,2025-06-26T07:13,82,240
SYN-0002746,Imaging,38,2025-08-30T05:10,2025-08-30T06:19,2025-08-30T06:48,69,98
SYN-0002747,Cardiology,22,2025-01-06T00:17,2025-01-06T01:21,2025-01-06T02:23,64,126
SYN-0002748,Imaging,27,2025-10-08T13:52,2025-10-08T15:03,2025-10-08T16:18,71,146
SYN-0002749,Imaging,95,2025-03-30T02:18,2025-03-30T02:56,2025-03-30T04:19,38,121
SYN-0002750,General Medicine,25,2025-12-17T02:43,2025-12-17T02:59,2025-12-17T05:21,16,158
SYN-0002751,Orthopedics,64,2025-01-30T01:24,2025-01-30T03:12,2025-01-30T05:23,108,239
SYN-0002752,Imaging,33,2025-11-09T02:07,2025-11-09T03:17,2025-11-09T04:28,70,141
SYN-0002753,Emergency,92,2025-07-11T03:30,2025-07-11T04:17,2025-07-11T12:00,47,510
SYN-0002754,Emergency,70,2025-09-24T20:25,2025-09-24T23:39,2025-09-25T01:35,194,310
SYN-0002755,Orthopedics,44,2025-12-18T09:53,2025-12-18T10:16,2025-12-18T11:48,23,115
SYN-0002756,Orthopedics,76,2025-02-23T22:27,2025-02-23T22:44,2025-02-24T00:38,17,131
SYN-0002757,Imaging,55,2025-09-07T08:37,2025-09-07T09:13,2025-09-07T10:01,36,84
SYN-0002758,Imaging,90,2025-07-07T19:30,2025-07-07T20:17,2025-07-07T21:29,47,119
SYN-0002759,Orthopedics,36,2025-04-12T23:02,2025-04-13T00:23,2025-04-13T01:02,81,120
SYN-0002760,General Medicine,65,2025-06-10T22:37,2025-06-11T00:00,2025-06-11T00:36,83,119
SYN-0002761,General Medicine,57,2025-08-01T01:24,2025-08-01T03:06,2025-08-01T06:38,102,314
SYN-0002762,Cardiology,74,2025-12-13T02:12,2025-12-13T03:29,2025-12-13T05:32,77,200
SYN-0002763,Orthopedics,95,2025-04-17T16:43,2025-04-17T17:07,2025-04-17T18:09,24,86
SYN-0002764,Orthopedics,47,2025-07-07T08:44,2025-07-07T10:38,2025-07-07T12:46,114,242
SYN-0002765,Emergency,36,2025-08-09T14:32,2025-08-09T18:19,2025-08-09T20:37,227,365
SYN-0002766,General Medicine,83,2025-09-23T04:11,2025-09-23T04:24,2025-09-23T06:00,13,109
SYN-0002767,General Medicine,62,2025-05-05T02:07,2025-05-05T04:00,2025-05-05T06:32,113,265
SYN-0002768,Cardiology,84,2025-08-17T20:43,2025-08-17T22:03,2025-08-18T00:56,80,253
SYN-0002769,Orthopedics,85,2025-05-04T03:36,2025-05-04T04:29,2025-05-04T07:03,53,207
SYN-0002770,Imaging,19,2025-10-04T14:45,2025-10-04T15:12,2025-10-04T16:28,27,103
SYN-0002771,Emergency,44,2025-08-14T05:33,2025-08-14T07:10,2025-08-14T09:35,97,242
SYN-0002772,Cardiology,43,2025-03-29T02:00,2025-03-29T02:24,2025-03-29T04:20,24,140
SYN-0002773,Orthopedics,85,2025-01-09T21:13,2025-01-09T22:21,2025-01-10T00:48,68,215
SYN-0002774,Cardiology,69,2025-01-24T21:55,2025-01-24T22:25,2025-01-25T00:43,30,168
SYN-0002775,Emergency,52,2025-02-18T22:21,2025-02-18T23:55,2025-02-19T04:44,94,383
SYN-0002776,General Medicine,25,2025-02-27T20:26,2025-02-27T22:52,2025-02-28T02:31,146,365
SYN-0002777,Imaging,50,2025-06-28T04:18,2025-06-28T05:29,2025-06-28T06:15,71,117
SYN-0002778,Cardiology,76,2025-06-16T06:31,2025-06-16T07:59,2025-06-16T09:46,88,195
SYN-0002779,Cardiology,29,2025-07-22T01:15,2025-07-22T01:25,2025-07-22T03:18,10,123
SYN-0002780,Cardiology,25,2025-08-09T11:07,2025-08-09T11:20,2025-08-09T12:38,13,91
SYN-0002781,Cardiology,77,2025-12-14T13:06,2025-12-14T13:40,2025-12-14T15:27,34,141
SYN-0002782,Emergency,58,2025-02-07T04:44,2025-02-07T07:11,2025-02-07T14:21,147,577
SYN-0002783,Emergency,74,2025-03-26T18:20,2025-03-26T19:20,2025-03-26T23:54,60,334
SYN-0002784,Emergency,87,2025-03-14T17:27,2025-03-14T19:38,2025-03-14T21:49,131,262
SYN-0002785,General Medicine,56,2025-12-21T18:58,2025-12-21T20:03,2025-12-21T23:06,65,248
SYN-0002786,General Medicine,32,2025-11-09T22:31,2025-11-09T22:43,2025-11-10T01:41,12,190
SYN-0002787,Imaging,18,2025-11-29T05:37,2025-11-29T06:06,2025-11-29T07:36,29,119
SYN-0002788,Orthopedics,81,2025-07-17T03:34,2025-07-17T05:15,2025-07-17T07:29,101,235
SYN-0002789,Cardiology,83,2025-12-18T21:55,2025-12-18T22:42,2025-12-19T01:36,47,221
SYN-0002790,Orthopedics,86,2025-07-12T09:13,2025-07-12T10:40,2025-07-12T12:26,87,193
SYN-0002791,Cardiology,74,2025-08-13T20:44,2025-08-13T21:32,2025-08-13T23:27,48,163
SYN-0002792,Emergency,18,2025-12-22T01:05,2025-12-22T04:28,2025-12-22T06:31,203,326
SYN-0002793,Orthopedics,81,2025-12-09T14:41,2025-12-09T16:40,2025-12-09T19:20,119,279
SYN-0002794,Cardiology,56,2025-11-11T14:00,2025-11-11T14:27,2025-11-11T15:28,27,88
SYN-0002795,Emergency,86,2025-09-07T08:25,2025-09-07T12:15,2025-09-07T16:31,230,486
SYN-0002796,Cardiology,45,2025-06-18T19:02,2025-06-18T19:31,2025-06-18T20:43,29,101
SYN-0002797,Orthopedics,85,2025-08-22T00:40,2025-08-22T01:49,2025-08-22T03:37,69,177
SYN-0002798,Imaging,91,2025-06-03T03:07,2025-06-03T03:25,2025-06-03T04:18,18,71
SYN-0002799,Cardiology,68,2025-05-20T17:45,2025-05-20T18:31,2025-05-20T19:56,46,131
SYN-0002800,Cardiology,84,2025-08-26T03:41,2025-08-26T04:06,2025-08-26T05:31,25,110
SYN-0002801,Imaging,51,2025-06-16T13:14,2025-06-16T14:12,2025-06-16T15:01,58,107
SYN-0002802,Imaging,57,2025-04-16T13:49,2025-04-16T14:32,2025-04-16T15:34,43,105
SYN-0002803,Orthopedics,75,2025-08-18T15:04,2025-08-18T16:42,2025-08-18T18:42,98,218
SYN-0002804,Orthopedics,71,2025-10-14T13:38,2025-10-14T14:37,2025-10-14T17:31,59,233
SYN-0002805,Emergency,70,2025-02-10T06:34,2025-02-10T09:59,2025-02-10T13:55,205,441
SYN-0002806,Orthopedics,53,2025-11-29T16:43,2025-11-29T18:10,2025-11-29T19:15,87,152
SYN-0002807,Emergency,44,2025-05-28T05:55,2025-05-28T09:34,2025-05-28T16:04,219,609
SYN-0002808,Orthopedics,59,2025-01-18T05:49,2025-01-18T06:31,2025-01-18T08:36,42,167
SYN-0002809,Imaging,45,2025-05-26T05:40,2025-05-26T06:33,2025-05-26T07:29,53,109
SYN-0002810,General Medicine,31,2025-07-19T11:51,2025-07-19T14:09,2025-07-19T16:31,138,280
SYN-0002811,Emergency,79,2025-08-26T00:13,2025-08-26T01:25,2025-08-26T03:17,72,184
SYN-0002812,General Medicine,80,2025-10-12T00:50,2025-10-12T03:00,2025-10-12T03:41,130,171
SYN-0002813,Cardiology,30,2025-02-13T04:38,2025-02-13T05:18,2025-02-13T07:39,40,181
SYN-0002814,Emergency,86,2025-07-21T00:15,2025-07-21T03:08,2025-07-21T06:33,173,378
SYN-0002815,Orthopedics,78,2025-03-22T20:24,2025-03-22T21:25,2025-03-22T23:07,61,163
SYN-0002816,Cardiology,37,2025-10-29T07:17,2025-10-29T07:31,2025-10-29T09:39,14,142
SYN-0002817,Cardiology,89,2025-05-26T15:09,2025-05-26T16:29,2025-05-26T18:30,80,201
SYN-0002818,Emergency,91,2025-08-27T17:27,2025-08-27T19:29,2025-08-27T22:04,122,277
SYN-0002819,General Medicine,20,2025-08-01T04:55,2025-08-01T06:11,2025-08-01T09:03,76,248
SYN-0002820,Cardiology,75,2025-09-21T00:56,2025-09-21T01:09,2025-09-21T03:14,13,138
SYN-0002821,Cardiology,47,2025-12-08T00:35,2025-12-08T01:03,2025-12-08T03:10,28,155
SYN-0002822,Imaging,51,2025-05-25T21:31,2025-05-25T22:22,2025-05-25T23:19,51,108
SYN-0002823,Orthopedics,33,2025-04-13T03:23,2025-04-13T04:45,2025-04-13T05:20,82,117
SYN-0002824,Imaging,24,2025-12-21T03:42,2025-12-21T04:41,2025-12-21T05:46,59,124
SYN-0002825,General Medicine,20,2025-09-29T22:56,2025-09-29T23:21,2025-09-30T02:02,25,186
SYN-0002826,General Medicine,86,2025-08-27T03:57,2025-08-27T05:58,2025-08-27T06:36,121,159
SYN-0002827,Imaging,26,2025-09-01T00:44,2025-09-01T01:25,2025-09-01T02:53,41,129
SYN-0002828,Emergency,86,2025-03-23T19:11,2025-03-23T21:45,2025-03-23T23:02,154,231
SYN-0002829,Cardiology,42,2025-12-08T02:42,2025-12-08T03:52,2025-12-08T04:59,70,137
SYN-0002830,Emergency,53,2025-11-10T19:20,2025-11-10T22:46,2025-11-11T05:06,206,586
SYN-0002831,Imaging,27,2025-08-29T14:40,2025-08-29T15:42,2025-08-29T16:16,62,96
SYN-0002832,Cardiology,85,2025-11-27T15:02,2025-11-27T16:29,2025-11-27T18:40,87,218
SYN-0002833,Imaging,18,2025-08-02T22:46,2025-08-02T22:53,2025-08-02T23:59,7,73
SYN-0002834,General Medicine,46,2025-01-07T05:12,2025-01-07T07:01,2025-01-07T07:35,109,143
SYN-0002835,Orthopedics,46,2025-07-08T11:46,2025-07-08T12:45,2025-07-08T13:53,59,127
SYN-0002836,General Medicine,43,2025-11-30T07:49,2025-11-30T09:22,2025-11-30T12:08,93,259
SYN-0002837,General Medicine,42,2025-04-22T02:57,2025-04-22T04:37,2025-04-22T08:10,100,313
SYN-0002838,Cardiology,30,2025-05-13T05:27,2025-05-13T05:58,2025-05-13T08:01,31,154
SYN-0002839,Emergency,34,2025-01-29T17:29,2025-01-29T19:55,2025-01-30T01:33,146,484
SYN-0002840,General Medicine,58,2025-08-27T10:47,2025-08-27T12:26,2025-08-27T13:13,99,146
SYN-0002841,Cardiology,56,2025-05-27T20:59,2025-05-27T22:28,2025-05-28T00:06,89,187
SYN-0002842,Cardiology,45,2025-06-19T15:36,2025-06-19T16:35,2025-06-19T18:29,59,173
SYN-0002843,Orthopedics,33,2025-11-17T03:16,2025-11-17T03:24,2025-11-17T04:29,8,73
SYN-0002844,Imaging,66,2025-06-01T21:16,2025-06-01T21:24,2025-06-01T22:35,8,79
SYN-0002845,Emergency,43,2025-10-18T16:08,2025-10-18T18:12,2025-10-18T22:26,124,378
SYN-0002846,Cardiology,40,2025-03-09T14:42,2025-03-09T15:35,2025-03-09T16:51,53,129
SYN-0002847,General Medicine,44,2025-04-29T14:35,2025-04-29T16:57,2025-04-29T17:58,142,203
SYN-0002848,Emergency,58,2025-09-18T23:19,2025-09-19T01:34,2025-09-19T08:23,135,544
SYN-0002849,Imaging,82,2025-03-08T02:41,2025-03-08T03:10,2025-03-08T03:51,29,70
SYN-0002850,Orthopedics,76,2025-03-23T13:12,2025-03-23T14:18,2025-03-23T15:53,66,161
SYN-0002851,Emergency,69,2025-11-02T20:16,2025-11-02T20:27,2025-11-03T00:11,11,235
SYN-0002852,Emergency,26,2025-08-14T17:19,2025-08-14T18:59,2025-08-14T22:33,100,314
SYN-0002853,Imaging,67,2025-03-03T11:53,2025-03-03T12:36,2025-03-03T13:20,43,87
SYN-0002854,Imaging,23,2025-08-24T09:34,2025-08-24T09:41,2025-08-24T10:31,7,57
SYN-0002855,Cardiology,34,2025-01-07T18:04,2025-01-07T18:40,2025-01-07T20:10,36,126
SYN-0002856,General Medicine,22,2025-12-09T02:34,2025-12-09T03:23,2025-12-09T04:28,49,114
SYN-0002857,Emergency,55,2025-06-02T18:58,2025-06-02T21:40,2025-06-03T05:00,162,602
SYN-0002858,Orthopedics,71,2025-04-25T16:12,2025-04-25T17:36,2025-04-25T19:52,84,220
SYN-0002859,Cardiology,41,2025-04-21T05:33,2025-04-21T06:00,2025-04-21T08:57,27,204
SYN-0002860,Orthopedics,21,2025-04-29T05:41,2025-04-29T07:38,2025-04-29T08:36,117,175
SYN-0002861,Imaging,65,2025-10-21T22:22,2025-10-21T22:53,2025-10-21T23:47,31,85
SYN-0002862,Orthopedics,21,2025-01-21T17:41,2025-01-21T19:05,2025-01-21T20:57,84,196
SYN-0002863,Orthopedics,36,2025-01-25T22:05,2025-01-25T22:13,2025-01-26T00:43,8,158
SYN-0002864,Imaging,94,2025-10-02T13:11,2025-10-02T13:21,2025-10-02T14:45,10,94
SYN-0002865,General Medicine,19,2025-03-14T21:38,2025-03-14T22:31,2025-03-14T23:41,53,123
SYN-0002866,Orthopedics,71,2025-03-09T01:58,2025-03-09T03:57,2025-03-09T05:24,119,206
SYN-0002867,Emergency,71,2025-12-05T04:33,2025-12-05T05:11,2025-12-05T09:44,38,311
SYN-0002868,General Medicine,57,2025-01-01T12:36,2025-01-01T14:38,2025-01-01T15:42,122,186
SYN-0002869,Imaging,59,2025-04-04T08:25,2025-04-04T09:30,2025-04-04T10:17,65,112
SYN-0002870,General Medicine,79,2025-03-12T04:40,2025-03-12T06:23,2025-03-12T09:30,103,290
SYN-0002871,Imaging,83,2025-06-09T16:44,2025-06-09T17:14,2025-06-09T17:45,30,61
SYN-0002872,Cardiology,30,2025-03-01T20:21,2025-03-01T20:44,2025-03-01T22:26,23,125
SYN-0002873,Imaging,46,2025-07-01T21:12,2025-07-01T21:53,2025-07-01T22:21,41,69
SYN-0002874,Orthopedics,77,2025-08-28T07:09,2025-08-28T07:37,2025-08-28T09:24,28,135
SYN-0002875,General Medicine,34,2025-07-14T05:22,2025-07-14T07:45,2025-07-14T10:27,143,305
SYN-0002876,Orthopedics,92,2025-04-16T17:55,2025-04-16T18:54,2025-04-16T20:59,59,184
SYN-0002877,Emergency,24,2025-10-08T08:53,2025-10-08T12:14,2025-10-08T19:33,201,640
SYN-0002878,Cardiology,22,2025-04-15T02:18,2025-04-15T02:46,2025-04-15T03:34,28,76
SYN-0002879,Cardiology,19,2025-08-23T20:39,2025-08-23T21:04,2025-08-23T23:30,25,171
SYN-0002880,General Medicine,42,2025-09-08T10:07,2025-09-08T12:20,2025-09-08T14:53,133,286
SYN-0002881,General Medicine,76,2025-06-06T10:32,2025-06-06T12:25,2025-06-06T14:50,113,258
SYN-0002882,General Medicine,33,2025-11-17T07:09,2025-11-17T08:26,2025-11-17T11:15,77,246
SYN-0002883,Orthopedics,61,2025-09-03T15:37,2025-09-03T17:05,2025-09-03T19:46,88,249
SYN-0002884,Cardiology,88,2025-12-21T21:08,2025-12-21T21:45,2025-12-21T23:57,37,169
SYN-0002885,Imaging,26,2025-07-11T09:52,2025-07-11T10:09,2025-07-11T11:07,17,75
SYN-0002886,Orthopedics,30,2025-04-02T21:59,2025-04-02T22:58,2025-04-02T23:34,59,95
SYN-0002887,Cardiology,88,2025-03-29T14:00,2025-03-29T15:03,2025-03-29T16:16,63,136
SYN-0002888,Orthopedics,75,2025-08-12T13:44,2025-08-12T14:05,2025-08-12T16:03,21,139
SYN-0002889,Imaging,68,2025-05-13T23:22,2025-05-14T00:37,2025-05-14T01:02,75,100
SYN-0002890,General Medicine,20,2025-06-11T13:14,2025-06-11T14:13,2025-06-11T15:19,59,125
SYN-0002891,Cardiology,90,2025-04-21T12:23,2025-04-21T13:13,2025-04-21T16:12,50,229
SYN-0002892,General Medicine,87,2025-09-22T01:52,2025-09-22T04:16,2025-09-22T04:58,144,186
SYN-0002893,Cardiology,38,2025-09-30T16:22,2025-09-30T17:34,2025-09-30T19:01,72,159
SYN-0002894,Emergency,37,2025-06-14T18:08,2025-06-14T21:12,2025-06-14T23:06,184,298
SYN-0002895,General Medicine,24,2025-07-22T17:45,2025-07-22T19:43,2025-07-22T21:04,118,199
SYN-0002896,Imaging,78,2025-11-03T18:07,2025-11-03T18:49,2025-11-03T19:53,42,106
SYN-0002897,Imaging,18,2025-08-07T10:45,2025-08-07T11:31,2025-08-07T12:03,46,78
SYN-0002898,Emergency,44,2025-08-15T21:41,2025-08-15T22:55,2025-08-16T05:27,74,466
SYN-0002899,General Medicine,35,2025-10-26T19:49,2025-10-26T20:16,2025-10-26T21:01,27,72
SYN-0002900,Cardiology,68,2025-06-26T13:20,2025-06-26T14:26,2025-06-26T15:52,66,152
SYN-0002901,Cardiology,93,2025-10-12T17:12,2025-10-12T18:39,2025-10-12T21:11,87,239
SYN-0002902,Cardiology,46,2025-02-21T08:37,2025-02-21T09:13,2025-02-21T11:27,36,170
SYN-0002903,Orthopedics,92,2025-03-31T21:49,2025-03-31T22:11,2025-04-01T00:23,22,154
SYN-0002904,Cardiology,53,2025-04-14T16:46,2025-04-14T17:17,2025-04-14T19:55,31,189
SYN-0002905,Orthopedics,85,2025-08-15T13:55,2025-08-15T14:01,2025-08-15T15:01,6,66
SYN-0002906,Emergency,47,2025-12-10T01:13,2025-12-10T04:40,2025-12-10T10:31,207,558
SYN-0002907,Imaging,37,2025-11-27T20:38,2025-11-27T21:21,2025-11-27T21:51,43,73
SYN-0002908,Emergency,52,2025-09-06T13:59,2025-09-06T17:54,2025-09-07T00:50,235,651
SYN-0002909,Emergency,32,2025-07-06T00:21,2025-07-06T02:08,2025-07-06T09:47,107,566
SYN-0002910,Imaging,80,2025-05-03T15:58,2025-05-03T16:57,2025-05-03T18:26,59,148
SYN-0002911,Orthopedics,29,2025-03-17T00:55,2025-03-17T01:28,2025-03-17T04:11,33,196
SYN-0002912,General Medicine,73,2025-12-27T02:34,2025-12-27T04:16,2025-12-27T05:47,102,193
SYN-0002913,Imaging,53,2025-07-24T00:54,2025-07-24T01:06,2025-07-24T01:34,12,40
SYN-0002914,Orthopedics,71,2025-08-28T10:42,2025-08-28T12:08,2025-08-28T14:48,86,246
SYN-0002915,Orthopedics,30,2025-01-10T09:54,2025-01-10T10:44,2025-01-10T11:35,50,101
SYN-0002916,Imaging,46,2025-12-27T10:20,2025-12-27T10:56,2025-12-27T12:25,36,125
SYN-0002917,General Medicine,31,2025-07-13T12:23,2025-07-13T14:24,2025-07-13T17:44,121,321
SYN-0002918,Imaging,23,2025-10-06T14:11,2025-10-06T15:04,2025-10-06T16:25,53,134
SYN-0002919,General Medicine,91,2025-03-13T18:45,2025-03-13T19:22,2025-03-13T22:23,37,218
SYN-0002920,Emergency,64,2025-06-23T18:05,2025-06-23T18:45,2025-06-24T01:46,40,461
SYN-0002921,General Medicine,23,2025-10-14T17:11,2025-10-14T19:08,2025-10-14T23:06,117,355
SYN-0002922,Orthopedics,91,2025-12-02T12:04,2025-12-02T13:31,2025-12-02T15:53,87,229
SYN-0002923,General Medicine,21,2025-11-11T10:12,2025-11-11T10:31,2025-11-11T12:43,19,151
SYN-0002924,Cardiology,60,2025-01-18T13:57,2025-01-18T15:14,2025-01-18T16:45,77,168
SYN-0002925,Emergency,76,2025-01-21T15:52,2025-01-21T17:16,2025-01-21T21:17,84,325
SYN-0002926,Orthopedics,49,2025-09-14T14:15,2025-09-14T15:05,2025-09-14T17:03,50,168
SYN-0002927,Orthopedics,76,2025-08-25T07:15,2025-08-25T08:17,2025-08-25T08:59,62,104
SYN-0002928,Orthopedics,89,2025-06-02T11:11,2025-06-02T12:54,2025-06-02T14:05,103,174
SYN-0002929,General Medicine,62,2025-10-20T05:35,2025-10-20T07:07,2025-10-20T10:46,92,311
SYN-0002930,Cardiology,63,2025-09-01T00:56,2025-09-01T02:04,2025-09-01T03:11,68,135
SYN-0002931,General Medicine,58,2025-06-15T17:05,2025-06-15T19:32,2025-06-15T23:11,147,366
SYN-0002932,Orthopedics,58,2025-10-23T16:30,2025-10-23T16:47,2025-10-23T17:40,17,70
SYN-0002933,General Medicine,66,2025-05-16T13:56,2025-05-16T16:13,2025-05-16T19:26,137,330
SYN-0002934,Cardiology,61,2025-09-13T07:04,2025-09-13T07:42,2025-09-13T10:31,38,207
SYN-0002935,Imaging,59,2025-05-03T17:30,2025-05-03T18:21,2025-05-03T18:56,51,86
SYN-0002936,Emergency,82,2025-08-15T02:51,2025-08-15T03:29,2025-08-15T05:36,38,165
SYN-0002937,General Medicine,68,2025-05-10T13:10,2025-05-10T14:35,2025-05-10T18:18,85,308
SYN-0002938,General Medicine,29,2025-03-09T23:38,2025-03-10T00:07,2025-03-10T01:27,29,109
SYN-0002939,General Medicine,61,2025-04-17T03:26,2025-04-17T05:19,2025-04-17T06:56,113,210
SYN-0002940,General Medicine,67,2025-04-07T20:54,2025-04-07T22:34,2025-04-08T00:45,100,231
SYN-0002941,Emergency,90,2025-08-03T00:29,2025-08-03T04:15,2025-08-03T11:01,226,632
SYN-0002942,Emergency,23,2025-11-19T05:52,2025-11-19T07:24,2025-11-19T09:49,92,237
SYN-0002943,Cardiology,21,2025-07-19T08:47,2025-07-19T10:02,2025-07-19T11:26,75,159
SYN-0002944,Imaging,46,2025-06-28T15:49,2025-06-28T16:22,2025-06-28T17:05,33,76
SYN-0002945,Imaging,55,2025-01-10T01:01,2025-01-10T01:33,2025-01-10T02:06,32,65
SYN-0002946,Cardiology,71,2025-11-16T15:12,2025-11-16T15:19,2025-11-16T18:07,7,175
SYN-0002947,General Medicine,84,2025-05-16T11:35,2025-05-16T12:34,2025-05-16T14:49,59,194
SYN-0002948,General Medicine,51,2025-10-09T21:07,2025-10-09T22:59,2025-10-10T02:09,112,302
SYN-0002949,Orthopedics,65,2025-11-11T01:46,2025-11-11T03:33,2025-11-11T05:10,107,204
SYN-0002950,Orthopedics,87,2025-08-22T03:06,2025-08-22T05:06,2025-08-22T06:36,120,210
SYN-0002951,Orthopedics,49,2025-08-23T05:27,2025-08-23T05:41,2025-08-23T06:45,14,78
SYN-0002952,General Medicine,86,2025-12-13T10:07,2025-12-13T10:49,2025-12-13T11:43,42,96
SYN-0002953,Orthopedics,88,2025-09-11T15:43,2025-09-11T16:01,2025-09-11T17:29,18,106
SYN-0002954,Cardiology,76,2025-02-08T17:45,2025-02-08T18:49,2025-02-08T20:42,64,177
SYN-0002955,General Medicine,26,2025-11-14T14:52,2025-11-14T16:54,2025-11-14T19:31,122,279
SYN-0002956,Cardiology,62,2025-02-11T21:41,2025-02-11T21:48,2025-02-12T00:27,7,166
SYN-0002957,Imaging,26,2025-09-16T01:48,2025-09-16T02:11,2025-09-16T02:34,23,46
SYN-0002958,Orthopedics,94,2025-01-21T01:56,2025-01-21T03:13,2025-01-21T04:47,77,171
SYN-0002959,Imaging,45,2025-10-16T12:54,2025-10-16T13:54,2025-10-16T14:26,60,92
SYN-0002960,Imaging,60,2025-08-10T20:20,2025-08-10T21:04,2025-08-10T22:27,44,127
SYN-0002961,Cardiology,36,2025-10-24T11:19,2025-10-24T12:36,2025-10-24T15:31,77,252
SYN-0002962,General Medicine,63,2025-02-08T13:44,2025-02-08T15:14,2025-02-08T15:45,90,121
SYN-0002963,General Medicine,26,2025-02-21T17:02,2025-02-21T17:42,2025-02-21T21:30,40,268
SYN-0002964,General Medicine,42,2025-04-28T09:18,2025-04-28T11:13,2025-04-28T14:49,115,331
SYN-0002965,Cardiology,21,2025-05-12T23:21,2025-05-13T00:42,2025-05-13T02:12,81,171
SYN-0002966,Imaging,30,2025-03-06T21:14,2025-03-06T21:34,2025-03-06T22:31,20,77
SYN-0002967,Imaging,78,2025-10-05T15:32,2025-10-05T16:26,2025-10-05T17:33,54,121
SYN-0002968,Cardiology,57,2025-03-11T19:19,2025-03-11T20:07,2025-03-11T21:38,48,139
SYN-0002969,Orthopedics,81,2025-07-03T12:15,2025-07-03T12:42,2025-07-03T15:02,27,167
SYN-0002970,Emergency,43,2025-10-20T07:27,2025-10-20T08:24,2025-10-20T11:07,57,220
SYN-0002971,Cardiology,75,2025-09-05T09:02,2025-09-05T09:51,2025-09-05T10:56,49,114
SYN-0002972,Emergency,95,2025-01-15T20:31,2025-01-15T22:55,2025-01-16T01:36,144,305
SYN-0002973,Emergency,30,2025-09-29T17:12,2025-09-29T19:44,2025-09-29T20:44,152,212
SYN-0002974,Cardiology,18,2025-01-10T03:49,2025-01-10T03:54,2025-01-10T06:54,5,185
SYN-0002975,Orthopedics,90,2025-01-21T03:16,2025-01-21T04:10,2025-01-21T05:58,54,162
SYN-0002976,General Medicine,42,2025-05-06T12:47,2025-05-06T14:32,2025-05-06T15:19,105,152
SYN-0002977,General Medicine,62,2025-06-09T00:21,2025-06-09T02:38,2025-06-09T03:54,137,213
SYN-0002978,Emergency,94,2025-04-23T15:04,2025-04-23T18:57,2025-04-24T01:16,233,612
SYN-0002979,Orthopedics,40,2025-11-17T21:44,2025-11-17T23:02,2025-11-18T00:17,78,153
SYN-0002980,General Medicine,21,2025-11-21T02:47,2025-11-21T03:35,2025-11-21T07:33,48,286
SYN-0002981,General Medicine,57,2025-03-29T14:05,2025-03-29T14:24,2025-03-29T17:11,19,186
SYN-0002982,Orthopedics,93,2025-05-12T09:00,2025-05-12T09:18,2025-05-12T11:17,18,137
SYN-0002983,General Medicine,42,2025-12-29T09:04,2025-12-29T09:56,2025-12-29T10:51,52,107
SYN-0002984,General Medicine,76,2025-09-03T16:26,2025-09-03T17:15,2025-09-03T20:21,49,235
SYN-0002985,General Medicine,32,2025-11-23T04:14,2025-11-23T06:03,2025-11-23T09:53,109,339
SYN-0002986,General Medicine,64,2025-06-29T07:02,2025-06-29T07:28,2025-06-29T09:24,26,142
SYN-0002987,Cardiology,69,2025-05-18T03:28,2025-05-18T04:03,2025-05-18T06:53,35,205
SYN-0002988,Emergency,93,2025-12-16T20:00,2025-12-16T21:41,2025-12-16T22:41,101,161
SYN-0002989,Emergency,59,2025-03-08T05:31,2025-03-08T09:18,2025-03-08T14:14,227,523
SYN-0002990,General Medicine,87,2025-10-15T00:52,2025-10-15T03:18,2025-10-15T06:01,146,309
SYN-0002991,Cardiology,75,2025-04-09T15:36,2025-04-09T16:17,2025-04-09T18:24,41,168
SYN-0002992,Cardiology,73,2025-10-22T08:34,2025-10-22T09:16,2025-10-22T11:50,42,196
SYN-0002993,Imaging,80,2025-01-18T08:31,2025-01-18T08:46,2025-01-18T10:03,15,92
SYN-0002994,Emergency,67,2025-12-19T12:20,2025-12-19T13:52,2025-12-19T19:09,92,409
SYN-0002995,Orthopedics,85,2025-02-10T03:12,2025-02-10T04:20,2025-02-10T06:03,68,171
SYN-0002996,Emergency,93,2025-08-12T15:18,2025-08-12T16:16,2025-08-12T17:31,58,133
SYN-0002997,General Medicine,24,2025-08-17T09:29,2025-08-17T11:57,2025-08-17T13:11,148,222
SYN-0002998,General Medicine,67,2025-08-09T14:21,2025-08-09T14:38,2025-08-09T15:20,17,59
SYN-0002999,Cardiology,83,2025-11-12T21:16,2025-11-12T22:06,2025-11-12T23:04,50,108
SYN-0003000,General Medicine,23,2025-09-28T00:37,2025-09-28T01:32,2025-09-28T04:12,55,215
SYN-0003001,Cardiology,46,2025-05-16T05:26,2025-05-16T05:43,2025-05-16T08:25,17,179
SYN-0003002,Orthopedics,44,2025-12-27T15:33,2025-12-27T15:47,2025-12-27T17:09,14,96
SYN-0003003,General Medicine,44,2025-10-05T18:59,2025-10-05T19:12,2025-10-05T19:53,13,54
SYN-0003004,Emergency,60,2025-06-25T01:04,2025-06-25T02:28,2025-06-25T03:00,84,116
SYN-0003005,Cardiology,69,2025-09-28T17:23,2025-09-28T18:17,2025-09-28T20:00,54,157
SYN-0003006,Emergency,51,2025-06-29T06:11,2025-06-29T07:00,2025-06-29T08:42,49,151
SYN-0003007,Imaging,70,2025-07-18T12:17,2025-07-18T13:01,2025-07-18T13:42,44,85
SYN-0003008,Emergency,66,2025-10-29T04:52,2025-10-29T06:48,2025-10-29T14:19,116,567
SYN-0003009,Orthopedics,50,2025-12-22T12:12,2025-12-22T14:04,2025-12-22T15:22,112,190
SYN-0003010,General Medicine,23,2025-10-15T23:18,2025-10-15T23:30,2025-10-16T02:40,12,202
SYN-0003011,Imaging,32,2025-02-21T08:30,2025-02-21T08:51,2025-02-21T09:34,21,64
SYN-0003012,Emergency,26,2025-12-22T17:47,2025-12-22T18:37,2025-12-23T01:52,50,485
SYN-0003013,Cardiology,50,2025-05-02T20:56,2025-05-02T22:09,2025-05-03T00:17,73,201
SYN-0003014,Imaging,54,2025-07-28T13:53,2025-07-28T14:34,2025-07-28T15:57,41,124
SYN-0003015,General Medicine,68,2025-03-28T22:40,2025-03-28T23:56,2025-03-29T00:53,76,133
SYN-0003016,Cardiology,34,2025-05-27T05:01,2025-05-27T05:17,2025-05-27T08:09,16,188
SYN-0003017,General Medicine,31,2025-12-15T15:58,2025-12-15T16:17,2025-12-15T18:47,19,169
SYN-0003018,Emergency,41,2025-10-10T13:54,2025-10-10T15:02,2025-10-10T15:51,68,117
SYN-0003019,Emergency,48,2025-02-19T01:54,2025-02-19T05:19,2025-02-19T11:44,205,590
SYN-0003020,Imaging,74,2025-04-14T22:53,2025-04-14T23:45,2025-04-15T00:56,52,123
SYN-0003021,General Medicine,44,2025-05-18T14:28,2025-05-18T14:48,2025-05-18T18:07,20,219
SYN-0003022,Orthopedics,37,2025-01-11T08:21,2025-01-11T08:31,2025-01-11T11:26,10,185
SYN-0003023,Orthopedics,62,2025-05-08T19:35,2025-05-08T21:30,2025-05-08T23:04,115,209
SYN-0003024,Imaging,66,2025-10-12T22:40,2025-10-12T23:10,2025-10-12T23:32,30,52
SYN-0003025,Cardiology,46,2025-02-16T08:21,2025-02-16T09:03,2025-02-16T11:57,42,216
SYN-0003026,Cardiology,74,2025-09-02T14:04,2025-09-02T15:29,2025-09-02T17:03,85,179
SYN-0003027,Emergency,49,2025-02-20T12:33,2025-02-20T16:26,2025-02-20T20:41,233,488
SYN-0003028,General Medicine,36,2025-04-28T07:23,2025-04-28T09:48,2025-04-28T11:31,145,248
SYN-0003029,General Medicine,26,2025-03-23T02:15,2025-03-23T03:46,2025-03-23T04:30,91,135
SYN-0003030,Imaging,39,2025-01-13T17:10,2025-01-13T18:21,2025-01-13T19:44,71,154
SYN-0003031,Orthopedics,31,2025-04-15T11:36,2025-04-15T12:28,2025-04-15T13:07,52,91
SYN-0003032,Cardiology,90,2025-01-03T11:47,2025-01-03T11:52,2025-01-03T14:14,5,147
SYN-0003033,Emergency,46,2025-03-29T02:53,2025-03-29T06:31,2025-03-29T10:19,218,446
SYN-0003034,Emergency,20,2025-02-23T19:54,2025-02-23T22:28,2025-02-24T03:37,154,463
SYN-0003035,Imaging,75,2025-10-09T15:14,2025-10-09T16:08,2025-10-09T16:59,54,105
SYN-0003036,Cardiology,76,2025-09-09T07:52,2025-09-09T08:59,2025-09-09T10:48,67,176
SYN-0003037,Imaging,46,2025-09-20T05:49,2025-09-20T06:13,2025-09-20T07:26,24,97
SYN-0003038,Cardiology,50,2025-10-10T20:41,2025-10-10T21:22,2025-10-10T22:51,41,130
SYN-0003039,Cardiology,56,2025-11-11T09:08,2025-11-11T10:00,2025-11-11T10:50,52,102
SYN-0003040,Cardiology,87,2025-10-26T19:45,2025-10-26T19:55,2025-10-26T22:37,10,172
SYN-0003041,Cardiology,44,2025-09-15T00:05,2025-09-15T01:01,2025-09-15T02:18,56,133
SYN-0003042,Imaging,75,2025-12-02T09:14,2025-12-02T10:12,2025-12-02T11:20,58,126
SYN-0003043,Imaging,61,2025-09-22T17:40,2025-09-22T18:34,2025-09-22T19:48,54,128
SYN-0003044,Orthopedics,85,2025-04-07T22:20,2025-04-07T23:50,2025-04-08T02:02,90,222
SYN-0003045,Cardiology,90,2025-05-20T01:21,2025-05-20T01:57,2025-05-20T03:37,36,136
SYN-0003046,Cardiology,88,2025-12-04T10:04,2025-12-04T11:33,2025-12-04T13:51,89,227
SYN-0003047,Imaging,68,2025-06-05T11:25,2025-06-05T12:17,2025-06-05T13:11,52,106
SYN-0003048,Cardiology,56,2025-11-26T08:51,2025-11-26T09:56,2025-11-26T11:08,65,137
SYN-0003049,General Medicine,45,2025-05-26T04:56,2025-05-26T06:51,2025-05-26T07:34,115,158
SYN-0003050,Orthopedics,84,2025-10-07T19:57,2025-10-07T21:12,2025-10-07T22:22,75,145
SYN-0003051,Imaging,44,2025-01-18T08:33,2025-01-18T09:01,2025-01-18T10:12,28,99
SYN-0003052,Imaging,69,2025-04-24T11:46,2025-04-24T12:13,2025-04-24T13:02,27,76
SYN-0003053,General Medicine,58,2025-10-27T11:48,2025-10-27T12:48,2025-10-27T13:56,60,128
SYN-0003054,Imaging,58,2025-12-21T09:26,2025-12-21T10:02,2025-12-21T10:33,36,67
SYN-0003055,General Medicine,30,2025-01-26T16:56,2025-01-26T19:21,2025-01-26T22:59,145,363
SYN-0003056,Emergency,24,2025-01-07T07:29,2025-01-07T08:00,2025-01-07T08:40,31,71
SYN-0003057,Orthopedics,63,2025-08-17T03:12,2025-08-17T05:06,2025-08-17T05:59,114,167
SYN-0003058,Cardiology,26,2025-08-12T23:01,2025-08-12T23:25,2025-08-13T01:04,24,123
SYN-0003059,Orthopedics,78,2025-11-22T05:11,2025-11-22T06:35,2025-11-22T08:25,84,194
SYN-0003060,Orthopedics,56,2025-07-30T23:35,2025-07-31T01:10,2025-07-31T02:24,95,169
SYN-0003061,Emergency,37,2025-04-27T08:55,2025-04-27T12:30,2025-04-27T17:47,215,532
SYN-0003062,Cardiology,38,2025-10-26T07:40,2025-10-26T08:38,2025-10-26T09:53,58,133
SYN-0003063,General Medicine,49,2025-07-24T18:55,2025-07-24T21:05,2025-07-25T00:34,130,339
SYN-0003064,Emergency,30,2025-11-20T23:15,2025-11-21T02:14,2025-11-21T03:59,179,284
SYN-0003065,Emergency,78,2025-10-05T09:34,2025-10-05T10:18,2025-10-05T18:18,44,524
SYN-0003066,Imaging,93,2025-01-15T12:43,2025-01-15T13:49,2025-01-15T14:25,66,102
SYN-0003067,Orthopedics,75,2025-05-13T09:46,2025-05-13T10:47,2025-05-13T13:46,61,240
SYN-0003068,Emergency,61,2025-09-08T08:50,2025-09-08T11:05,2025-09-08T17:18,135,508
SYN-0003069,Emergency,40,2025-02-20T03:56,2025-02-20T07:52,2025-02-20T11:31,236,455
SYN-0003070,Cardiology,37,2025-10-14T14:56,2025-10-14T16:20,2025-10-14T18:21,84,205
SYN-0003071,Emergency,59,2025-05-24T13:07,2025-05-24T16:39,2025-05-24T22:51,212,584
SYN-0003072,Orthopedics,95,2025-09-16T07:02,2025-09-16T08:38,2025-09-16T09:29,96,147
SYN-0003073,Imaging,39,2025-11-01T04:30,2025-11-01T04:37,2025-11-01T06:07,7,97
SYN-0003074,Orthopedics,83,2025-05-20T19:50,2025-05-20T21:43,2025-05-20T23:17,113,207
SYN-0003075,Orthopedics,58,2025-12-23T12:32,2025-12-23T13:43,2025-12-23T14:19,71,107
SYN-0003076,Cardiology,51,2025-08-12T06:51,2025-08-12T07:02,2025-08-12T08:48,11,117
SYN-0003077,Imaging,52,2025-01-30T11:00,2025-01-30T12:00,2025-01-30T12:58,60,118
SYN-0003078,Imaging,34,2025-01-23T20:17,2025-01-23T20:32,2025-01-23T21:29,15,72
SYN-0003079,General Medicine,56,2025-01-14T23:45,2025-01-14T23:57,2025-01-15T03:35,12,230
SYN-0003080,Imaging,67,2025-10-04T17:16,2025-10-04T17:46,2025-10-04T19:01,30,105
SYN-0003081,Emergency,66,2025-07-16T19:32,2025-07-16T22:39,2025-07-17T04:53,187,561
SYN-0003082,Orthopedics,70,2025-11-06T02:55,2025-11-06T03:46,2025-11-06T06:27,51,212
SYN-0003083,Orthopedics,88,2025-07-10T11:34,2025-07-10T11:55,2025-07-10T13:53,21,139
SYN-0003084,Cardiology,28,2025-07-14T04:26,2025-07-14T05:33,2025-07-14T07:30,67,184
SYN-0003085,Imaging,20,2025-03-24T15:59,2025-03-24T16:14,2025-03-24T17:09,15,70
SYN-0003086,Cardiology,40,2025-02-24T04:29,2025-02-24T04:47,2025-02-24T06:34,18,125
SYN-0003087,Orthopedics,29,2025-06-22T12:55,2025-06-22T13:08,2025-06-22T14:17,13,82
SYN-0003088,Emergency,61,2025-01-10T19:00,2025-01-10T19:12,2025-01-11T01:52,12,412
SYN-0003089,General Medicine,60,2025-12-02T12:25,2025-12-02T12:53,2025-12-02T14:02,28,97
SYN-0003090,Emergency,35,2025-02-10T21:34,2025-02-11T00:20,2025-02-11T01:52,166,258
SYN-0003091,Cardiology,29,2025-03-08T18:38,2025-03-08T18:53,2025-03-08T20:25,15,107
SYN-0003092,Emergency,44,2025-06-19T17:17,2025-06-19T19:17,2025-06-20T02:32,120,555
SYN-0003093,Emergency,59,2025-10-09T17:35,2025-10-09T20:48,2025-10-09T21:58,193,263
SYN-0003094,General Medicine,81,2025-05-24T16:03,2025-05-24T17:02,2025-05-24T19:33,59,210
SYN-0003095,General Medicine,93,2025-07-29T18:16,2025-07-29T19:13,2025-07-29T21:43,57,207
SYN-0003096,Emergency,28,2025-01-05T14:20,2025-01-05T16:23,2025-01-05T18:27,123,247
SYN-0003097,Cardiology,87,2025-04-15T18:42,2025-04-15T19:12,2025-04-15T21:04,30,142
SYN-0003098,General Medicine,27,2025-04-01T07:14,2025-04-01T08:12,2025-04-01T11:41,58,267
SYN-0003099,Cardiology,38,2025-06-15T19:37,2025-06-15T20:05,2025-06-15T22:12,28,155
SYN-0003100,Imaging,45,2025-07-27T19:46,2025-07-27T20:28,2025-07-27T21:35,42,109
SYN-0003101,Imaging,85,2025-06-25T07:46,2025-06-25T08:23,2025-06-25T09:22,37,96
SYN-0003102,Emergency,54,2025-07-03T06:13,2025-07-03T09:10,2025-07-03T15:29,177,556
SYN-0003103,Cardiology,81,2025-02-15T17:12,2025-02-15T17:25,2025-02-15T18:25,13,73
SYN-0003104,Orthopedics,28,2025-11-10T04:27,2025-11-10T06:27,2025-11-10T07:12,120,165
SYN-0003105,Imaging,93,2025-08-20T20:24,2025-08-20T20:30,2025-08-20T20:56,6,32
SYN-0003106,Orthopedics,58,2025-07-11T02:25,2025-07-11T03:59,2025-07-11T04:45,94,140
SYN-0003107,Imaging,81,2025-09-27T17:58,2025-09-27T18:48,2025-09-27T20:04,50,126
SYN-0003108,Orthopedics,87,2025-08-17T06:22,2025-08-17T08:04,2025-08-17T10:39,102,257
SYN-0003109,Cardiology,63,2025-02-01T02:13,2025-02-01T02:47,2025-02-01T04:15,34,122
SYN-0003110,Imaging,69,2025-08-25T04:44,2025-08-25T05:48,2025-08-25T07:02,64,138
SYN-0003111,Imaging,36,2025-04-22T04:21,2025-04-22T05:25,2025-04-22T06:37,64,136
SYN-0003112,Imaging,58,2025-04-12T12:45,2025-04-12T13:43,2025-04-12T14:01,58,76
SYN-0003113,Imaging,19,2025-09-24T07:14,2025-09-24T07:38,2025-09-24T08:44,24,90
SYN-0003114,Imaging,45,2025-05-14T22:03,2025-05-14T22:30,2025-05-14T23:04,27,61
SYN-0003115,Emergency,37,2025-12-10T21:50,2025-12-10T22:04,2025-12-11T01:54,14,244
SYN-0003116,Orthopedics,81,2025-01-16T18:53,2025-01-16T19:41,2025-01-16T21:01,48,128
SYN-0003117,Imaging,47,2025-07-22T04:37,2025-07-22T05:02,2025-07-22T05:55,25,78
SYN-0003118,Cardiology,73,2025-11-12T04:42,2025-11-12T05:49,2025-11-12T08:41,67,239
SYN-0003119,Cardiology,31,2025-09-15T07:34,2025-09-15T08:41,2025-09-15T09:41,67,127
SYN-0003120,Emergency,95,2025-12-14T02:56,2025-12-14T04:28,2025-12-14T10:59,92,483
SYN-0003121,Orthopedics,45,2025-12-26T21:19,2025-12-26T21:42,2025-12-26T23:12,23,113
SYN-0003122,Imaging,38,2025-08-13T06:49,2025-08-13T07:56,2025-08-13T08:12,67,83
SYN-0003123,Orthopedics,33,2025-11-09T09:16,2025-11-09T10:41,2025-11-09T12:30,85,194
SYN-0003124,General Medicine,61,2025-07-25T06:30,2025-07-25T07:13,2025-07-25T09:58,43,208
SYN-0003125,Orthopedics,90,2025-09-27T02:39,2025-09-27T04:27,2025-09-27T05:29,108,170
SYN-0003126,Imaging,65,2025-11-22T13:15,2025-11-22T13:28,2025-11-22T13:45,13,30
SYN-0003127,Imaging,47,2025-08-26T12:46,2025-08-26T13:22,2025-08-26T14:03,36,77
SYN-0003128,Orthopedics,89,2025-07-24T06:38,2025-07-24T08:04,2025-07-24T10:35,86,237
SYN-0003129,Orthopedics,34,2025-05-22T12:59,2025-05-22T14:17,2025-05-22T16:11,78,192
SYN-0003130,Orthopedics,93,2025-06-16T16:47,2025-06-16T18:32,2025-06-16T21:28,105,281
SYN-0003131,General Medicine,80,2025-07-01T09:19,2025-07-01T10:29,2025-07-01T14:27,70,308
SYN-0003132,General Medicine,83,2025-08-17T06:06,2025-08-17T08:16,2025-08-17T08:50,130,164
SYN-0003133,Emergency,59,2025-04-19T00:41,2025-04-19T02:29,2025-04-19T09:23,108,522
SYN-0003134,Emergency,95,2025-12-03T22:04,2025-12-04T00:29,2025-12-04T05:10,145,426
SYN-0003135,Orthopedics,42,2025-10-11T16:20,2025-10-11T16:33,2025-10-11T18:58,13,158
SYN-0003136,Orthopedics,25,2025-09-22T21:33,2025-09-22T23:09,2025-09-23T00:15,96,162
SYN-0003137,Imaging,59,2025-01-03T05:21,2025-01-03T05:57,2025-01-03T06:40,36,79
SYN-0003138,Orthopedics,52,2025-04-17T09:38,2025-04-17T11:28,2025-04-17T14:01,110,263
SYN-0003139,Orthopedics,42,2025-05-26T16:16,2025-05-26T17:23,2025-05-26T19:13,67,177
SYN-0003140,General Medicine,42,2025-02-14T02:24,2025-02-14T03:04,2025-02-14T04:49,40,145
SYN-0003141,General Medicine,66,2025-06-30T18:04,2025-06-30T20:23,2025-06-30T22:05,139,241
SYN-0003142,Imaging,44,2025-07-10T01:05,2025-07-10T01:11,2025-07-10T02:04,6,59
SYN-0003143,Cardiology,71,2025-01-21T23:41,2025-01-22T00:23,2025-01-22T01:14,42,93
SYN-0003144,Emergency,75,2025-04-18T11:45,2025-04-18T13:29,2025-04-18T17:57,104,372
SYN-0003145,Imaging,31,2025-08-17T17:04,2025-08-17T17:29,2025-08-17T18:40,25,96
SYN-0003146,Orthopedics,95,2025-05-25T00:28,2025-05-25T01:31,2025-05-25T03:11,63,163
SYN-0003147,Imaging,59,2025-04-04T14:19,2025-04-04T15:00,2025-04-04T15:35,41,76
SYN-0003148,Emergency,88,2025-08-26T18:39,2025-08-26T19:20,2025-08-26T20:16,41,97
SYN-0003149,Imaging,66,2025-08-18T13:43,2025-08-18T14:35,2025-08-18T15:08,52,85
SYN-0003150,General Medicine,59,2025-11-13T05:14,2025-11-13T05:30,2025-11-13T08:40,16,206
SYN-0003151,Imaging,54,2025-01-26T03:31,2025-01-26T03:58,2025-01-26T04:54,27,83
SYN-0003152,Orthopedics,83,2025-01-29T16:14,2025-01-29T17:31,2025-01-29T20:26,77,252
SYN-0003153,Emergency,81,2025-04-07T00:32,2025-04-07T03:47,2025-04-07T10:24,195,592
SYN-0003154,Emergency,31,2025-04-21T08:52,2025-04-21T09:19,2025-04-21T11:00,27,128
SYN-0003155,General Medicine,29,2025-06-21T03:09,2025-06-21T04:00,2025-06-21T07:32,51,263
SYN-0003156,Orthopedics,70,2025-03-01T02:21,2025-03-01T03:11,2025-03-01T05:07,50,166
SYN-0003157,Orthopedics,69,2025-12-25T14:17,2025-12-25T15:58,2025-12-25T16:45,101,148
SYN-0003158,General Medicine,68,2025-10-31T04:17,2025-10-31T04:42,2025-10-31T07:26,25,189
SYN-0003159,Cardiology,75,2025-05-31T22:02,2025-05-31T23:17,2025-06-01T00:24,75,142
SYN-0003160,Cardiology,48,2025-06-15T14:02,2025-06-15T14:21,2025-06-15T16:12,19,130
SYN-0003161,Emergency,24,2025-01-18T15:21,2025-01-18T18:16,2025-01-19T00:35,175,554
SYN-0003162,Cardiology,46,2025-01-31T17:04,2025-01-31T18:10,2025-01-31T19:05,66,121
SYN-0003163,Cardiology,58,2025-12-31T12:20,2025-12-31T12:44,2025-12-31T14:04,24,104
SYN-0003164,Orthopedics,83,2025-01-15T00:31,2025-01-15T01:25,2025-01-15T03:36,54,185
SYN-0003165,Orthopedics,88,2025-10-30T03:34,2025-10-30T04:42,2025-10-30T05:18,68,104
SYN-0003166,Emergency,44,2025-01-27T05:14,2025-01-27T05:34,2025-01-27T07:46,20,152
SYN-0003167,Cardiology,62,2025-01-06T04:59,2025-01-06T06:18,2025-01-06T09:08,79,249
SYN-0003168,Emergency,68,2025-04-30T13:14,2025-04-30T15:52,2025-04-30T19:30,158,376
SYN-0003169,Cardiology,52,2025-07-24T22:07,2025-07-24T22:31,2025-07-24T23:17,24,70
SYN-0003170,General Medicine,38,2025-10-10T20:07,2025-10-10T21:52,2025-10-11T00:32,105,265
SYN-0003171,Cardiology,43,2025-09-01T13:33,2025-09-01T14:55,2025-09-01T16:45,82,192
SYN-0003172,Orthopedics,33,2025-10-13T21:44,2025-10-13T23:43,2025-10-14T01:19,119,215
SYN-0003173,Orthopedics,95,2025-11-21T10:26,2025-11-21T11:28,2025-11-21T12:05,62,99
SYN-0003174,General Medicine,32,2025-05-15T14:10,2025-05-15T16:03,2025-05-15T17:25,113,195
SYN-0003175,Emergency,44,2025-03-19T17:14,2025-03-19T19:03,2025-03-20T02:24,109,550
SYN-0003176,Cardiology,93,2025-06-06T01:54,2025-06-06T03:11,2025-06-06T05:12,77,198
SYN-0003177,Orthopedics,47,2025-02-09T14:08,2025-02-09T14:59,2025-02-09T17:27,51,199
SYN-0003178,General Medicine,57,2025-01-18T08:09,2025-01-18T09:23,2025-01-18T10:48,74,159
SYN-0003179,Emergency,60,2025-05-12T17:47,2025-05-12T18:52,2025-05-13T02:26,65,519
SYN-0003180,Cardiology,76,2025-08-27T09:00,2025-08-27T10:08,2025-08-27T12:32,68,212
SYN-0003181,Imaging,89,2025-12-16T15:40,2025-12-16T16:06,2025-12-16T17:23,26,103
SYN-0003182,General Medicine,27,2025-06-30T23:10,2025-07-01T00:33,2025-07-01T04:26,83,316
SYN-0003183,General Medicine,24,2025-01-23T17:15,2025-01-23T17:52,2025-01-23T18:22,37,67
SYN-0003184,Emergency,74,2025-08-09T23:06,2025-08-10T00:26,2025-08-10T00:56,80,110
SYN-0003185,Imaging,65,2025-02-08T23:38,2025-02-09T00:03,2025-02-09T00:30,25,52
SYN-0003186,Cardiology,65,2025-11-05T03:21,2025-11-05T04:48,2025-11-05T06:21,87,180
SYN-0003187,Emergency,56,2025-01-17T07:22,2025-01-17T08:43,2025-01-17T12:46,81,324
SYN-0003188,Emergency,36,2025-08-08T22:42,2025-08-09T02:42,2025-08-09T04:13,240,331
SYN-0003189,Orthopedics,21,2025-03-29T14:49,2025-03-29T15:52,2025-03-29T17:14,63,145
SYN-0003190,Imaging,29,2025-03-23T23:35,2025-03-24T00:02,2025-03-24T00:18,27,43
SYN-0003191,Cardiology,20,2025-07-16T15:45,2025-07-16T16:48,2025-07-16T18:42,63,177
SYN-0003192,General Medicine,45,2025-04-22T15:01,2025-04-22T17:13,2025-04-22T17:59,132,178
SYN-0003193,Emergency,21,2025-10-02T19:58,2025-10-02T21:49,2025-10-03T04:06,111,488
SYN-0003194,Emergency,70,2025-12-06T02:43,2025-12-06T05:00,2025-12-06T09:11,137,388
SYN-0003195,Cardiology,53,2025-02-15T21:11,2025-02-15T21:17,2025-02-15T22:13,6,62
SYN-0003196,Orthopedics,52,2025-05-28T14:24,2025-05-28T16:01,2025-05-28T18:33,97,249
SYN-0003197,Emergency,48,2025-05-17T22:45,2025-05-18T01:46,2025-05-18T04:35,181,350
SYN-0003198,Imaging,89,2025-11-14T00:11,2025-11-14T00:16,2025-11-14T00:36,5,25
SYN-0003199,Imaging,64,2025-07-28T15:14,2025-07-28T15:48,2025-07-28T16:09,34,55
SYN-0003200,Emergency,78,2025-11-29T05:40,2025-11-29T08:23,2025-11-29T12:01,163,381
SYN-0003201,General Medicine,88,2025-09-28T08:27,2025-09-28T09:18,2025-09-28T11:23,51,176
SYN-0003202,General Medicine,70,2025-09-10T12:33,2025-09-10T13:20,2025-09-10T15:12,47,159
SYN-0003203,Cardiology,77,2025-09-28T23:05,2025-09-29T00:24,2025-09-29T02:51,79,226
SYN-0003204,Orthopedics,81,2025-04-18T12:04,2025-04-18T13:47,2025-04-18T15:31,103,207
SYN-0003205,General Medicine,29,2025-11-11T08:42,2025-11-11T10:36,2025-11-11T12:38,114,236
SYN-0003206,General Medicine,63,2025-08-31T08:10,2025-08-31T09:24,2025-08-31T10:29,74,139
SYN-0003207,Imaging,23,2025-04-30T14:56,2025-04-30T15:58,2025-04-30T17:22,62,146
SYN-0003208,Orthopedics,87,2025-09-06T18:45,2025-09-06T19:54,2025-09-06T21:01,69,136
SYN-0003209,Cardiology,68,2025-05-30T20:50,2025-05-30T22:08,2025-05-30T23:28,78,158
SYN-0003210,Emergency,82,2025-03-23T11:14,2025-03-23T14:54,2025-03-23T18:58,220,464
SYN-0003211,General Medicine,91,2025-03-17T14:18,2025-03-17T14:38,2025-03-17T17:21,20,183
SYN-0003212,Emergency,47,2025-04-30T22:22,2025-04-30T23:37,2025-05-01T04:48,75,386
SYN-0003213,Orthopedics,65,2025-08-26T00:18,2025-08-26T01:25,2025-08-26T02:24,67,126
SYN-0003214,General Medicine,46,2025-10-14T00:40,2025-10-14T02:31,2025-10-14T05:14,111,274
SYN-0003215,General Medicine,31,2025-10-25T02:17,2025-10-25T03:56,2025-10-25T07:37,99,320
SYN-0003216,Cardiology,42,2025-04-24T09:04,2025-04-24T10:30,2025-04-24T13:11,86,247
SYN-0003217,Emergency,81,2025-03-20T11:57,2025-03-20T15:55,2025-03-20T23:11,238,674
SYN-0003218,Cardiology,69,2025-06-26T02:20,2025-06-26T02:34,2025-06-26T04:37,14,137
SYN-0003219,Orthopedics,42,2025-03-12T07:59,2025-03-12T09:49,2025-03-12T11:12,110,193
SYN-0003220,Emergency,33,2025-08-04T09:12,2025-08-04T09:26,2025-08-04T10:11,14,59
SYN-0003221,Cardiology,50,2025-02-18T19:17,2025-02-18T19:45,2025-02-18T20:48,28,91
SYN-0003222,Imaging,69,2025-09-18T08:00,2025-09-18T08:20,2025-09-18T09:29,20,89
SYN-0003223,Emergency,61,2025-08-07T14:38,2025-08-07T17:46,2025-08-07T23:21,188,523
SYN-0003224,Imaging,72,2025-08-10T05:03,2025-08-10T05:55,2025-08-10T06:36,52,93
SYN-0003225,General Medicine,80,2025-01-31T11:48,2025-01-31T14:00,2025-01-31T17:12,132,324
SYN-0003226,Emergency,21,2025-09-13T22:51,2025-09-14T01:08,2025-09-14T04:21,137,330
SYN-0003227,Orthopedics,86,2025-10-07T10:36,2025-10-07T12:10,2025-10-07T14:41,94,245
SYN-0003228,Emergency,80,2025-09-13T15:07,2025-09-13T17:05,2025-09-13T23:27,118,500
SYN-0003229,Emergency,29,2025-12-21T22:46,2025-12-22T00:33,2025-12-22T01:22,107,156
SYN-0003230,Imaging,28,2025-03-09T00:40,2025-03-09T01:17,2025-03-09T02:41,37,121
SYN-0003231,Cardiology,66,2025-11-28T02:13,2025-11-28T03:38,2025-11-28T04:47,85,154
SYN-0003232,Orthopedics,59,2025-01-26T00:10,2025-01-26T00:45,2025-01-26T03:15,35,185
SYN-0003233,Orthopedics,70,2025-06-07T16:34,2025-06-07T17:49,2025-06-07T20:14,75,220
SYN-0003234,Emergency,93,2025-04-04T11:40,2025-04-04T11:52,2025-04-04T18:12,12,392
SYN-0003235,Emergency,82,2025-02-20T07:36,2025-02-20T09:55,2025-02-20T14:12,139,396
SYN-0003236,Cardiology,86,2025-10-10T15:54,2025-10-10T16:58,2025-10-10T18:53,64,179
SYN-0003237,Emergency,84,2025-03-27T16:24,2025-03-27T17:38,2025-03-27T23:07,74,403
SYN-0003238,Imaging,38,2025-08-02T15:21,2025-08-02T15:48,2025-08-02T17:00,27,99
SYN-0003239,Emergency,72,2025-08-30T07:54,2025-08-30T09:18,2025-08-30T14:55,84,421
SYN-0003240,Emergency,43,2025-02-25T22:32,2025-02-26T01:37,2025-02-26T03:26,185,294
SYN-0003241,Imaging,67,2025-01-05T03:29,2025-01-05T04:36,2025-01-05T05:22,67,113
SYN-0003242,Cardiology,41,2025-08-09T02:40,2025-08-09T03:33,2025-08-09T04:29,53,109
SYN-0003243,Cardiology,74,2025-06-16T13:23,2025-06-16T14:11,2025-06-16T17:02,48,219
SYN-0003244,Emergency,34,2025-04-12T08:47,2025-04-12T09:22,2025-04-12T11:16,35,149
SYN-0003245,General Medicine,64,2025-12-28T06:46,2025-12-28T07:02,2025-12-28T09:24,16,158
SYN-0003246,Imaging,87,2025-09-26T04:18,2025-09-26T04:25,2025-09-26T05:47,7,89
SYN-0003247,Emergency,53,2025-01-25T10:05,2025-01-25T12:02,2025-01-25T16:34,117,389
SYN-0003248,Imaging,29,2025-02-17T11:01,2025-02-17T12:00,2025-02-17T12:23,59,82
SYN-0003249,Orthopedics,69,2025-12-12T14:40,2025-12-12T16:37,2025-12-12T18:38,117,238
SYN-0003250,General Medicine,21,2025-03-30T02:49,2025-03-30T04:01,2025-03-30T05:06,72,137
SYN-0003251,Cardiology,75,2025-05-24T02:23,2025-05-24T02:39,2025-05-24T04:11,16,108
SYN-0003252,General Medicine,79,2025-07-11T12:22,2025-07-11T14:07,2025-07-11T16:59,105,277
SYN-0003253,Emergency,92,2025-05-16T02:01,2025-05-16T05:33,2025-05-16T11:39,212,578
SYN-0003254,Imaging,47,2025-01-29T22:46,2025-01-29T23:05,2025-01-30T00:31,19,105
SYN-0003255,Cardiology,68,2025-04-08T00:05,2025-04-08T00:28,2025-04-08T02:29,23,144
SYN-0003256,Emergency,32,2025-01-09T20:36,2025-01-09T22:21,2025-01-09T23:21,105,165
SYN-0003257,General Medicine,56,2025-01-07T10:47,2025-01-07T12:05,2025-01-07T15:04,78,257
SYN-0003258,Cardiology,45,2025-12-16T19:24,2025-12-16T20:09,2025-12-16T21:56,45,152
SYN-0003259,Cardiology,79,2025-12-15T06:28,2025-12-15T07:57,2025-12-15T10:43,89,255
SYN-0003260,Cardiology,88,2025-10-10T10:18,2025-10-10T10:35,2025-10-10T12:04,17,106
SYN-0003261,General Medicine,83,2025-04-03T10:42,2025-04-03T11:10,2025-04-03T12:17,28,95
SYN-0003262,Cardiology,90,2025-02-22T20:36,2025-02-22T20:49,2025-02-22T23:36,13,180
SYN-0003263,Cardiology,46,2025-09-21T09:33,2025-09-21T10:09,2025-09-21T12:39,36,186
SYN-0003264,Orthopedics,23,2025-11-11T11:29,2025-11-11T12:26,2025-11-11T13:11,57,102
SYN-0003265,Orthopedics,42,2025-01-21T03:29,2025-01-21T05:13,2025-01-21T07:24,104,235
SYN-0003266,Orthopedics,34,2025-06-13T15:17,2025-06-13T16:12,2025-06-13T18:37,55,200
SYN-0003267,Imaging,48,2025-04-25T12:45,2025-04-25T13:55,2025-04-25T15:02,70,137
SYN-0003268,General Medicine,27,2025-12-29T00:02,2025-12-29T02:25,2025-12-29T04:08,143,246
SYN-0003269,Imaging,89,2025-02-18T07:16,2025-02-18T07:24,2025-02-18T08:32,8,76
SYN-0003270,Emergency,23,2025-04-16T23:54,2025-04-17T03:04,2025-04-17T10:11,190,617
SYN-0003271,Orthopedics,77,2025-07-24T11:55,2025-07-24T12:35,2025-07-24T14:45,40,170
SYN-0003272,Orthopedics,57,2025-08-27T04:16,2025-08-27T04:59,2025-08-27T07:46,43,210
SYN-0003273,Imaging,93,2025-10-09T03:28,2025-10-09T04:38,2025-10-09T05:55,70,147
SYN-0003274,General Medicine,29,2025-09-03T10:49,2025-09-03T11:34,2025-09-03T14:04,45,195
SYN-0003275,Imaging,50,2025-02-15T19:51,2025-02-15T20:39,2025-02-15T22:02,48,131
SYN-0003276,Orthopedics,58,2025-06-15T21:49,2025-06-15T22:28,2025-06-16T00:11,39,142
SYN-0003277,Orthopedics,62,2025-05-20T06:37,2025-05-20T07:12,2025-05-20T10:06,35,209
SYN-0003278,Orthopedics,53,2025-10-27T16:10,2025-10-27T16:39,2025-10-27T18:34,29,144
SYN-0003279,Orthopedics,35,2025-05-18T03:42,2025-05-18T05:03,2025-05-18T07:21,81,219
SYN-0003280,Orthopedics,44,2025-08-22T20:22,2025-08-22T20:51,2025-08-22T22:53,29,151
SYN-0003281,Imaging,55,2025-03-27T08:24,2025-03-27T09:35,2025-03-27T10:12,71,108
SYN-0003282,Cardiology,81,2025-05-14T07:31,2025-05-14T08:02,2025-05-14T10:13,31,162
SYN-0003283,Orthopedics,52,2025-12-19T16:30,2025-12-19T17:06,2025-12-19T19:16,36,166
SYN-0003284,General Medicine,36,2025-09-06T14:23,2025-09-06T16:30,2025-09-06T19:17,127,294
SYN-0003285,Orthopedics,33,2025-07-03T21:22,2025-07-03T22:44,2025-07-03T23:32,82,130
SYN-0003286,Imaging,26,2025-01-03T09:05,2025-01-03T10:20,2025-01-03T11:25,75,140
SYN-0003287,Cardiology,88,2025-11-28T03:31,2025-11-28T04:08,2025-11-28T06:59,37,208
SYN-0003288,General Medicine,43,2025-11-03T04:39,2025-11-03T05:59,2025-11-03T08:39,80,240
SYN-0003289,Orthopedics,94,2025-12-23T11:40,2025-12-23T11:51,2025-12-23T14:10,11,150
SYN-0003290,Emergency,58,2025-10-09T17:18,2025-10-09T19:29,2025-10-09T23:42,131,384
SYN-0003291,Emergency,64,2025-03-31T12:07,2025-03-31T12:52,2025-03-31T14:54,45,167
SYN-0003292,Emergency,53,2025-02-21T04:13,2025-02-21T04:33,2025-02-21T12:16,20,483
SYN-0003293,Emergency,34,2025-07-15T10:52,2025-07-15T13:22,2025-07-15T18:26,150,454
SYN-0003294,Emergency,44,2025-11-05T05:04,2025-11-05T08:24,2025-11-05T14:45,200,581
SYN-0003295,Emergency,19,2025-02-13T14:28,2025-02-13T18:26,2025-02-14T00:34,238,606
SYN-0003296,Emergency,54,2025-07-21T19:57,2025-07-21T21:33,2025-07-22T03:22,96,445
SYN-0003297,Imaging,95,2025-06-10T12:25,2025-06-10T13:00,2025-06-10T13:44,35,79
SYN-0003298,General Medicine,48,2025-09-15T10:45,2025-09-15T12:03,2025-09-15T14:54,78,249
SYN-0003299,Cardiology,39,2025-06-10T02:32,2025-06-10T02:39,2025-06-10T04:45,7,133
SYN-0003300,Imaging,38,2025-01-13T16:47,2025-01-13T17:18,2025-01-13T18:42,31,115
SYN-0003301,Emergency,80,2025-07-16T09:51,2025-07-16T12:27,2025-07-16T19:16,156,565
SYN-0003302,Emergency,46,2025-10-23T22:23,2025-10-23T22:57,2025-10-24T01:33,34,190
SYN-0003303,Cardiology,46,2025-05-07T08:53,2025-05-07T09:56,2025-05-07T11:23,63,150
SYN-0003304,Orthopedics,57,2025-06-23T20:49,2025-06-23T21:07,2025-06-23T21:37,18,48
SYN-0003305,Imaging,47,2025-06-05T09:13,2025-06-05T10:07,2025-06-05T11:19,54,126
SYN-0003306,Emergency,74,2025-10-25T11:39,2025-10-25T15:25,2025-10-25T16:36,226,297
SYN-0003307,Imaging,20,2025-10-04T19:49,2025-10-04T20:13,2025-10-04T21:17,24,88
SYN-0003308,General Medicine,73,2025-12-24T21:55,2025-12-24T23:14,2025-12-25T00:36,79,161
SYN-0003309,General Medicine,81,2025-01-16T02:02,2025-01-16T03:39,2025-01-16T05:31,97,209
SYN-0003310,General Medicine,65,2025-05-30T14:50,2025-05-30T16:39,2025-05-30T19:02,109,252
SYN-0003311,Cardiology,69,2025-05-03T14:40,2025-05-03T14:54,2025-05-03T17:15,14,155
SYN-0003312,Cardiology,69,2025-09-15T05:45,2025-09-15T06:17,2025-09-15T08:22,32,157
SYN-0003313,Orthopedics,66,2025-06-18T03:11,2025-06-18T03:47,2025-06-18T05:31,36,140
SYN-0003314,General Medicine,26,2025-06-27T17:28,2025-06-27T19:38,2025-06-27T20:14,130,166
SYN-0003315,Imaging,64,2025-09-09T08:31,2025-09-09T08:38,2025-09-09T09:42,7,71
SYN-0003316,Imaging,75,2025-11-14T16:45,2025-11-14T16:52,2025-11-14T18:09,7,84
SYN-0003317,Imaging,62,2025-07-05T15:09,2025-07-05T15:25,2025-07-05T16:35,16,86
SYN-0003318,Cardiology,79,2025-07-09T05:22,2025-07-09T06:01,2025-07-09T08:19,39,177
SYN-0003319,Cardiology,22,2025-05-23T12:19,2025-05-23T12:45,2025-05-23T14:26,26,127
SYN-0003320,Imaging,29,2025-06-16T10:43,2025-06-16T11:34,2025-06-16T11:55,51,72
SYN-0003321,Cardiology,28,2025-07-02T07:54,2025-07-02T08:10,2025-07-02T09:07,16,73
SYN-0003322,General Medicine,55,2025-04-19T12:28,2025-04-19T13:43,2025-04-19T16:08,75,220
SYN-0003323,Cardiology,47,2025-05-16T10:56,2025-05-16T11:56,2025-05-16T13:52,60,176
SYN-0003324,Imaging,47,2025-02-18T15:02,2025-02-18T15:46,2025-02-18T16:22,44,80
SYN-0003325,Emergency,54,2025-05-09T02:50,2025-05-09T05:38,2025-05-09T06:34,168,224
SYN-0003326,General Medicine,48,2025-05-03T06:43,2025-05-03T08:53,2025-05-03T11:11,130,268
SYN-0003327,Emergency,26,2025-02-26T02:30,2025-02-26T06:06,2025-02-26T08:16,216,346
SYN-0003328,Emergency,86,2025-05-11T03:32,2025-05-11T04:50,2025-05-11T12:18,78,526
SYN-0003329,Emergency,40,2025-09-26T15:31,2025-09-26T19:00,2025-09-26T23:26,209,475
SYN-0003330,Cardiology,19,2025-06-28T20:59,2025-06-28T22:12,2025-06-28T23:44,73,165
SYN-0003331,Orthopedics,83,2025-07-18T07:26,2025-07-18T09:20,2025-07-18T10:33,114,187
SYN-0003332,Emergency,68,2025-02-11T09:31,2025-02-11T11:49,2025-02-11T16:37,138,426
SYN-0003333,Cardiology,37,2025-12-08T13:32,2025-12-08T13:58,2025-12-08T14:55,26,83
SYN-0003334,Cardiology,77,2025-07-23T08:43,2025-07-23T09:18,2025-07-23T11:37,35,174
SYN-0003335,Cardiology,49,2025-03-22T00:13,2025-03-22T01:16,2025-03-22T02:45,63,152
SYN-0003336,Cardiology,66,2025-02-18T20:12,2025-02-18T21:38,2025-02-18T22:33,86,141
SYN-0003337,Cardiology,85,2025-12-02T12:35,2025-12-02T12:40,2025-12-02T14:38,5,123
SYN-0003338,Imaging,85,2025-10-22T02:38,2025-10-22T03:33,2025-10-22T04:58,55,140
SYN-0003339,Imaging,50,2025-10-23T01:21,2025-10-23T02:32,2025-10-23T03:32,71,131
SYN-0003340,General Medicine,34,2025-12-30T21:21,2025-12-30T23:15,2025-12-31T00:27,114,186
SYN-0003341,Emergency,56,2025-09-25T14:33,2025-09-25T15:35,2025-09-25T16:42,62,129
SYN-0003342,Emergency,66,2025-10-06T13:56,2025-10-06T16:40,2025-10-06T20:41,164,405
SYN-0003343,Orthopedics,80,2025-08-18T01:04,2025-08-18T01:56,2025-08-18T02:32,52,88
SYN-0003344,Cardiology,36,2025-11-14T03:34,2025-11-14T03:41,2025-11-14T05:21,7,107
SYN-0003345,Imaging,49,2025-10-16T14:54,2025-10-16T15:16,2025-10-16T16:09,22,75
SYN-0003346,Cardiology,50,2025-11-16T16:32,2025-11-16T16:39,2025-11-16T18:22,7,110
SYN-0003347,Imaging,65,2025-12-05T18:02,2025-12-05T18:58,2025-12-05T20:12,56,130
SYN-0003348,Cardiology,24,2025-10-30T18:37,2025-10-30T19:41,2025-10-30T20:59,64,142
SYN-0003349,Cardiology,65,2025-08-04T02:48,2025-08-04T03:11,2025-08-04T04:21,23,93
SYN-0003350,Emergency,73,2025-10-09T11:34,2025-10-09T13:13,2025-10-09T17:41,99,367
SYN-0003351,Emergency,83,2025-09-16T08:07,2025-09-16T10:50,2025-09-16T13:50,163,343
SYN-0003352,General Medicine,26,2025-12-16T03:08,2025-12-16T05:20,2025-12-16T06:00,132,172
SYN-0003353,Orthopedics,82,2025-08-14T23:36,2025-08-15T00:23,2025-08-15T01:42,47,126
SYN-0003354,Cardiology,89,2025-04-17T06:28,2025-04-17T06:34,2025-04-17T07:44,6,76
SYN-0003355,Orthopedics,84,2025-06-09T05:57,2025-06-09T06:09,2025-06-09T06:45,12,48
SYN-0003356,Orthopedics,60,2025-10-21T18:08,2025-10-21T18:16,2025-10-21T20:40,8,152
SYN-0003357,General Medicine,54,2025-08-26T18:46,2025-08-26T20:53,2025-08-26T22:51,127,245
SYN-0003358,Orthopedics,74,2025-03-31T18:47,2025-03-31T18:58,2025-03-31T21:40,11,173
SYN-0003359,Imaging,88,2025-01-27T07:52,2025-01-27T08:52,2025-01-27T10:12,60,140
SYN-0003360,General Medicine,66,2025-04-22T15:38,2025-04-22T17:57,2025-04-22T18:44,139,186
SYN-0003361,Orthopedics,36,2025-07-14T12:00,2025-07-14T13:29,2025-07-14T15:51,89,231
SYN-0003362,Cardiology,53,2025-10-07T12:57,2025-10-07T13:27,2025-10-07T14:35,30,98
SYN-0003363,Imaging,56,2025-02-02T01:11,2025-02-02T01:44,2025-02-02T02:04,33,53
SYN-0003364,Emergency,90,2025-11-01T15:38,2025-11-01T16:22,2025-11-01T18:31,44,173
SYN-0003365,Cardiology,88,2025-11-07T20:49,2025-11-07T21:47,2025-11-07T23:10,58,141
SYN-0003366,General Medicine,26,2025-01-01T09:54,2025-01-01T11:09,2025-01-01T12:32,75,158
SYN-0003367,Cardiology,26,2025-12-18T11:10,2025-12-18T11:19,2025-12-18T13:11,9,121
SYN-0003368,Cardiology,32,2025-12-26T08:13,2025-12-26T09:17,2025-12-26T10:44,64,151
SYN-0003369,Emergency,65,2025-09-07T13:45,2025-09-07T16:46,2025-09-07T21:11,181,446
SYN-0003370,Imaging,59,2025-08-29T17:39,2025-08-29T18:17,2025-08-29T19:45,38,126
SYN-0003371,General Medicine,94,2025-07-23T03:15,2025-07-23T04:04,2025-07-23T07:24,49,249
SYN-0003372,Cardiology,79,2025-11-12T22:29,2025-11-12T23:02,2025-11-12T23:52,33,83
SYN-0003373,Orthopedics,81,2025-08-07T20:49,2025-08-07T21:36,2025-08-08T00:16,47,207
SYN-0003374,Imaging,50,2025-08-07T16:51,2025-08-07T17:02,2025-08-07T18:32,11,101
SYN-0003375,Emergency,46,2025-06-12T20:08,2025-06-12T23:48,2025-06-13T01:33,220,325
SYN-0003376,Cardiology,87,2025-03-13T19:06,2025-03-13T20:10,2025-03-13T21:34,64,148
SYN-0003377,General Medicine,71,2025-10-19T03:53,2025-10-19T05:35,2025-10-19T07:50,102,237
SYN-0003378,General Medicine,49,2025-03-01T01:50,2025-03-01T03:24,2025-03-01T05:10,94,200
SYN-0003379,Cardiology,58,2025-02-18T07:02,2025-02-18T08:26,2025-02-18T11:14,84,252
SYN-0003380,Emergency,37,2025-11-11T16:40,2025-11-11T18:41,2025-11-11T22:38,121,358
SYN-0003381,Imaging,65,2025-09-01T01:19,2025-09-01T02:24,2025-09-01T02:42,65,83
SYN-0003382,Emergency,80,2025-12-21T06:33,2025-12-21T08:01,2025-12-21T10:31,88,238
SYN-0003383,Imaging,48,2025-11-10T04:38,2025-11-10T05:10,2025-11-10T06:16,32,98
SYN-0003384,Orthopedics,38,2025-09-02T17:58,2025-09-02T18:34,2025-09-02T19:46,36,108
SYN-0003385,General Medicine,28,2025-10-02T09:53,2025-10-02T11:26,2025-10-02T14:27,93,274
SYN-0003386,Emergency,37,2025-01-07T04:22,2025-01-07T04:53,2025-01-07T06:05,31,103
SYN-0003387,General Medicine,37,2025-03-09T05:19,2025-03-09T07:18,2025-03-09T09:54,119,275
SYN-0003388,Emergency,22,2025-05-10T07:18,2025-05-10T07:28,2025-05-10T11:59,10,281
SYN-0003389,Cardiology,91,2025-09-18T03:24,2025-09-18T04:06,2025-09-18T06:24,42,180
SYN-0003390,Emergency,60,2025-08-14T13:34,2025-08-14T13:54,2025-08-14T15:48,20,134
SYN-0003391,Emergency,23,2025-03-01T23:05,2025-03-01T23:24,2025-03-02T04:52,19,347
SYN-0003392,General Medicine,39,2025-05-20T23:46,2025-05-20T23:56,2025-05-21T03:56,10,250
SYN-0003393,Imaging,93,2025-07-14T15:56,2025-07-14T17:03,2025-07-14T17:31,67,95
SYN-0003394,Orthopedics,54,2025-02-22T04:45,2025-02-22T06:08,2025-02-22T08:52,83,247
SYN-0003395,Cardiology,38,2025-07-09T07:31,2025-07-09T07:44,2025-07-09T10:27,13,176
SYN-0003396,General Medicine,54,2025-06-12T23:02,2025-06-12T23:36,2025-06-13T02:13,34,191
SYN-0003397,Emergency,38,2025-09-04T14:28,2025-09-04T16:18,2025-09-05T00:04,110,576
SYN-0003398,Imaging,55,2025-08-12T02:42,2025-08-12T03:44,2025-08-12T04:44,62,122
SYN-0003399,Imaging,59,2025-08-14T05:51,2025-08-14T06:49,2025-08-14T07:34,58,103
SYN-0003400,Cardiology,37,2025-04-19T07:05,2025-04-19T07:40,2025-04-19T10:23,35,198
SYN-0003401,Emergency,36,2025-03-27T17:16,2025-03-27T17:46,2025-03-27T18:46,30,90
SYN-0003402,Emergency,27,2025-04-19T17:40,2025-04-19T19:44,2025-04-19T21:18,124,218
SYN-0003403,Orthopedics,92,2025-08-21T23:32,2025-08-22T01:15,2025-08-22T03:10,103,218
SYN-0003404,Cardiology,33,2025-10-26T11:10,2025-10-26T12:16,2025-10-26T14:52,66,222
SYN-0003405,General Medicine,78,2025-06-02T18:01,2025-06-02T19:28,2025-06-02T22:59,87,298
SYN-0003406,Emergency,42,2025-10-12T13:37,2025-10-12T15:20,2025-10-12T17:10,103,213
SYN-0003407,Orthopedics,50,2025-01-23T20:23,2025-01-23T20:36,2025-01-23T21:18,13,55
SYN-0003408,Imaging,68,2025-12-04T12:19,2025-12-04T12:47,2025-12-04T14:05,28,106
SYN-0003409,Orthopedics,72,2025-08-27T01:08,2025-08-27T02:10,2025-08-27T03:14,62,126
SYN-0003410,Orthopedics,18,2025-05-14T22:58,2025-05-15T00:39,2025-05-15T03:34,101,276
SYN-0003411,Cardiology,80,2025-03-09T21:04,2025-03-09T21:41,2025-03-10T00:12,37,188
SYN-0003412,Orthopedics,48,2025-04-13T04:38,2025-04-13T05:01,2025-04-13T05:41,23,63
SYN-0003413,General Medicine,41,2025-05-28T06:40,2025-05-28T08:56,2025-05-28T10:37,136,237
SYN-0003414,Imaging,61,2025-09-20T16:10,2025-09-20T16:19,2025-09-20T16:35,9,25
SYN-0003415,General Medicine,31,2025-01-02T23:50,2025-01-03T01:35,2025-01-03T03:31,105,221
SYN-0003416,Imaging,36,2025-06-03T16:34,2025-06-03T17:43,2025-06-03T18:23,69,109
SYN-0003417,Orthopedics,85,2025-07-19T02:48,2025-07-19T04:20,2025-07-19T06:59,92,251
SYN-0003418,Imaging,73,2025-05-24T04:54,2025-05-24T06:06,2025-05-24T07:36,72,162
SYN-0003419,Emergency,86,2025-07-31T07:29,2025-07-31T09:35,2025-07-31T16:13,126,524
SYN-0003420,Imaging,20,2025-08-31T04:42,2025-08-31T04:52,2025-08-31T05:43,10,61
SYN-0003421,Imaging,77,2025-10-31T19:53,2025-10-31T20:06,2025-10-31T21:21,13,88
SYN-0003422,General Medicine,75,2025-06-12T07:27,2025-06-12T08:36,2025-06-12T10:26,69,179
SYN-0003423,Orthopedics,92,2025-06-17T02:19,2025-06-17T03:02,2025-06-17T03:41,43,82
SYN-0003424,Orthopedics,85,2025-01-04T02:53,2025-01-04T03:48,2025-01-04T05:25,55,152
SYN-0003425,Cardiology,48,2025-11-24T03:12,2025-11-24T03:22,2025-11-24T05:03,10,111
SYN-0003426,Imaging,27,2025-02-04T18:43,2025-02-04T18:48,2025-02-04T19:58,5,75
SYN-0003427,Orthopedics,20,2025-10-31T11:19,2025-10-31T12:32,2025-10-31T15:21,73,242
SYN-0003428,General Medicine,81,2025-02-07T06:42,2025-02-07T08:10,2025-02-07T11:56,88,314
SYN-0003429,General Medicine,32,2025-07-29T09:25,2025-07-29T10:29,2025-07-29T13:15,64,230
SYN-0003430,Cardiology,87,2025-05-10T01:26,2025-05-10T02:20,2025-05-10T04:29,54,183
SYN-0003431,Cardiology,60,2025-02-28T00:27,2025-02-28T00:33,2025-02-28T03:07,6,160
SYN-0003432,Cardiology,34,2025-03-14T10:11,2025-03-14T11:17,2025-03-14T12:07,66,116
SYN-0003433,Orthopedics,71,2025-07-07T05:01,2025-07-07T05:27,2025-07-07T07:11,26,130
SYN-0003434,Cardiology,64,2025-04-30T08:29,2025-04-30T09:28,2025-04-30T11:05,59,156
SYN-0003435,Emergency,87,2025-08-14T08:46,2025-08-14T12:11,2025-08-14T15:08,205,382
SYN-0003436,General Medicine,33,2025-04-24T06:45,2025-04-24T07:12,2025-04-24T08:01,27,76
SYN-0003437,Emergency,40,2025-07-16T15:29,2025-07-16T16:40,2025-07-16T17:43,71,134
SYN-0003438,Emergency,33,2025-09-03T18:45,2025-09-03T22:10,2025-09-04T02:31,205,466
SYN-0003439,General Medicine,79,2025-03-30T21:48,2025-03-31T00:14,2025-03-31T02:43,146,295
SYN-0003440,General Medicine,63,2025-03-02T15:12,2025-03-02T16:33,2025-03-02T20:24,81,312
SYN-0003441,Emergency,42,2025-10-10T10:42,2025-10-10T12:22,2025-10-10T14:22,100,220
SYN-0003442,General Medicine,29,2025-01-14T06:32,2025-01-14T07:46,2025-01-14T11:21,74,289
SYN-0003443,Emergency,38,2025-09-07T02:39,2025-09-07T03:30,2025-09-07T05:14,51,155
SYN-0003444,General Medicine,62,2025-12-15T13:43,2025-12-15T16:09,2025-12-15T17:28,146,225
SYN-0003445,Emergency,73,2025-10-11T11:07,2025-10-11T12:44,2025-10-11T20:30,97,563
SYN-0003446,Emergency,45,2025-10-21T01:29,2025-10-21T05:05,2025-10-21T09:57,216,508
SYN-0003447,Cardiology,47,2025-02-18T17:10,2025-02-18T17:39,2025-02-18T20:27,29,197
SYN-0003448,Imaging,65,2025-08-23T15:05,2025-08-23T16:08,2025-08-23T17:12,63,127
SYN-0003449,Cardiology,42,2025-11-26T19:09,2025-11-26T19:19,2025-11-26T20:13,10,64
SYN-0003450,Emergency,65,2025-01-13T11:13,2025-01-13T13:49,2025-01-13T17:20,156,367
SYN-0003451,Orthopedics,77,2025-08-18T11:59,2025-08-18T12:57,2025-08-18T13:28,58,89
SYN-0003452,Emergency,94,2025-03-11T21:19,2025-03-11T22:03,2025-03-12T05:44,44,505
SYN-0003453,General Medicine,78,2025-04-09T20:45,2025-04-09T21:24,2025-04-10T00:25,39,220
SYN-0003454,Imaging,33,2025-09-06T02:13,2025-09-06T03:28,2025-09-06T04:53,75,160
SYN-0003455,General Medicine,49,2025-08-19T21:08,2025-08-19T21:26,2025-08-20T01:17,18,249
SYN-0003456,Orthopedics,22,2025-08-02T16:26,2025-08-02T17:39,2025-08-02T19:57,73,211
SYN-0003457,Emergency,51,2025-04-10T16:50,2025-04-10T17:14,2025-04-10T20:17,24,207
SYN-0003458,Imaging,70,2025-09-05T12:54,2025-09-05T13:18,2025-09-05T14:08,24,74
SYN-0003459,Emergency,81,2025-02-24T16:40,2025-02-24T19:05,2025-02-24T22:41,145,361
SYN-0003460,Orthopedics,20,2025-10-24T06:35,2025-10-24T08:14,2025-10-24T10:00,99,205
SYN-0003461,Emergency,29,2025-05-15T13:11,2025-05-15T14:33,2025-05-15T17:50,82,279
SYN-0003462,Cardiology,32,2025-09-21T23:42,2025-09-22T00:54,2025-09-22T02:04,72,142
SYN-0003463,Emergency,58,2025-09-01T01:19,2025-09-01T02:36,2025-09-01T09:39,77,500
SYN-0003464,Emergency,92,2025-06-04T14:23,2025-06-04T15:19,2025-06-04T20:44,56,381
SYN-0003465,Emergency,57,2025-07-21T08:26,2025-07-21T09:35,2025-07-21T10:30,69,124
SYN-0003466,General Medicine,88,2025-08-05T10:03,2025-08-05T12:31,2025-08-05T13:21,148,198
SYN-0003467,Orthopedics,57,2025-01-30T15:56,2025-01-30T16:13,2025-01-30T18:26,17,150
SYN-0003468,Imaging,24,2025-07-15T21:57,2025-07-15T22:13,2025-07-15T23:10,16,73
SYN-0003469,Cardiology,31,2025-01-03T22:04,2025-01-03T22:17,2025-01-03T23:26,13,82
SYN-0003470,Imaging,69,2025-09-20T23:10,2025-09-20T23:20,2025-09-21T00:35,10,85
SYN-0003471,General Medicine,93,2025-04-26T15:21,2025-04-26T15:58,2025-04-26T17:35,37,134
SYN-0003472,General Medicine,39,2025-09-01T06:10,2025-09-01T07:23,2025-09-01T08:13,73,123
SYN-0003473,Cardiology,78,2025-01-13T06:23,2025-01-13T07:51,2025-01-13T09:02,88,159
SYN-0003474,Cardiology,70,2025-06-23T17:36,2025-06-23T17:57,2025-06-23T19:25,21,109
SYN-0003475,Emergency,91,2025-07-19T00:30,2025-07-19T03:34,2025-07-19T08:31,184,481
SYN-0003476,Cardiology,73,2025-02-13T05:35,2025-02-13T06:43,2025-02-13T08:28,68,173
SYN-0003477,Cardiology,85,2025-05-21T03:41,2025-05-21T05:04,2025-05-21T07:28,83,227
SYN-0003478,Orthopedics,93,2025-10-22T13:30,2025-10-22T14:19,2025-10-22T15:23,49,113
SYN-0003479,Imaging,33,2025-07-01T08:07,2025-07-01T08:48,2025-07-01T09:37,41,90
SYN-0003480,Imaging,32,2025-01-02T01:23,2025-01-02T02:00,2025-01-02T03:18,37,115
SYN-0003481,Imaging,91,2025-04-04T08:18,2025-04-04T08:47,2025-04-04T09:34,29,76
SYN-0003482,Cardiology,34,2025-07-01T03:44,2025-07-01T05:11,2025-07-01T06:26,87,162
SYN-0003483,Emergency,27,2025-02-03T21:46,2025-02-03T22:55,2025-02-04T01:32,69,226
SYN-0003484,Imaging,32,2025-07-21T09:02,2025-07-21T09:24,2025-07-21T10:06,22,64
SYN-0003485,General Medicine,32,2025-06-03T01:35,2025-06-03T01:45,2025-06-03T05:01,10,206
SYN-0003486,Emergency,44,2025-09-06T13:38,2025-09-06T15:33,2025-09-06T16:57,115,199
SYN-0003487,Imaging,65,2025-03-31T17:50,2025-03-31T18:13,2025-03-31T18:46,23,56
SYN-0003488,Orthopedics,74,2025-07-20T07:06,2025-07-20T08:03,2025-07-20T10:09,57,183
SYN-0003489,Cardiology,67,2025-05-31T13:46,2025-05-31T15:12,2025-05-31T16:34,86,168
SYN-0003490,Orthopedics,80,2025-12-23T17:51,2025-12-23T18:20,2025-12-23T19:52,29,121
SYN-0003491,Orthopedics,18,2025-07-03T13:57,2025-07-03T14:57,2025-07-03T15:39,60,102
SYN-0003492,Imaging,25,2025-02-14T17:07,2025-02-14T18:11,2025-02-14T18:46,64,99
SYN-0003493,Imaging,70,2025-05-29T10:21,2025-05-29T11:33,2025-05-29T12:25,72,124
SYN-0003494,Emergency,54,2025-04-13T10:52,2025-04-13T14:47,2025-04-13T17:44,235,412
SYN-0003495,Orthopedics,78,2025-01-11T00:36,2025-01-11T01:03,2025-01-11T03:22,27,166
SYN-0003496,General Medicine,62,2025-11-27T21:43,2025-11-27T22:09,2025-11-28T01:09,26,206
SYN-0003497,Orthopedics,43,2025-11-24T04:50,2025-11-24T06:17,2025-11-24T07:44,87,174
SYN-0003498,Orthopedics,52,2025-10-12T10:08,2025-10-12T12:00,2025-10-12T14:32,112,264
SYN-0003499,Cardiology,35,2025-11-16T00:51,2025-11-16T01:57,2025-11-16T03:38,66,167
SYN-0003500,Emergency,67,2025-12-20T19:45,2025-12-20T23:14,2025-12-21T01:44,209,359
SYN-0003501,Cardiology,32,2025-04-16T08:40,2025-04-16T09:55,2025-04-16T12:50,75,250
SYN-0003502,Orthopedics,30,2025-07-05T13:08,2025-07-05T14:45,2025-07-05T16:49,97,221
SYN-0003503,Orthopedics,69,2025-08-14T21:26,2025-08-14T23:21,2025-08-15T02:03,115,277
SYN-0003504,Emergency,48,2025-03-20T00:02,2025-03-20T00:28,2025-03-20T05:48,26,346
SYN-0003505,Orthopedics,81,2025-05-14T05:14,2025-05-14T05:51,2025-05-14T07:23,37,129
SYN-0003506,General Medicine,59,2025-01-15T06:00,2025-01-15T06:10,2025-01-15T07:18,10,78
SYN-0003507,General Medicine,18,2025-09-06T12:35,2025-09-06T14:32,2025-09-06T17:27,117,292
SYN-0003508,Imaging,57,2025-03-20T23:35,2025-03-21T00:04,2025-03-21T00:42,29,67
SYN-0003509,Imaging,69,2025-05-26T05:56,2025-05-26T06:33,2025-05-26T07:22,37,86
SYN-0003510,General Medicine,78,2025-10-04T15:36,2025-10-04T17:17,2025-10-04T18:11,101,155
SYN-0003511,General Medicine,23,2025-08-25T10:48,2025-08-25T11:48,2025-08-25T13:20,60,152
SYN-0003512,Orthopedics,86,2025-06-25T14:42,2025-06-25T15:32,2025-06-25T18:02,50,200
SYN-0003513,Orthopedics,89,2025-11-10T17:10,2025-11-10T18:18,2025-11-10T19:46,68,156
SYN-0003514,Emergency,90,2025-03-17T03:25,2025-03-17T06:31,2025-03-17T07:40,186,255
SYN-0003515,Cardiology,44,2025-02-01T22:48,2025-02-01T23:22,2025-02-02T01:52,34,184
SYN-0003516,Imaging,31,2025-02-22T20:50,2025-02-22T21:47,2025-02-22T23:10,57,140
SYN-0003517,General Medicine,46,2025-04-09T19:54,2025-04-09T21:56,2025-04-10T01:29,122,335
SYN-0003518,Cardiology,22,2025-03-12T12:41,2025-03-12T13:13,2025-03-12T15:32,32,171
SYN-0003519,Orthopedics,33,2025-10-25T22:12,2025-10-25T22:18,2025-10-26T01:18,6,186
SYN-0003520,Orthopedics,44,2025-11-24T13:28,2025-11-24T14:55,2025-11-24T17:55,87,267
SYN-0003521,Emergency,29,2025-03-28T11:48,2025-03-28T13:25,2025-03-28T15:56,97,248
SYN-0003522,Orthopedics,23,2025-06-25T15:27,2025-06-25T17:13,2025-06-25T20:00,106,273
SYN-0003523,Imaging,18,2025-05-02T15:11,2025-05-02T15:51,2025-05-02T17:15,40,124
SYN-0003524,Imaging,30,2025-08-29T20:10,2025-08-29T20:42,2025-08-29T21:49,32,99
SYN-0003525,Emergency,91,2025-06-16T23:49,2025-06-17T02:07,2025-06-17T07:35,138,466
SYN-0003526,Orthopedics,63,2025-09-12T02:29,2025-09-12T02:34,2025-09-12T04:53,5,144
SYN-0003527,Imaging,91,2025-03-13T00:07,2025-03-13T00:33,2025-03-13T00:51,26,44
SYN-0003528,Emergency,40,2025-05-21T04:57,2025-05-21T07:57,2025-05-21T10:47,180,350
SYN-0003529,Cardiology,43,2025-05-11T15:05,2025-05-11T15:39,2025-05-11T16:35,34,90
SYN-0003530,Cardiology,76,2025-08-03T19:29,2025-08-03T19:59,2025-08-03T21:17,30,108
SYN-0003531,Emergency,35,2025-06-14T07:05,2025-06-14T10:04,2025-06-14T14:24,179,439
SYN-0003532,Emergency,64,2025-05-29T16:01,2025-05-29T16:41,2025-05-29T23:22,40,441
SYN-0003533,Orthopedics,26,2025-04-23T02:06,2025-04-23T03:57,2025-04-23T06:17,111,251
SYN-0003534,Cardiology,39,2025-01-06T13:13,2025-01-06T14:18,2025-01-06T16:39,65,206
SYN-0003535,Orthopedics,71,2025-05-08T12:01,2025-05-08T12:10,2025-05-08T14:56,9,175
SYN-0003536,Emergency,45,2025-04-25T17:06,2025-04-25T17:37,2025-04-26T00:38,31,452
SYN-0003537,Emergency,73,2025-03-20T23:07,2025-03-20T23:56,2025-03-21T03:58,49,291
SYN-0003538,Cardiology,75,2025-08-29T08:01,2025-08-29T08:27,2025-08-29T10:20,26,139
SYN-0003539,Cardiology,72,2025-11-23T23:52,2025-11-24T01:13,2025-11-24T02:53,81,181
SYN-0003540,Cardiology,58,2025-07-23T06:56,2025-07-23T08:19,2025-07-23T10:57,83,241
SYN-0003541,Orthopedics,43,2025-01-15T14:00,2025-01-15T15:22,2025-01-15T16:46,82,166
SYN-0003542,Imaging,29,2025-12-05T12:09,2025-12-05T12:51,2025-12-05T13:54,42,105
SYN-0003543,General Medicine,24,2025-04-03T07:37,2025-04-03T08:16,2025-04-03T12:09,39,272
SYN-0003544,Cardiology,68,2025-12-16T00:45,2025-12-16T01:58,2025-12-16T03:11,73,146
SYN-0003545,General Medicine,86,2025-05-11T22:06,2025-05-11T22:50,2025-05-11T23:33,44,87
SYN-0003546,Cardiology,83,2025-02-06T23:03,2025-02-06T23:24,2025-02-07T01:10,21,127
SYN-0003547,General Medicine,86,2025-06-25T20:25,2025-06-25T22:54,2025-06-25T23:42,149,197
SYN-0003548,General Medicine,51,2025-03-10T02:40,2025-03-10T03:11,2025-03-10T05:07,31,147
SYN-0003549,Orthopedics,40,2025-04-10T03:55,2025-04-10T04:42,2025-04-10T07:32,47,217
SYN-0003550,Emergency,35,2025-05-30T11:53,2025-05-30T13:52,2025-05-30T18:33,119,400
SYN-0003551,Cardiology,74,2025-04-18T15:22,2025-04-18T16:48,2025-04-18T17:55,86,153
SYN-0003552,Emergency,59,2025-02-28T08:50,2025-02-28T10:48,2025-02-28T17:27,118,517
SYN-0003553,Imaging,21,2025-09-03T21:24,2025-09-03T21:50,2025-09-03T22:40,26,76
SYN-0003554,Emergency,21,2025-01-20T21:28,2025-01-21T00:53,2025-01-21T01:28,205,240
SYN-0003555,Emergency,92,2025-05-01T02:15,2025-05-01T02:46,2025-05-01T06:01,31,226
SYN-0003556,Emergency,79,2025-05-19T15:51,2025-05-19T16:22,2025-05-19T22:44,31,413
SYN-0003557,Emergency,25,2025-09-28T13:07,2025-09-28T15:09,2025-09-28T22:20,122,553
SYN-0003558,General Medicine,63,2025-04-20T01:30,2025-04-20T01:46,2025-04-20T05:20,16,230
SYN-0003559,Orthopedics,55,2025-07-31T01:42,2025-07-31T02:35,2025-07-31T03:34,53,112
SYN-0003560,Orthopedics,94,2025-04-18T17:30,2025-04-18T17:55,2025-04-18T18:46,25,76
SYN-0003561,General Medicine,80,2025-07-29T02:54,2025-07-29T05:22,2025-07-29T07:54,148,300
SYN-0003562,General Medicine,54,2025-05-08T23:00,2025-05-08T23:29,2025-05-09T00:37,29,97
SYN-0003563,General Medicine,78,2025-10-04T07:17,2025-10-04T07:37,2025-10-04T09:27,20,130
SYN-0003564,Emergency,21,2025-12-07T06:52,2025-12-07T09:11,2025-12-07T13:23,139,391
SYN-0003565,Emergency,51,2025-01-03T00:51,2025-01-03T03:34,2025-01-03T04:29,163,218
SYN-0003566,Cardiology,29,2025-09-06T15:57,2025-09-06T16:50,2025-09-06T19:03,53,186
SYN-0003567,Orthopedics,85,2025-07-20T07:21,2025-07-20T08:58,2025-07-20T11:40,97,259
SYN-0003568,Cardiology,48,2025-03-31T12:34,2025-03-31T13:30,2025-03-31T15:51,56,197
SYN-0003569,Imaging,59,2025-06-15T21:52,2025-06-15T22:16,2025-06-15T23:05,24,73
SYN-0003570,Orthopedics,57,2025-09-24T15:59,2025-09-24T17:28,2025-09-24T18:10,89,131
SYN-0003571,Cardiology,88,2025-01-31T11:47,2025-01-31T13:05,2025-01-31T15:26,78,219
SYN-0003572,Emergency,70,2025-02-08T14:53,2025-02-08T17:43,2025-02-08T22:13,170,440
SYN-0003573,Cardiology,63,2025-12-01T23:29,2025-12-02T00:04,2025-12-02T02:34,35,185
SYN-0003574,Emergency,34,2025-05-15T13:01,2025-05-15T16:28,2025-05-15T22:17,207,556
SYN-0003575,Emergency,33,2025-02-04T05:09,2025-02-04T05:34,2025-02-04T08:21,25,192
SYN-0003576,Imaging,89,2025-04-01T11:40,2025-04-01T12:17,2025-04-01T13:39,37,119
SYN-0003577,General Medicine,40,2025-07-08T08:26,2025-07-08T08:37,2025-07-08T10:13,11,107
SYN-0003578,General Medicine,84,2025-07-01T07:51,2025-07-01T10:02,2025-07-01T12:39,131,288
SYN-0003579,Cardiology,69,2025-02-16T17:22,2025-02-16T18:15,2025-02-16T19:48,53,146
SYN-0003580,Orthopedics,36,2025-02-17T17:13,2025-02-17T17:49,2025-02-17T18:58,36,105
SYN-0003581,Imaging,70,2025-08-12T21:53,2025-08-12T22:35,2025-08-12T23:11,42,78
SYN-0003582,Orthopedics,71,2025-06-26T17:46,2025-06-26T18:11,2025-06-26T18:46,25,60
SYN-0003583,Cardiology,45,2025-11-10T18:19,2025-11-10T19:11,2025-11-10T22:11,52,232
SYN-0003584,Emergency,28,2025-07-03T09:23,2025-07-03T10:52,2025-07-03T18:00,89,517
SYN-0003585,Imaging,67,2025-08-01T08:31,2025-08-01T08:41,2025-08-01T09:45,10,74
SYN-0003586,Cardiology,23,2025-07-31T14:48,2025-07-31T15:38,2025-07-31T17:58,50,190
SYN-0003587,Cardiology,61,2025-09-26T17:34,2025-09-26T18:30,2025-09-26T20:13,56,159
SYN-0003588,General Medicine,20,2025-05-20T13:42,2025-05-20T14:39,2025-05-20T16:24,57,162
SYN-0003589,Emergency,70,2025-08-13T01:57,2025-08-13T04:07,2025-08-13T07:50,130,353
SYN-0003590,Orthopedics,46,2025-01-17T09:04,2025-01-17T10:59,2025-01-17T12:43,115,219
SYN-0003591,Emergency,84,2025-12-31T19:04,2025-12-31T20:48,2025-12-31T23:21,104,257
SYN-0003592,Cardiology,77,2025-04-08T18:15,2025-04-08T18:55,2025-04-08T21:04,40,169
SYN-0003593,General Medicine,22,2025-09-05T12:41,2025-09-05T13:06,2025-09-05T16:28,25,227
SYN-0003594,Orthopedics,48,2025-08-01T04:10,2025-08-01T05:42,2025-08-01T06:26,92,136
SYN-0003595,Cardiology,42,2025-09-16T13:11,2025-09-16T13:43,2025-09-16T15:21,32,130
SYN-0003596,General Medicine,33,2025-08-18T10:18,2025-08-18T11:33,2025-08-18T14:33,75,255
SYN-0003597,Imaging,29,2025-03-16T09:38,2025-03-16T10:11,2025-03-16T10:44,33,66
SYN-0003598,Emergency,85,2025-11-28T03:13,2025-11-28T06:25,2025-11-28T12:02,192,529
SYN-0003599,Imaging,95,2025-02-05T04:38,2025-02-05T04:58,2025-02-05T06:22,20,104
SYN-0003600,Cardiology,81,2025-05-25T04:07,2025-05-25T04:42,2025-05-25T05:50,35,103
SYN-0003601,Cardiology,46,2025-08-24T05:11,2025-08-24T05:33,2025-08-24T08:01,22,170
SYN-0003602,Emergency,27,2025-01-26T07:25,2025-01-26T11:20,2025-01-26T15:18,235,473
SYN-0003603,Emergency,59,2025-12-28T15:52,2025-12-28T19:14,2025-12-29T00:57,202,545
SYN-0003604,Imaging,70,2025-12-31T14:04,2025-12-31T14:21,2025-12-31T15:35,17,91
SYN-0003605,General Medicine,41,2025-01-08T18:30,2025-01-08T20:54,2025-01-08T21:26,144,176
SYN-0003606,Cardiology,60,2025-03-19T17:31,2025-03-19T17:39,2025-03-19T18:31,8,60
SYN-0003607,Imaging,94,2025-04-04T03:20,2025-04-04T03:39,2025-04-04T05:04,19,104
SYN-0003608,General Medicine,60,2025-10-02T17:38,2025-10-02T17:51,2025-10-02T19:23,13,105
SYN-0003609,Imaging,94,2025-07-26T13:07,2025-07-26T14:15,2025-07-26T15:03,68,116
SYN-0003610,Emergency,45,2025-01-03T05:43,2025-01-03T08:58,2025-01-03T13:00,195,437
SYN-0003611,Imaging,25,2025-04-08T12:31,2025-04-08T13:23,2025-04-08T14:22,52,111
SYN-0003612,Emergency,33,2025-02-21T15:17,2025-02-21T16:46,2025-02-21T22:25,89,428
SYN-0003613,General Medicine,46,2025-08-01T19:19,2025-08-01T20:42,2025-08-01T21:39,83,140
SYN-0003614,Cardiology,61,2025-12-14T14:14,2025-12-14T15:09,2025-12-14T18:09,55,235
SYN-0003615,Emergency,42,2025-10-24T13:43,2025-10-24T16:23,2025-10-24T18:04,160,261
SYN-0003616,Cardiology,27,2025-04-18T16:25,2025-04-18T16:50,2025-04-18T18:30,25,125
SYN-0003617,Cardiology,61,2025-09-02T01:53,2025-09-02T02:55,2025-09-02T04:50,62,177
SYN-0003618,Imaging,22,2025-07-05T19:01,2025-07-05T19:15,2025-07-05T19:41,14,40
SYN-0003619,Orthopedics,23,2025-10-24T13:10,2025-10-24T13:31,2025-10-24T16:14,21,184
SYN-0003620,Orthopedics,48,2025-09-03T18:05,2025-09-03T19:30,2025-09-03T20:05,85,120
SYN-0003621,Imaging,23,2025-11-14T00:39,2025-11-14T01:34,2025-11-14T02:43,55,124
SYN-0003622,General Medicine,72,2025-04-04T18:42,2025-04-04T19:16,2025-04-04T20:15,34,93
SYN-0003623,Emergency,84,2025-02-10T07:57,2025-02-10T08:17,2025-02-10T10:25,20,148
SYN-0003624,Cardiology,95,2025-10-17T16:35,2025-10-17T17:26,2025-10-17T19:50,51,195
SYN-0003625,Emergency,67,2025-01-20T20:34,2025-01-21T00:13,2025-01-21T08:09,219,695
SYN-0003626,Cardiology,45,2025-08-22T07:00,2025-08-22T08:03,2025-08-22T09:06,63,126
SYN-0003627,Emergency,50,2025-06-09T04:22,2025-06-09T05:16,2025-06-09T12:19,54,477
SYN-0003628,Orthopedics,83,2025-11-09T23:11,2025-11-10T00:01,2025-11-10T00:44,50,93
SYN-0003629,General Medicine,80,2025-03-21T04:57,2025-03-21T05:53,2025-03-21T08:14,56,197
SYN-0003630,Imaging,44,2025-04-14T20:02,2025-04-14T21:01,2025-04-14T22:27,59,145
SYN-0003631,General Medicine,32,2025-01-30T09:01,2025-01-30T10:18,2025-01-30T12:02,77,181
SYN-0003632,Cardiology,42,2025-11-22T19:24,2025-11-22T20:07,2025-11-22T20:53,43,89
SYN-0003633,Orthopedics,88,2025-12-14T06:12,2025-12-14T06:55,2025-12-14T08:25,43,133
SYN-0003634,General Medicine,45,2025-02-03T14:00,2025-02-03T14:44,2025-02-03T16:58,44,178
SYN-0003635,Cardiology,24,2025-04-01T09:27,2025-04-01T10:54,2025-04-01T13:14,87,227
SYN-0003636,Emergency,20,2025-11-25T19:07,2025-11-25T22:07,2025-11-26T01:46,180,399
SYN-0003637,General Medicine,90,2025-09-26T03:30,2025-09-26T03:52,2025-09-26T06:31,22,181
SYN-0003638,General Medicine,54,2025-07-30T16:45,2025-07-30T17:11,2025-07-30T21:06,26,261
SYN-0003639,General Medicine,50,2025-11-26T22:38,2025-11-26T23:34,2025-11-27T00:08,56,90
SYN-0003640,General Medicine,91,2025-11-03T08:55,2025-11-03T09:47,2025-11-03T12:00,52,185
SYN-0003641,Imaging,29,2025-11-29T04:42,2025-11-29T05:24,2025-11-29T06:49,42,127
SYN-0003642,General Medicine,92,2025-09-24T15:28,2025-09-24T16:53,2025-09-24T18:00,85,152
SYN-0003643,Imaging,90,2025-08-29T13:21,2025-08-29T13:57,2025-08-29T14:30,36,69
SYN-0003644,Emergency,57,2025-12-31T09:47,2025-12-31T11:12,2025-12-31T11:52,85,125
SYN-0003645,General Medicine,31,2025-05-19T15:03,2025-05-19T16:02,2025-05-19T17:16,59,133
SYN-0003646,Cardiology,73,2025-04-13T21:15,2025-04-13T21:48,2025-04-13T23:48,33,153
SYN-0003647,Imaging,89,2025-01-17T17:16,2025-01-17T17:28,2025-01-17T18:35,12,79
SYN-0003648,Imaging,76,2025-03-27T17:14,2025-03-27T17:38,2025-03-27T18:43,24,89
SYN-0003649,Imaging,45,2025-05-07T15:22,2025-05-07T15:30,2025-05-07T16:41,8,79
SYN-0003650,Orthopedics,59,2025-06-10T11:43,2025-06-10T12:59,2025-06-10T14:27,76,164
SYN-0003651,General Medicine,84,2025-06-27T15:32,2025-06-27T17:14,2025-06-27T20:30,102,298
SYN-0003652,Cardiology,18,2025-07-27T07:31,2025-07-27T09:00,2025-07-27T09:49,89,138
SYN-0003653,Orthopedics,90,2025-04-14T17:36,2025-04-14T18:33,2025-04-14T19:33,57,117
SYN-0003654,General Medicine,88,2025-01-22T19:14,2025-01-22T21:15,2025-01-22T23:12,121,238
SYN-0003655,Cardiology,73,2025-04-17T18:14,2025-04-17T19:10,2025-04-17T21:26,56,192
SYN-0003656,Orthopedics,91,2025-10-06T11:30,2025-10-06T11:46,2025-10-06T14:36,16,186
SYN-0003657,Imaging,45,2025-02-23T00:20,2025-02-23T01:09,2025-02-23T02:16,49,116
SYN-0003658,Emergency,30,2025-11-07T04:04,2025-11-07T06:37,2025-11-07T11:13,153,429
SYN-0003659,Cardiology,91,2025-08-17T10:12,2025-08-17T10:41,2025-08-17T13:41,29,209
SYN-0003660,Orthopedics,42,2025-07-03T10:48,2025-07-03T12:29,2025-07-03T13:29,101,161
SYN-0003661,Orthopedics,48,2025-04-19T11:07,2025-04-19T12:03,2025-04-19T14:51,56,224
SYN-0003662,General Medicine,23,2025-07-17T23:49,2025-07-18T01:18,2025-07-18T03:58,89,249
SYN-0003663,Emergency,46,2025-12-15T08:56,2025-12-15T12:39,2025-12-15T14:33,223,337
SYN-0003664,Emergency,94,2025-11-13T05:02,2025-11-13T05:13,2025-11-13T11:24,11,382
SYN-0003665,Imaging,32,2025-02-10T03:49,2025-02-10T04:43,2025-02-10T05:06,54,77
SYN-0003666,Imaging,28,2025-02-24T15:42,2025-02-24T16:51,2025-02-24T17:31,69,109
SYN-0003667,Cardiology,24,2025-01-19T13:23,2025-01-19T14:46,2025-01-19T16:56,83,213
SYN-0003668,Emergency,53,2025-02-10T18:25,2025-02-10T20:11,2025-02-11T01:11,106,406
SYN-0003669,Emergency,59,2025-02-23T06:36,2025-02-23T08:01,2025-02-23T13:53,85,437
SYN-0003670,Emergency,84,2025-05-10T00:36,2025-05-10T02:42,2025-05-10T06:40,126,364
SYN-0003671,Cardiology,36,2025-10-27T09:06,2025-10-27T10:25,2025-10-27T13:03,79,237
SYN-0003672,Emergency,53,2025-06-10T13:42,2025-06-10T16:58,2025-06-10T20:36,196,414
SYN-0003673,Orthopedics,74,2025-11-17T20:54,2025-11-17T21:01,2025-11-17T23:37,7,163
SYN-0003674,General Medicine,25,2025-04-29T04:36,2025-04-29T05:58,2025-04-29T08:08,82,212
SYN-0003675,Imaging,34,2025-10-27T18:02,2025-10-27T18:24,2025-10-27T19:30,22,88
SYN-0003676,General Medicine,89,2025-01-15T04:07,2025-01-15T04:52,2025-01-15T06:50,45,163
SYN-0003677,Emergency,78,2025-12-25T07:58,2025-12-25T11:18,2025-12-25T19:14,200,676
SYN-0003678,Imaging,51,2025-02-18T15:18,2025-02-18T15:29,2025-02-18T16:04,11,46
SYN-0003679,Emergency,26,2025-07-11T08:44,2025-07-11T10:35,2025-07-11T15:33,111,409
SYN-0003680,Cardiology,47,2025-11-27T11:53,2025-11-27T12:23,2025-11-27T13:59,30,126
SYN-0003681,Emergency,39,2025-09-18T14:23,2025-09-18T15:06,2025-09-18T18:16,43,233
SYN-0003682,Cardiology,77,2025-03-21T03:54,2025-03-21T04:43,2025-03-21T07:10,49,196
SYN-0003683,General Medicine,44,2025-01-08T17:58,2025-01-08T18:28,2025-01-08T20:56,30,178
SYN-0003684,Cardiology,18,2025-04-29T23:19,2025-04-29T23:37,2025-04-30T00:42,18,83
SYN-0003685,Imaging,48,2025-11-04T05:13,2025-11-04T05:32,2025-11-04T06:15,19,62
SYN-0003686,General Medicine,81,2025-12-07T14:08,2025-12-07T15:39,2025-12-07T16:42,91,154
SYN-0003687,General Medicine,42,2025-03-30T07:14,2025-03-30T08:52,2025-03-30T10:58,98,224
SYN-0003688,Cardiology,57,2025-08-05T01:42,2025-08-05T02:44,2025-08-05T03:48,62,126
SYN-0003689,Orthopedics,92,2025-05-03T20:08,2025-05-03T21:28,2025-05-03T22:10,80,122
SYN-0003690,Orthopedics,55,2025-10-16T01:24,2025-10-16T01:35,2025-10-16T02:41,11,77
SYN-0003691,General Medicine,73,2025-03-10T19:47,2025-03-10T20:08,2025-03-11T00:07,21,260
SYN-0003692,Orthopedics,75,2025-06-22T05:16,2025-06-22T05:57,2025-06-22T06:40,41,84
SYN-0003693,Cardiology,78,2025-10-18T01:50,2025-10-18T02:27,2025-10-18T03:38,37,108
SYN-0003694,General Medicine,81,2025-12-04T07:05,2025-12-04T07:42,2025-12-04T08:48,37,103
SYN-0003695,General Medicine,19,2025-02-24T17:50,2025-02-24T18:43,2025-02-24T20:00,53,130
SYN-0003696,Cardiology,93,2025-12-24T22:54,2025-12-25T00:20,2025-12-25T01:28,86,154
SYN-0003697,General Medicine,51,2025-05-21T19:39,2025-05-21T20:35,2025-05-21T21:31,56,112
SYN-0003698,General Medicine,80,2025-09-05T16:20,2025-09-05T18:17,2025-09-05T19:30,117,190
SYN-0003699,General Medicine,47,2025-11-07T05:14,2025-11-07T07:16,2025-11-07T08:45,122,211
SYN-0003700,General Medicine,87,2025-05-10T01:05,2025-05-10T02:17,2025-05-10T03:16,72,131
SYN-0003701,Orthopedics,47,2025-09-04T11:12,2025-09-04T12:09,2025-09-04T12:46,57,94
SYN-0003702,General Medicine,81,2025-01-17T16:31,2025-01-17T18:36,2025-01-17T22:15,125,344
SYN-0003703,General Medicine,69,2025-11-09T03:53,2025-11-09T06:22,2025-11-09T09:56,149,363
SYN-0003704,Emergency,69,2025-02-14T11:36,2025-02-14T13:42,2025-02-14T18:16,126,400
SYN-0003705,Imaging,19,2025-04-17T17:02,2025-04-17T17:37,2025-04-17T18:43,35,101
SYN-0003706,Orthopedics,87,2025-10-01T21:07,2025-10-01T22:49,2025-10-01T23:19,102,132
SYN-0003707,Cardiology,46,2025-05-12T09:34,2025-05-12T09:49,2025-05-12T11:17,15,103
SYN-0003708,Orthopedics,68,2025-03-04T18:15,2025-03-04T19:01,2025-03-04T20:11,46,116
SYN-0003709,Orthopedics,31,2025-11-22T16:49,2025-11-22T16:55,2025-11-22T18:50,6,121
SYN-0003710,Orthopedics,27,2025-04-20T11:23,2025-04-20T12:19,2025-04-20T15:14,56,231
SYN-0003711,General Medicine,59,2025-04-12T00:43,2025-04-12T01:37,2025-04-12T02:25,54,102
SYN-0003712,General Medicine,89,2025-01-29T17:10,2025-01-29T19:01,2025-01-29T21:27,111,257
SYN-0003713,General Medicine,48,2025-07-15T12:40,2025-07-15T15:06,2025-07-15T18:53,146,373
SYN-0003714,Imaging,38,2025-01-12T18:31,2025-01-12T19:45,2025-01-12T20:36,74,125
SYN-0003715,Cardiology,95,2025-01-25T16:38,2025-01-25T16:47,2025-01-25T18:56,9,138
SYN-0003716,Cardiology,82,2025-07-02T14:32,2025-07-02T16:01,2025-07-02T18:36,89,244
SYN-0003717,Orthopedics,95,2025-08-06T02:19,2025-08-06T03:46,2025-08-06T04:49,87,150
SYN-0003718,Orthopedics,28,2025-02-18T01:44,2025-02-18T03:37,2025-02-18T06:18,113,274
SYN-0003719,Orthopedics,22,2025-11-30T10:07,2025-11-30T10:56,2025-11-30T13:21,49,194
SYN-0003720,Imaging,48,2025-05-11T08:59,2025-05-11T09:15,2025-05-11T10:15,16,76
SYN-0003721,General Medicine,79,2025-10-12T08:24,2025-10-12T10:16,2025-10-12T12:40,112,256
SYN-0003722,Cardiology,75,2025-01-20T02:11,2025-01-20T03:25,2025-01-20T04:57,74,166
SYN-0003723,Orthopedics,77,2025-02-16T05:24,2025-02-16T06:17,2025-02-16T07:06,53,102
SYN-0003724,Imaging,87,2025-10-07T23:10,2025-10-08T00:23,2025-10-08T01:41,73,151
SYN-0003725,Cardiology,37,2025-12-29T01:39,2025-12-29T03:03,2025-12-29T05:39,84,240
SYN-0003726,Cardiology,81,2025-05-23T20:01,2025-05-23T20:46,2025-05-23T23:43,45,222
SYN-0003727,Emergency,85,2025-08-20T17:53,2025-08-20T21:25,2025-08-21T03:24,212,571
SYN-0003728,Emergency,48,2025-05-16T14:43,2025-05-16T16:35,2025-05-16T22:34,112,471
SYN-0003729,Orthopedics,64,2025-01-22T18:30,2025-01-22T18:41,2025-01-22T20:19,11,109
SYN-0003730,Imaging,90,2025-11-29T12:16,2025-11-29T13:09,2025-11-29T14:06,53,110
SYN-0003731,Emergency,39,2025-04-01T21:29,2025-04-01T21:46,2025-04-02T04:00,17,391
SYN-0003732,Orthopedics,61,2025-05-09T02:12,2025-05-09T04:12,2025-05-09T07:00,120,288
SYN-0003733,Orthopedics,85,2025-05-13T22:23,2025-05-13T23:02,2025-05-14T00:36,39,133
SYN-0003734,Imaging,43,2025-10-14T22:49,2025-10-14T23:52,2025-10-15T01:22,63,153
SYN-0003735,Cardiology,49,2025-05-16T05:08,2025-05-16T05:58,2025-05-16T07:58,50,170
SYN-0003736,Cardiology,46,2025-10-12T23:57,2025-10-13T01:10,2025-10-13T03:03,73,186
SYN-0003737,Cardiology,69,2025-09-05T17:10,2025-09-05T18:24,2025-09-05T19:35,74,145
SYN-0003738,Cardiology,41,2025-08-27T18:07,2025-08-27T18:45,2025-08-27T19:50,38,103
SYN-0003739,General Medicine,40,2025-12-18T22:19,2025-12-18T23:55,2025-12-19T03:29,96,310
SYN-0003740,Orthopedics,69,2025-05-06T03:25,2025-05-06T04:19,2025-05-06T05:31,54,126
SYN-0003741,General Medicine,61,2025-06-11T20:27,2025-06-11T21:33,2025-06-12T01:00,66,273
SYN-0003742,General Medicine,82,2025-06-12T18:52,2025-06-12T20:36,2025-06-12T21:32,104,160
SYN-0003743,Emergency,65,2025-10-12T21:03,2025-10-12T23:36,2025-10-13T06:09,153,546
SYN-0003744,Orthopedics,67,2025-07-11T09:37,2025-07-11T09:45,2025-07-11T12:20,8,163
SYN-0003745,General Medicine,80,2025-08-22T08:07,2025-08-22T09:40,2025-08-22T10:14,93,127
SYN-0003746,Orthopedics,18,2025-06-13T06:17,2025-06-13T08:07,2025-06-13T09:43,110,206
SYN-0003747,Cardiology,32,2025-02-24T06:09,2025-02-24T06:53,2025-02-24T08:08,44,119
SYN-0003748,Imaging,43,2025-02-04T03:27,2025-02-04T04:33,2025-02-04T05:09,66,102
SYN-0003749,General Medicine,52,2025-06-21T20:42,2025-06-21T22:17,2025-06-22T01:15,95,273
SYN-0003750,Emergency,44,2025-09-23T05:16,2025-09-23T05:48,2025-09-23T13:27,32,491
SYN-0003751,Imaging,55,2025-08-25T20:05,2025-08-25T20:49,2025-08-25T21:15,44,70
SYN-0003752,Imaging,43,2025-08-27T16:07,2025-08-27T16:25,2025-08-27T17:21,18,74
SYN-0003753,Emergency,64,2025-05-07T08:18,2025-05-07T09:23,2025-05-07T16:06,65,468
SYN-0003754,General Medicine,78,2025-11-02T11:00,2025-11-02T12:04,2025-11-02T16:03,64,303
SYN-0003755,General Medicine,75,2025-11-07T09:15,2025-11-07T09:49,2025-11-07T11:19,34,124
SYN-0003756,Orthopedics,37,2025-07-13T12:23,2025-07-13T12:33,2025-07-13T13:07,10,44
SYN-0003757,Emergency,22,2025-03-05T10:49,2025-03-05T12:11,2025-03-05T19:15,82,506
SYN-0003758,Orthopedics,85,2025-10-06T20:13,2025-10-06T20:40,2025-10-06T23:06,27,173
SYN-0003759,Emergency,89,2025-12-11T08:18,2025-12-11T11:26,2025-12-11T16:58,188,520
SYN-0003760,Emergency,79,2025-04-06T20:28,2025-04-06T23:12,2025-04-07T05:57,164,569
SYN-0003761,Emergency,48,2025-04-05T11:59,2025-04-05T13:18,2025-04-05T16:52,79,293
SYN-0003762,General Medicine,69,2025-09-11T15:16,2025-09-11T17:40,2025-09-11T20:32,144,316
SYN-0003763,Cardiology,71,2025-11-08T18:29,2025-11-08T18:51,2025-11-08T21:00,22,151
SYN-0003764,Emergency,75,2025-10-30T13:36,2025-10-30T15:09,2025-10-30T23:01,93,565
SYN-0003765,General Medicine,39,2025-08-06T11:17,2025-08-06T13:20,2025-08-06T15:01,123,224
SYN-0003766,Cardiology,53,2025-09-03T14:29,2025-09-03T15:37,2025-09-03T17:48,68,199
SYN-0003767,General Medicine,64,2025-11-04T06:21,2025-11-04T07:57,2025-11-04T11:34,96,313
SYN-0003768,Orthopedics,82,2025-05-10T10:50,2025-05-10T12:35,2025-05-10T14:18,105,208
SYN-0003769,Cardiology,72,2025-03-02T10:08,2025-03-02T10:51,2025-03-02T12:06,43,118
SYN-0003770,Orthopedics,23,2025-01-05T13:21,2025-01-05T13:29,2025-01-05T14:33,8,72
SYN-0003771,Emergency,65,2025-08-12T10:26,2025-08-12T11:15,2025-08-12T18:35,49,489
SYN-0003772,Cardiology,48,2025-02-22T23:21,2025-02-23T00:41,2025-02-23T02:25,80,184
SYN-0003773,Cardiology,58,2025-08-26T08:53,2025-08-26T10:20,2025-08-26T11:34,87,161
SYN-0003774,Emergency,61,2025-08-24T21:54,2025-08-24T22:57,2025-08-24T23:29,63,95
SYN-0003775,Imaging,72,2025-05-29T14:45,2025-05-29T14:54,2025-05-29T16:15,9,90
SYN-0003776,General Medicine,54,2025-03-15T02:04,2025-03-15T03:00,2025-03-15T06:24,56,260
SYN-0003777,Orthopedics,67,2025-10-06T22:35,2025-10-06T23:16,2025-10-07T01:59,41,204
SYN-0003778,General Medicine,46,2025-12-30T18:52,2025-12-30T21:07,2025-12-30T22:13,135,201
SYN-0003779,Imaging,70,2025-08-02T02:44,2025-08-02T03:46,2025-08-02T04:57,62,133
SYN-0003780,Cardiology,83,2025-09-24T17:27,2025-09-24T17:32,2025-09-24T18:50,5,83
SYN-0003781,Cardiology,26,2025-06-02T07:10,2025-06-02T08:02,2025-06-02T10:00,52,170
SYN-0003782,General Medicine,87,2025-05-06T21:11,2025-05-06T22:16,2025-05-07T02:12,65,301
SYN-0003783,Emergency,26,2025-05-19T15:53,2025-05-19T19:11,2025-05-19T20:49,198,296
SYN-0003784,Cardiology,57,2025-01-06T03:48,2025-01-06T04:18,2025-01-06T05:39,30,111
SYN-0003785,General Medicine,19,2025-10-02T15:17,2025-10-02T15:50,2025-10-02T16:35,33,78
SYN-0003786,Emergency,51,2025-10-30T11:04,2025-10-30T13:27,2025-10-30T16:02,143,298
SYN-0003787,Imaging,62,2025-12-04T06:45,2025-12-04T07:10,2025-12-04T07:51,25,66
SYN-0003788,Emergency,69,2025-12-10T10:52,2025-12-10T13:18,2025-12-10T15:12,146,260
SYN-0003789,General Medicine,40,2025-11-29T01:39,2025-11-29T02:11,2025-11-29T05:31,32,232
SYN-0003790,Cardiology,59,2025-12-05T01:33,2025-12-05T02:22,2025-12-05T05:09,49,216
SYN-0003791,Orthopedics,79,2025-07-13T10:13,2025-07-13T11:53,2025-07-13T13:55,100,222
SYN-0003792,Cardiology,59,2025-01-24T19:21,2025-01-24T20:14,2025-01-24T21:38,53,137
SYN-0003793,Cardiology,66,2025-11-27T06:46,2025-11-27T08:10,2025-11-27T09:18,84,152
SYN-0003794,General Medicine,68,2025-03-16T10:56,2025-03-16T12:07,2025-03-16T15:43,71,287
SYN-0003795,Emergency,74,2025-05-13T06:36,2025-05-13T09:06,2025-05-13T17:00,150,624
SYN-0003796,Emergency,26,2025-05-08T19:56,2025-05-08T22:51,2025-05-09T03:21,175,445
SYN-0003797,Imaging,45,2025-11-19T12:12,2025-11-19T12:44,2025-11-19T13:24,32,72
SYN-0003798,General Medicine,41,2025-08-26T06:09,2025-08-26T07:06,2025-08-26T07:43,57,94
SYN-0003799,Cardiology,39,2025-10-27T23:10,2025-10-27T23:34,2025-10-28T01:13,24,123
SYN-0003800,Emergency,92,2025-08-27T01:56,2025-08-27T05:13,2025-08-27T09:21,197,445
SYN-0003801,Emergency,88,2025-06-22T01:09,2025-06-22T04:02,2025-06-22T07:07,173,358
SYN-0003802,General Medicine,59,2025-05-02T06:54,2025-05-02T07:40,2025-05-02T09:10,46,136
SYN-0003803,Orthopedics,58,2025-05-28T22:56,2025-05-29T00:30,2025-05-29T02:02,94,186
SYN-0003804,General Medicine,33,2025-11-01T06:54,2025-11-01T08:22,2025-11-01T10:00,88,186
SYN-0003805,Imaging,38,2025-06-09T08:57,2025-06-09T10:01,2025-06-09T11:19,64,142
SYN-0003806,Imaging,91,2025-01-15T05:50,2025-01-15T06:32,2025-01-15T07:18,42,88
SYN-0003807,Orthopedics,32,2025-12-29T17:13,2025-12-29T17:51,2025-12-29T19:25,38,132
SYN-0003808,Cardiology,41,2025-01-02T22:58,2025-01-03T00:00,2025-01-03T02:37,62,219
SYN-0003809,General Medicine,38,2025-02-20T21:17,2025-02-20T22:11,2025-02-21T00:33,54,196
SYN-0003810,Emergency,85,2025-12-08T03:49,2025-12-08T05:23,2025-12-08T07:59,94,250
SYN-0003811,Imaging,59,2025-12-24T01:05,2025-12-24T01:24,2025-12-24T02:06,19,61
SYN-0003812,Cardiology,34,2025-06-26T23:12,2025-06-27T00:31,2025-06-27T03:28,79,256
SYN-0003813,Cardiology,64,2025-04-09T02:20,2025-04-09T02:28,2025-04-09T03:38,8,78
SYN-0003814,Imaging,40,2025-05-18T05:14,2025-05-18T05:25,2025-05-18T06:50,11,96
SYN-0003815,Emergency,88,2025-07-13T04:39,2025-07-13T08:35,2025-07-13T09:27,236,288
SYN-0003816,Imaging,62,2025-11-16T05:04,2025-11-16T06:08,2025-11-16T07:29,64,145
SYN-0003817,Cardiology,41,2025-09-18T05:23,2025-09-18T06:15,2025-09-18T09:11,52,228
SYN-0003818,Cardiology,23,2025-02-14T07:58,2025-02-14T09:24,2025-02-14T11:49,86,231
SYN-0003819,Cardiology,48,2025-08-08T23:38,2025-08-08T23:45,2025-08-09T01:41,7,123
SYN-0003820,Imaging,32,2025-08-22T13:14,2025-08-22T13:29,2025-08-22T14:57,15,103
SYN-0003821,Imaging,44,2025-04-29T16:42,2025-04-29T16:55,2025-04-29T17:54,13,72
SYN-0003822,General Medicine,91,2025-04-19T15:43,2025-04-19T16:16,2025-04-19T16:51,33,68
SYN-0003823,Cardiology,29,2025-01-18T11:57,2025-01-18T13:17,2025-01-18T15:31,80,214
SYN-0003824,Orthopedics,83,2025-07-21T20:08,2025-07-21T20:38,2025-07-21T23:10,30,182
SYN-0003825,Cardiology,91,2025-01-04T13:51,2025-01-04T14:03,2025-01-04T15:38,12,107
SYN-0003826,Imaging,93,2025-06-03T05:18,2025-06-03T06:23,2025-06-03T06:48,65,90
SYN-0003827,Imaging,68,2025-04-16T17:16,2025-04-16T17:32,2025-04-16T18:01,16,45
SYN-0003828,Emergency,32,2025-04-21T12:40,2025-04-21T15:32,2025-04-21T17:19,172,279
SYN-0003829,Cardiology,70,2025-12-02T05:06,2025-12-02T05:31,2025-12-02T06:46,25,100
SYN-0003830,Imaging,95,2025-03-25T20:40,2025-03-25T21:02,2025-03-25T21:23,22,43
SYN-0003831,Emergency,69,2025-10-06T14:06,2025-10-06T14:45,2025-10-06T16:12,39,126
SYN-0003832,Emergency,33,2025-01-31T11:24,2025-01-31T12:07,2025-01-31T14:09,43,165
SYN-0003833,General Medicine,61,2025-04-10T00:32,2025-04-10T00:50,2025-04-10T03:14,18,162
SYN-0003834,General Medicine,45,2025-05-25T03:27,2025-05-25T05:29,2025-05-25T07:02,122,215
SYN-0003835,Emergency,73,2025-05-21T03:12,2025-05-21T04:37,2025-05-21T09:59,85,407
SYN-0003836,Imaging,40,2025-01-10T18:20,2025-01-10T19:08,2025-01-10T19:49,48,89
SYN-0003837,Imaging,37,2025-03-17T11:03,2025-03-17T11:46,2025-03-17T13:07,43,124
SYN-0003838,Orthopedics,54,2025-03-07T14:37,2025-03-07T15:04,2025-03-07T15:59,27,82
SYN-0003839,Emergency,85,2025-10-15T11:20,2025-10-15T14:52,2025-10-15T20:07,212,527
SYN-0003840,Cardiology,35,2025-08-26T20:26,2025-08-26T21:14,2025-08-26T22:01,48,95
SYN-0003841,Cardiology,34,2025-10-01T11:40,2025-10-01T13:01,2025-10-01T14:59,81,199
SYN-0003842,Emergency,64,2025-05-22T00:20,2025-05-22T04:05,2025-05-22T11:36,225,676
SYN-0003843,Orthopedics,18,2025-02-18T01:44,2025-02-18T03:21,2025-02-18T05:28,97,224
SYN-0003844,Cardiology,92,2025-04-04T08:30,2025-04-04T10:00,2025-04-04T12:13,90,223
SYN-0003845,Imaging,76,2025-06-16T15:40,2025-06-16T15:47,2025-06-16T16:14,7,34
SYN-0003846,Emergency,72,2025-05-19T21:42,2025-05-19T22:28,2025-05-20T01:19,46,217
SYN-0003847,Orthopedics,67,2025-09-25T00:22,2025-09-25T01:37,2025-09-25T03:30,75,188
SYN-0003848,Orthopedics,21,2025-06-04T09:11,2025-06-04T10:53,2025-06-04T11:56,102,165
SYN-0003849,Orthopedics,36,2025-01-19T16:11,2025-01-19T16:25,2025-01-19T17:34,14,83
SYN-0003850,Imaging,64,2025-03-31T15:33,2025-03-31T15:44,2025-03-31T16:53,11,80
SYN-0003851,General Medicine,89,2025-06-18T01:38,2025-06-18T02:29,2025-06-18T05:01,51,203
SYN-0003852,Imaging,94,2025-05-02T03:12,2025-05-02T03:52,2025-05-02T04:14,40,62
SYN-0003853,General Medicine,73,2025-03-04T04:00,2025-03-04T04:25,2025-03-04T06:48,25,168
SYN-0003854,Imaging,34,2025-06-16T04:06,2025-06-16T04:13,2025-06-16T05:20,7,74
SYN-0003855,Cardiology,61,2025-03-19T22:39,2025-03-19T23:20,2025-03-20T02:20,41,221
SYN-0003856,Orthopedics,46,2025-01-06T12:25,2025-01-06T13:03,2025-01-06T14:13,38,108
SYN-0003857,Orthopedics,33,2025-02-12T16:56,2025-02-12T17:05,2025-02-12T18:38,9,102
SYN-0003858,Emergency,81,2025-10-23T07:19,2025-10-23T10:06,2025-10-23T13:41,167,382
SYN-0003859,General Medicine,57,2025-11-05T03:45,2025-11-05T05:50,2025-11-05T07:54,125,249
SYN-0003860,General Medicine,93,2025-11-19T10:42,2025-11-19T11:08,2025-11-19T13:12,26,150
SYN-0003861,Orthopedics,40,2025-11-06T14:23,2025-11-06T15:15,2025-11-06T16:57,52,154
SYN-0003862,Cardiology,35,2025-03-19T11:54,2025-03-19T12:31,2025-03-19T15:18,37,204
SYN-0003863,Orthopedics,32,2025-01-02T23:44,2025-01-03T00:48,2025-01-03T03:09,64,205
SYN-0003864,Emergency,83,2025-03-28T07:06,2025-03-28T09:38,2025-03-28T10:38,152,212
SYN-0003865,Emergency,70,2025-01-20T09:39,2025-01-20T09:58,2025-01-20T12:14,19,155
SYN-0003866,General Medicine,69,2025-11-24T04:32,2025-11-24T05:40,2025-11-24T06:35,68,123
SYN-0003867,Orthopedics,38,2025-12-23T01:37,2025-12-23T03:19,2025-12-23T04:12,102,155
SYN-0003868,Imaging,84,2025-01-10T13:26,2025-01-10T14:37,2025-01-10T14:57,71,91
SYN-0003869,Emergency,75,2025-09-24T16:34,2025-09-24T20:11,2025-09-25T02:53,217,619
SYN-0003870,Emergency,31,2025-01-23T04:42,2025-01-23T05:29,2025-01-23T11:02,47,380
SYN-0003871,Orthopedics,28,2025-12-04T11:28,2025-12-04T13:03,2025-12-04T13:48,95,140
SYN-0003872,Cardiology,75,2025-10-25T12:34,2025-10-25T13:44,2025-10-25T14:39,70,125
SYN-0003873,Emergency,47,2025-12-03T09:05,2025-12-03T10:18,2025-12-03T11:15,73,130
SYN-0003874,Orthopedics,64,2025-07-29T12:21,2025-07-29T12:36,2025-07-29T13:18,15,57
SYN-0003875,General Medicine,43,2025-08-07T15:00,2025-08-07T16:20,2025-08-07T18:55,80,235
SYN-0003876,Imaging,21,2025-05-24T03:01,2025-05-24T03:28,2025-05-24T03:57,27,56
SYN-0003877,Emergency,62,2025-05-13T07:53,2025-05-13T10:27,2025-05-13T14:39,154,406
SYN-0003878,General Medicine,75,2025-09-16T17:54,2025-09-16T20:19,2025-09-16T23:42,145,348
SYN-0003879,Imaging,21,2025-12-28T07:16,2025-12-28T08:15,2025-12-28T09:02,59,106
SYN-0003880,Cardiology,43,2025-09-01T00:55,2025-09-01T01:15,2025-09-01T02:01,20,66
SYN-0003881,Cardiology,74,2025-04-25T00:30,2025-04-25T01:52,2025-04-25T04:20,82,230
SYN-0003882,Orthopedics,73,2025-10-14T15:04,2025-10-14T16:56,2025-10-14T19:17,112,253
SYN-0003883,Cardiology,85,2025-02-16T15:47,2025-02-16T16:02,2025-02-16T18:17,15,150
SYN-0003884,Cardiology,22,2025-01-14T19:42,2025-01-14T20:04,2025-01-14T22:50,22,188
SYN-0003885,Emergency,72,2025-10-30T01:13,2025-10-30T02:31,2025-10-30T06:27,78,314
SYN-0003886,Emergency,26,2025-01-19T03:44,2025-01-19T05:13,2025-01-19T08:32,89,288
SYN-0003887,Emergency,77,2025-12-20T15:24,2025-12-20T15:46,2025-12-20T20:04,22,280
SYN-0003888,Emergency,51,2025-01-15T07:22,2025-01-15T08:36,2025-01-15T09:25,74,123
SYN-0003889,General Medicine,90,2025-02-19T11:25,2025-02-19T12:35,2025-02-19T15:24,70,239
SYN-0003890,Orthopedics,49,2025-08-18T09:50,2025-08-18T11:08,2025-08-18T11:38,78,108
SYN-0003891,Emergency,23,2025-05-06T08:01,2025-05-06T09:32,2025-05-06T16:43,91,522
SYN-0003892,Orthopedics,93,2025-01-28T14:18,2025-01-28T15:41,2025-01-28T18:19,83,241
SYN-0003893,Orthopedics,95,2025-10-15T15:07,2025-10-15T16:34,2025-10-15T19:11,87,244
SYN-0003894,General Medicine,26,2025-06-12T21:06,2025-06-12T23:22,2025-06-13T02:35,136,329
SYN-0003895,Cardiology,71,2025-03-29T14:00,2025-03-29T15:04,2025-03-29T17:41,64,221
SYN-0003896,Imaging,66,2025-10-27T04:46,2025-10-27T05:28,2025-10-27T05:56,42,70
SYN-0003897,Emergency,54,2025-12-20T03:12,2025-12-20T04:00,2025-12-20T06:20,48,188
SYN-0003898,Emergency,49,2025-07-13T19:43,2025-07-13T21:57,2025-07-14T02:32,134,409
SYN-0003899,Cardiology,41,2025-11-15T03:16,2025-11-15T03:43,2025-11-15T05:50,27,154
SYN-0003900,Cardiology,75,2025-03-24T23:13,2025-03-25T00:23,2025-03-25T02:22,70,189
SYN-0003901,Emergency,39,2025-07-12T07:43,2025-07-12T08:10,2025-07-12T14:44,27,421
SYN-0003902,Imaging,77,2025-06-06T01:54,2025-06-06T02:16,2025-06-06T02:34,22,40
SYN-0003903,Emergency,31,2025-05-05T21:40,2025-05-06T00:01,2025-05-06T04:26,141,406
SYN-0003904,Emergency,21,2025-04-26T07:30,2025-04-26T09:25,2025-04-26T10:23,115,173
SYN-0003905,Orthopedics,48,2025-03-02T22:33,2025-03-02T22:50,2025-03-03T01:39,17,186
SYN-0003906,Orthopedics,36,2025-11-23T15:30,2025-11-23T17:02,2025-11-23T19:58,92,268
SYN-0003907,Emergency,86,2025-01-17T07:41,2025-01-17T08:12,2025-01-17T12:29,31,288
SYN-0003908,General Medicine,27,2025-01-23T05:39,2025-01-23T07:03,2025-01-23T10:22,84,283
SYN-0003909,General Medicine,86,2025-08-10T10:46,2025-08-10T12:38,2025-08-10T14:14,112,208
SYN-0003910,Cardiology,63,2025-11-25T14:53,2025-11-25T15:18,2025-11-25T16:33,25,100
SYN-0003911,General Medicine,91,2025-06-19T18:22,2025-06-19T20:43,2025-06-20T00:21,141,359
SYN-0003912,Imaging,19,2025-11-15T16:47,2025-11-15T17:56,2025-11-15T18:58,69,131
SYN-0003913,General Medicine,51,2025-01-19T17:01,2025-01-19T17:55,2025-01-19T18:40,54,99
SYN-0003914,General Medicine,58,2025-12-12T09:07,2025-12-12T09:28,2025-12-12T11:45,21,158
SYN-0003915,Imaging,66,2025-05-18T13:31,2025-05-18T13:47,2025-05-18T14:25,16,54
SYN-0003916,General Medicine,29,2025-10-21T14:56,2025-10-21T15:27,2025-10-21T17:13,31,137
SYN-0003917,Emergency,93,2025-12-30T20:37,2025-12-30T21:27,2025-12-31T02:18,50,341
SYN-0003918,Orthopedics,89,2025-11-05T08:45,2025-11-05T10:31,2025-11-05T11:43,106,178
SYN-0003919,General Medicine,92,2025-10-13T12:31,2025-10-13T13:19,2025-10-13T15:47,48,196
SYN-0003920,Imaging,93,2025-02-01T09:50,2025-02-01T10:01,2025-02-01T10:50,11,60
SYN-0003921,Orthopedics,29,2025-07-08T08:15,2025-07-08T08:49,2025-07-08T09:49,34,94
SYN-0003922,General Medicine,72,2025-09-16T05:15,2025-09-16T07:13,2025-09-16T08:11,118,176
SYN-0003923,Emergency,40,2025-06-30T16:03,2025-06-30T18:19,2025-06-30T23:31,136,448
SYN-0003924,Imaging,60,2025-06-13T04:58,2025-06-13T05:39,2025-06-13T07:04,41,126
SYN-0003925,Imaging,92,2025-12-02T03:16,2025-12-02T04:06,2025-12-02T04:34,50,78
SYN-0003926,Imaging,95,2025-02-02T21:21,2025-02-02T21:49,2025-02-02T22:41,28,80
SYN-0003927,Imaging,87,2025-10-07T10:10,2025-10-07T10:51,2025-10-07T11:54,41,104
SYN-0003928,Cardiology,52,2025-01-19T15:45,2025-01-19T16:23,2025-01-19T18:57,38,192
SYN-0003929,Imaging,26,2025-04-21T10:57,2025-04-21T12:07,2025-04-21T13:01,70,124
SYN-0003930,Imaging,31,2025-09-04T03:17,2025-09-04T03:23,2025-09-04T03:57,6,40
SYN-0003931,Imaging,92,2025-09-16T22:03,2025-09-16T22:26,2025-09-16T23:01,23,58
SYN-0003932,Cardiology,87,2025-07-20T09:46,2025-07-20T11:11,2025-07-20T13:40,85,234
SYN-0003933,General Medicine,52,2025-06-11T15:46,2025-06-11T16:28,2025-06-11T16:58,42,72
SYN-0003934,General Medicine,23,2025-06-15T23:45,2025-06-16T01:37,2025-06-16T04:23,112,278
SYN-0003935,Imaging,79,2025-10-15T18:25,2025-10-15T18:47,2025-10-15T19:35,22,70
SYN-0003936,Cardiology,72,2025-02-19T15:00,2025-02-19T16:12,2025-02-19T18:50,72,230
SYN-0003937,Emergency,29,2025-02-16T04:10,2025-02-16T06:59,2025-02-16T14:35,169,625
SYN-0003938,Orthopedics,93,2025-03-24T05:52,2025-03-24T06:06,2025-03-24T07:30,14,98
SYN-0003939,Cardiology,70,2025-05-29T23:08,2025-05-29T23:58,2025-05-30T01:24,50,136
SYN-0003940,Emergency,70,2025-12-12T23:09,2025-12-13T00:18,2025-12-13T02:37,69,208
SYN-0003941,Emergency,23,2025-07-01T01:02,2025-07-01T02:39,2025-07-01T04:44,97,222
SYN-0003942,Orthopedics,69,2025-03-10T17:40,2025-03-10T18:26,2025-03-10T21:18,46,218
SYN-0003943,Orthopedics,64,2025-05-01T13:36,2025-05-01T15:20,2025-05-01T15:55,104,139
SYN-0003944,Orthopedics,36,2025-12-27T21:05,2025-12-27T22:46,2025-12-28T00:33,101,208
SYN-0003945,Orthopedics,58,2025-11-09T07:52,2025-11-09T08:12,2025-11-09T09:06,20,74
SYN-0003946,Emergency,53,2025-07-30T13:18,2025-07-30T17:11,2025-07-30T19:19,233,361
SYN-0003947,Emergency,69,2025-10-31T04:57,2025-10-31T08:28,2025-10-31T13:48,211,531
SYN-0003948,Emergency,26,2025-12-19T14:42,2025-12-19T16:52,2025-12-19T23:48,130,546
SYN-0003949,General Medicine,94,2025-07-08T08:58,2025-07-08T09:40,2025-07-08T13:09,42,251
SYN-0003950,General Medicine,87,2025-01-31T11:02,2025-01-31T13:31,2025-01-31T16:42,149,340
SYN-0003951,General Medicine,88,2025-12-03T05:13,2025-12-03T05:23,2025-12-03T07:35,10,142
SYN-0003952,Cardiology,74,2025-02-27T23:27,2025-02-27T23:44,2025-02-28T01:38,17,131
SYN-0003953,Orthopedics,46,2025-03-18T03:46,2025-03-18T04:43,2025-03-18T07:25,57,219
SYN-0003954,Orthopedics,66,2025-10-15T06:43,2025-10-15T08:07,2025-10-15T09:24,84,161
SYN-0003955,Orthopedics,92,2025-07-01T07:10,2025-07-01T08:24,2025-07-01T10:42,74,212
SYN-0003956,Imaging,82,2025-08-15T21:52,2025-08-15T23:07,2025-08-16T00:18,75,146
SYN-0003957,Imaging,61,2025-08-27T08:26,2025-08-27T09:10,2025-08-27T09:36,44,70
SYN-0003958,General Medicine,32,2025-02-05T21:35,2025-02-05T22:51,2025-02-06T00:41,76,186
SYN-0003959,Emergency,25,2025-05-12T11:53,2025-05-12T14:40,2025-05-12T16:19,167,266
SYN-0003960,Imaging,23,2025-10-05T19:01,2025-10-05T19:52,2025-10-05T20:38,51,97
SYN-0003961,Orthopedics,28,2025-12-12T12:09,2025-12-12T12:28,2025-12-12T13:16,19,67
SYN-0003962,Imaging,44,2025-10-15T13:07,2025-10-15T13:19,2025-10-15T14:03,12,56
SYN-0003963,Imaging,34,2025-10-27T03:04,2025-10-27T03:49,2025-10-27T04:35,45,91
SYN-0003964,Emergency,59,2025-07-09T06:10,2025-07-09T08:31,2025-07-09T13:57,141,467
SYN-0003965,Orthopedics,80,2025-10-03T23:12,2025-10-04T00:33,2025-10-04T01:17,81,125
SYN-0003966,Emergency,35,2025-08-08T06:40,2025-08-08T07:02,2025-08-08T07:44,22,64
SYN-0003967,Orthopedics,40,2025-07-02T04:52,2025-07-02T06:04,2025-07-02T09:02,72,250
SYN-0003968,Emergency,53,2025-10-01T02:22,2025-10-01T03:47,2025-10-01T07:29,85,307
SYN-0003969,General Medicine,70,2025-12-29T06:30,2025-12-29T08:31,2025-12-29T10:51,121,261
SYN-0003970,Emergency,51,2025-11-14T08:13,2025-11-14T09:46,2025-11-14T17:00,93,527
SYN-0003971,Cardiology,72,2025-08-18T04:36,2025-08-18T04:42,2025-08-18T06:46,6,130
SYN-0003972,Orthopedics,86,2025-09-05T12:28,2025-09-05T13:35,2025-09-05T15:58,67,210
SYN-0003973,Emergency,58,2025-08-13T15:48,2025-08-13T18:24,2025-08-13T22:44,156,416
SYN-0003974,Cardiology,72,2025-01-22T00:54,2025-01-22T01:23,2025-01-22T04:17,29,203
SYN-0003975,Cardiology,69,2025-07-07T22:25,2025-07-07T23:01,2025-07-08T01:20,36,175
SYN-0003976,Imaging,61,2025-11-01T21:54,2025-11-01T22:15,2025-11-01T22:53,21,59
SYN-0003977,Orthopedics,60,2025-10-16T17:10,2025-10-16T17:21,2025-10-16T18:18,11,68
SYN-0003978,General Medicine,19,2025-02-09T02:27,2025-02-09T04:05,2025-02-09T05:33,98,186
SYN-0003979,Imaging,40,2025-03-28T05:26,2025-03-28T05:51,2025-03-28T06:29,25,63
SYN-0003980,Cardiology,72,2025-11-26T01:59,2025-11-26T02:41,2025-11-26T04:12,42,133
SYN-0003981,Imaging,35,2025-10-20T04:06,2025-10-20T05:11,2025-10-20T06:05,65,119
SYN-0003982,Orthopedics,21,2025-10-12T02:15,2025-10-12T03:38,2025-10-12T04:25,83,130
SYN-0003983,Emergency,30,2025-07-24T13:37,2025-07-24T14:07,2025-07-24T16:07,30,150
SYN-0003984,Emergency,86,2025-07-02T22:03,2025-07-02T23:48,2025-07-03T07:34,105,571
SYN-0003985,General Medicine,86,2025-01-05T10:56,2025-01-05T12:45,2025-01-05T13:30,109,154
SYN-0003986,Emergency,79,2025-10-16T10:00,2025-10-16T10:37,2025-10-16T15:09,37,309
SYN-0003987,Imaging,40,2025-02-27T14:56,2025-02-27T15:17,2025-02-27T15:57,21,61
SYN-0003988,General Medicine,52,2025-01-10T22:01,2025-01-10T23:42,2025-01-11T02:05,101,244
SYN-0003989,Imaging,39,2025-07-11T14:23,2025-07-11T14:45,2025-07-11T15:52,22,89
SYN-0003990,Imaging,39,2025-03-22T18:15,2025-03-22T18:29,2025-03-22T19:02,14,47
SYN-0003991,Emergency,47,2025-07-02T22:32,2025-07-02T23:34,2025-07-03T04:34,62,362
SYN-0003992,Imaging,62,2025-11-10T04:15,2025-11-10T05:03,2025-11-10T05:47,48,92
SYN-0003993,General Medicine,77,2025-02-05T00:29,2025-02-05T02:17,2025-02-05T05:59,108,330
SYN-0003994,General Medicine,65,2025-05-03T22:03,2025-05-03T23:42,2025-05-04T03:41,99,338
SYN-0003995,Orthopedics,34,2025-08-14T13:29,2025-08-14T14:39,2025-08-14T15:53,70,144
SYN-0003996,Emergency,82,2025-06-19T08:17,2025-06-19T11:18,2025-06-19T16:33,181,496
SYN-0003997,Orthopedics,52,2025-09-21T14:55,2025-09-21T16:52,2025-09-21T18:26,117,211
SYN-0003998,Emergency,50,2025-11-09T13:27,2025-11-09T13:45,2025-11-09T20:01,18,394
SYN-0003999,Orthopedics,77,2025-07-27T16:21,2025-07-27T17:49,2025-07-27T19:53,88,212
SYN-0004000,Orthopedics,27,2025-05-24T07:29,2025-05-24T09:08,2025-05-24T10:15,99,166
SYN-0004001,Emergency,75,2025-04-23T06:12,2025-04-23T06:57,2025-04-23T09:06,45,174
SYN-0004002,Orthopedics,28,2025-12-24T17:16,2025-12-24T18:59,2025-12-24T21:46,103,270
SYN-0004003,Imaging,49,2025-05-31T05:00,2025-05-31T06:01,2025-05-31T07:06,61,126
SYN-0004004,Orthopedics,39,2025-12-23T06:52,2025-12-23T08:19,2025-12-23T09:31,87,159
SYN-0004005,Emergency,39,2025-10-04T08:21,2025-10-04T09:20,2025-10-04T17:14,59,533
SYN-0004006,Emergency,19,2025-09-15T12:08,2025-09-15T16:07,2025-09-15T20:40,239,512
SYN-0004007,General Medicine,95,2025-02-18T23:39,2025-02-19T00:04,2025-02-19T03:59,25,260
SYN-0004008,Imaging,60,2025-07-05T15:13,2025-07-05T15:49,2025-07-05T16:09,36,56
SYN-0004009,Cardiology,59,2025-06-17T03:34,2025-06-17T03:43,2025-06-17T06:06,9,152
SYN-0004010,General Medicine,47,2025-07-14T06:03,2025-07-14T08:21,2025-07-14T09:28,138,205
SYN-0004011,Orthopedics,19,2025-08-11T12:27,2025-08-11T14:20,2025-08-11T15:48,113,201
SYN-0004012,Emergency,83,2025-03-17T14:40,2025-03-17T18:29,2025-03-18T02:20,229,700
SYN-0004013,Emergency,74,2025-10-16T14:31,2025-10-16T17:44,2025-10-17T01:40,193,669
SYN-0004014,Imaging,72,2025-02-18T18:13,2025-02-18T19:22,2025-02-18T20:13,69,120
SYN-0004015,Orthopedics,50,2025-07-05T00:45,2025-07-05T01:12,2025-07-05T02:53,27,128
SYN-0004016,Orthopedics,24,2025-11-08T07:03,2025-11-08T07:41,2025-11-08T09:18,38,135
SYN-0004017,General Medicine,26,2025-09-21T07:58,2025-09-21T09:01,2025-09-21T13:00,63,302
SYN-0004018,Imaging,19,2025-03-20T00:38,2025-03-20T01:10,2025-03-20T02:22,32,104
SYN-0004019,Orthopedics,86,2025-04-18T02:28,2025-04-18T03:03,2025-04-18T04:04,35,96
SYN-0004020,Imaging,86,2025-07-06T00:25,2025-07-06T01:34,2025-07-06T02:54,69,149
SYN-0004021,Imaging,94,2025-04-23T20:53,2025-04-23T21:52,2025-04-23T23:22,59,149
SYN-0004022,Emergency,92,2025-12-17T10:17,2025-12-17T11:45,2025-12-17T14:56,88,279
SYN-0004023,Cardiology,75,2025-07-19T16:42,2025-07-19T17:48,2025-07-19T18:59,66,137
SYN-0004024,Cardiology,22,2025-06-19T08:07,2025-06-19T08:44,2025-06-19T11:05,37,178
SYN-0004025,Emergency,50,2025-10-05T16:22,2025-10-05T20:12,2025-10-06T02:55,230,633
SYN-0004026,Cardiology,89,2025-05-29T08:31,2025-05-29T09:10,2025-05-29T10:28,39,117
SYN-0004027,Cardiology,84,2025-04-29T11:59,2025-04-29T13:19,2025-04-29T15:59,80,240
SYN-0004028,Cardiology,32,2025-04-20T22:00,2025-04-20T22:35,2025-04-20T23:46,35,106
SYN-0004029,General Medicine,38,2025-10-13T08:53,2025-10-13T11:10,2025-10-13T11:47,137,174
SYN-0004030,General Medicine,91,2025-02-05T22:54,2025-02-05T23:57,2025-02-06T01:11,63,137
SYN-0004031,General Medicine,33,2025-04-17T02:23,2025-04-17T03:27,2025-04-17T04:39,64,136
SYN-0004032,Emergency,41,2025-01-11T20:26,2025-01-12T00:04,2025-01-12T01:33,218,307
SYN-0004033,Cardiology,26,2025-01-12T20:28,2025-01-12T20:55,2025-01-12T21:40,27,72
SYN-0004034,General Medicine,66,2025-11-13T00:11,2025-11-13T01:59,2025-11-13T04:27,108,256
SYN-0004035,Emergency,67,2025-12-17T03:24,2025-12-17T03:45,2025-12-17T04:30,21,66
SYN-0004036,Emergency,55,2025-03-02T21:12,2025-03-02T21:24,2025-03-03T02:34,12,322
SYN-0004037,Cardiology,54,2025-03-09T16:15,2025-03-09T17:07,2025-03-09T19:30,52,195
SYN-0004038,Emergency,58,2025-07-30T16:59,2025-07-30T20:14,2025-07-30T22:44,195,345
SYN-0004039,Cardiology,79,2025-02-04T11:45,2025-02-04T13:12,2025-02-04T14:18,87,153
SYN-0004040,Orthopedics,42,2025-04-11T16:08,2025-04-11T17:06,2025-04-11T19:56,58,228
SYN-0004041,Orthopedics,30,2025-08-19T09:21,2025-08-19T10:05,2025-08-19T12:19,44,178
SYN-0004042,Emergency,76,2025-01-13T07:22,2025-01-13T07:32,2025-01-13T09:43,10,141
SYN-0004043,Imaging,53,2025-09-27T11:14,2025-09-27T11:42,2025-09-27T11:57,28,43
SYN-0004044,Orthopedics,74,2025-10-04T02:48,2025-10-04T04:28,2025-10-04T07:28,100,280
SYN-0004045,Emergency,73,2025-02-03T13:15,2025-02-03T14:49,2025-02-03T15:29,94,134
SYN-0004046,Imaging,29,2025-07-15T15:23,2025-07-15T16:17,2025-07-15T17:26,54,123
SYN-0004047,Emergency,65,2025-10-14T03:57,2025-10-14T04:10,2025-10-14T10:11,13,374
SYN-0004048,Orthopedics,46,2025-03-07T18:02,2025-03-07T19:58,2025-03-07T20:50,116,168
SYN-0004049,Orthopedics,30,2025-08-24T21:06,2025-08-24T21:11,2025-08-24T23:35,5,149
SYN-0004050,Imaging,84,2025-01-31T13:15,2025-01-31T13:54,2025-01-31T15:09,39,114
SYN-0004051,General Medicine,73,2025-05-22T17:42,2025-05-22T17:55,2025-05-22T19:59,13,137
SYN-0004052,Imaging,88,2025-08-03T05:32,2025-08-03T06:47,2025-08-03T07:27,75,115
SYN-0004053,Cardiology,67,2025-04-27T00:04,2025-04-27T00:57,2025-04-27T03:25,53,201
SYN-0004054,General Medicine,85,2025-01-12T05:35,2025-01-12T07:42,2025-01-12T11:32,127,357
SYN-0004055,Cardiology,78,2025-03-28T03:40,2025-03-28T04:54,2025-03-28T07:29,74,229
SYN-0004056,General Medicine,64,2025-02-22T21:36,2025-02-22T23:50,2025-02-23T03:40,134,364
SYN-0004057,Emergency,41,2025-11-09T05:01,2025-11-09T06:45,2025-11-09T14:06,104,545
SYN-0004058,Orthopedics,66,2025-11-27T22:27,2025-11-27T23:30,2025-11-28T00:19,63,112
SYN-0004059,Emergency,34,2025-06-22T09:27,2025-06-22T12:34,2025-06-22T18:08,187,521
SYN-0004060,Emergency,63,2025-11-11T06:58,2025-11-11T07:30,2025-11-11T09:07,32,129
SYN-0004061,Imaging,66,2025-05-17T00:04,2025-05-17T01:15,2025-05-17T02:43,71,159
SYN-0004062,Emergency,91,2025-01-05T06:08,2025-01-05T07:35,2025-01-05T08:45,87,157
SYN-0004063,Orthopedics,64,2025-12-02T16:18,2025-12-02T16:40,2025-12-02T17:28,22,70
SYN-0004064,Orthopedics,76,2025-03-27T18:19,2025-03-27T19:29,2025-03-27T21:19,70,180
SYN-0004065,Imaging,35,2025-03-07T16:34,2025-03-07T17:37,2025-03-07T18:29,63,115
SYN-0004066,Imaging,27,2025-05-15T14:58,2025-05-15T15:40,2025-05-15T16:44,42,106
SYN-0004067,Emergency,53,2025-04-16T08:00,2025-04-16T10:28,2025-04-16T16:42,148,522
SYN-0004068,Emergency,35,2025-10-21T07:39,2025-10-21T10:24,2025-10-21T16:58,165,559
SYN-0004069,Imaging,36,2025-04-29T11:43,2025-04-29T12:22,2025-04-29T12:59,39,76
SYN-0004070,General Medicine,75,2025-02-24T05:04,2025-02-24T07:16,2025-02-24T09:11,132,247
SYN-0004071,Emergency,64,2025-07-12T11:34,2025-07-12T15:11,2025-07-12T21:43,217,609
SYN-0004072,Orthopedics,55,2025-09-10T09:28,2025-09-10T09:49,2025-09-10T10:45,21,77
SYN-0004073,Orthopedics,73,2025-08-21T06:14,2025-08-21T07:21,2025-08-21T08:02,67,108
SYN-0004074,General Medicine,34,2025-04-14T01:31,2025-04-14T02:13,2025-04-14T02:43,42,72
SYN-0004075,Orthopedics,24,2025-01-14T03:39,2025-01-14T04:47,2025-01-14T05:17,68,98
SYN-0004076,Emergency,61,2025-06-09T21:02,2025-06-09T23:53,2025-06-10T03:47,171,405
SYN-0004077,Imaging,39,2025-12-01T11:51,2025-12-01T12:31,2025-12-01T12:52,40,61
SYN-0004078,Cardiology,40,2025-12-09T05:53,2025-12-09T06:15,2025-12-09T08:11,22,138
SYN-0004079,General Medicine,53,2025-08-27T21:56,2025-08-27T22:47,2025-08-28T01:40,51,224
SYN-0004080,Emergency,84,2025-12-20T12:17,2025-12-20T12:41,2025-12-20T13:56,24,99
SYN-0004081,General Medicine,75,2025-07-10T15:35,2025-07-10T16:31,2025-07-10T17:42,56,127
SYN-0004082,Cardiology,27,2025-11-02T14:31,2025-11-02T14:47,2025-11-02T16:06,16,95
SYN-0004083,Imaging,79,2025-01-05T13:10,2025-01-05T14:24,2025-01-05T15:26,74,136
SYN-0004084,Emergency,89,2025-09-13T21:43,2025-09-13T22:08,2025-09-14T05:20,25,457
SYN-0004085,Emergency,18,2025-09-28T17:42,2025-09-28T18:15,2025-09-28T19:44,33,122
SYN-0004086,General Medicine,29,2025-03-21T12:32,2025-03-21T13:27,2025-03-21T15:55,55,203
SYN-0004087,Orthopedics,23,2025-02-28T21:19,2025-02-28T21:47,2025-03-01T00:06,28,167
SYN-0004088,Orthopedics,90,2025-02-08T18:26,2025-02-08T19:00,2025-02-08T21:22,34,176
SYN-0004089,Cardiology,77,2025-01-24T21:42,2025-01-24T22:12,2025-01-24T23:08,30,86
SYN-0004090,Emergency,19,2025-08-17T13:58,2025-08-17T17:35,2025-08-17T21:45,217,467
SYN-0004091,Emergency,82,2025-03-05T01:51,2025-03-05T04:04,2025-03-05T06:45,133,294
SYN-0004092,General Medicine,55,2025-08-27T06:44,2025-08-27T08:13,2025-08-27T11:06,89,262
SYN-0004093,Cardiology,70,2025-12-08T00:34,2025-12-08T02:01,2025-12-08T03:22,87,168
SYN-0004094,General Medicine,34,2025-09-08T22:33,2025-09-08T23:37,2025-09-09T01:52,64,199
SYN-0004095,General Medicine,32,2025-12-10T20:35,2025-12-10T21:50,2025-12-10T23:31,75,176
SYN-0004096,Imaging,78,2025-04-13T20:32,2025-04-13T20:48,2025-04-13T22:08,16,96
SYN-0004097,Cardiology,27,2025-06-05T06:14,2025-06-05T06:58,2025-06-05T08:04,44,110
SYN-0004098,Emergency,37,2025-02-03T01:29,2025-02-03T02:45,2025-02-03T06:05,76,276
SYN-0004099,Orthopedics,46,2025-10-21T15:51,2025-10-21T17:35,2025-10-21T20:28,104,277
SYN-0004100,Cardiology,45,2025-08-05T02:25,2025-08-05T02:38,2025-08-05T05:22,13,177
SYN-0004101,Orthopedics,61,2025-06-26T04:29,2025-06-26T05:30,2025-06-26T07:05,61,156
SYN-0004102,Cardiology,69,2025-02-14T00:53,2025-02-14T01:51,2025-02-14T04:51,58,238
SYN-0004103,Orthopedics,72,2025-01-29T08:08,2025-01-29T09:22,2025-01-29T11:43,74,215
SYN-0004104,Imaging,50,2025-06-09T11:48,2025-06-09T12:17,2025-06-09T13:47,29,119
SYN-0004105,Orthopedics,88,2025-05-23T03:55,2025-05-23T05:09,2025-05-23T07:47,74,232
SYN-0004106,Orthopedics,66,2025-06-15T21:59,2025-06-15T22:26,2025-06-16T00:17,27,138
SYN-0004107,Orthopedics,60,2025-02-04T12:56,2025-02-04T13:52,2025-02-04T14:57,56,121
SYN-0004108,Orthopedics,53,2025-11-20T13:17,2025-11-20T13:28,2025-11-20T15:52,11,155
SYN-0004109,Emergency,60,2025-11-23T22:35,2025-11-24T00:25,2025-11-24T03:59,110,324
SYN-0004110,Orthopedics,38,2025-10-17T03:13,2025-10-17T03:28,2025-10-17T05:31,15,138
SYN-0004111,Cardiology,94,2025-01-08T02:05,2025-01-08T03:22,2025-01-08T04:53,77,168
SYN-0004112,Emergency,31,2025-08-25T07:57,2025-08-25T10:25,2025-08-25T13:45,148,348
SYN-0004113,Emergency,21,2025-08-14T08:26,2025-08-14T10:42,2025-08-14T16:34,136,488
SYN-0004114,General Medicine,28,2025-03-14T14:54,2025-03-14T15:30,2025-03-14T16:59,36,125
SYN-0004115,Emergency,30,2025-10-10T11:02,2025-10-10T13:10,2025-10-10T20:18,128,556
SYN-0004116,General Medicine,55,2025-08-28T05:32,2025-08-28T05:46,2025-08-28T06:52,14,80
SYN-0004117,Imaging,39,2025-05-09T23:52,2025-05-10T00:46,2025-05-10T01:07,54,75
SYN-0004118,Emergency,47,2025-09-28T02:48,2025-09-28T04:41,2025-09-28T11:18,113,510
SYN-0004119,Orthopedics,40,2025-03-02T13:17,2025-03-02T15:06,2025-03-02T16:44,109,207
SYN-0004120,Emergency,41,2025-04-09T11:22,2025-04-09T15:20,2025-04-09T16:32,238,310
SYN-0004121,Imaging,25,2025-09-18T05:02,2025-09-18T05:47,2025-09-18T07:14,45,132
SYN-0004122,Emergency,24,2025-11-01T03:30,2025-11-01T04:20,2025-11-01T12:10,50,520
SYN-0004123,Emergency,45,2025-09-03T14:03,2025-09-03T15:34,2025-09-03T17:00,91,177
SYN-0004124,Cardiology,61,2025-11-17T12:15,2025-11-17T13:04,2025-11-17T14:55,49,160
SYN-0004125,Emergency,81,2025-02-01T21:54,2025-02-01T23:56,2025-02-02T02:50,122,296
SYN-0004126,Emergency,34,2025-05-20T06:33,2025-05-20T09:58,2025-05-20T14:14,205,461
SYN-0004127,Imaging,93,2025-09-15T16:14,2025-09-15T17:29,2025-09-15T17:50,75,96
SYN-0004128,Orthopedics,26,2025-06-17T22:01,2025-06-17T23:28,2025-06-18T00:05,87,124
SYN-0004129,Emergency,45,2025-07-29T14:28,2025-07-29T14:40,2025-07-29T18:31,12,243
SYN-0004130,Orthopedics,92,2025-05-29T00:17,2025-05-29T02:00,2025-05-29T02:33,103,136
SYN-0004131,Emergency,34,2025-09-11T13:24,2025-09-11T13:34,2025-09-11T16:26,10,182
SYN-0004132,Emergency,23,2025-11-08T22:58,2025-11-09T02:52,2025-11-09T05:11,234,373
SYN-0004133,General Medicine,87,2025-02-22T10:26,2025-02-22T11:48,2025-02-22T12:34,82,128
SYN-0004134,Orthopedics,61,2025-06-11T04:55,2025-06-11T06:20,2025-06-11T07:14,85,139
SYN-0004135,General Medicine,62,2025-09-19T13:01,2025-09-19T13:55,2025-09-19T16:44,54,223
SYN-0004136,Cardiology,23,2025-04-17T16:24,2025-04-17T17:16,2025-04-17T19:28,52,184
SYN-0004137,Orthopedics,25,2025-01-25T05:13,2025-01-25T06:07,2025-01-25T06:55,54,102
SYN-0004138,Imaging,20,2025-01-10T12:02,2025-01-10T13:09,2025-01-10T14:36,67,154
SYN-0004139,Imaging,27,2025-02-12T19:25,2025-02-12T20:24,2025-02-12T21:49,59,144
SYN-0004140,General Medicine,79,2025-11-16T20:08,2025-11-16T21:57,2025-11-17T01:30,109,322
SYN-0004141,Orthopedics,82,2025-12-15T18:49,2025-12-15T18:59,2025-12-15T20:30,10,101
SYN-0004142,Orthopedics,42,2025-06-08T14:24,2025-06-08T15:57,2025-06-08T16:59,93,155
SYN-0004143,General Medicine,46,2025-10-01T01:03,2025-10-01T02:26,2025-10-01T04:14,83,191
SYN-0004144,Emergency,76,2025-12-24T08:56,2025-12-24T09:06,2025-12-24T12:57,10,241
SYN-0004145,Imaging,19,2025-08-27T21:49,2025-08-27T22:14,2025-08-27T23:11,25,82
SYN-0004146,Cardiology,27,2025-01-09T01:11,2025-01-09T01:36,2025-01-09T03:50,25,159
SYN-0004147,Imaging,50,2025-08-16T23:52,2025-08-17T00:24,2025-08-17T01:27,32,95
SYN-0004148,Cardiology,31,2025-07-28T03:55,2025-07-28T04:50,2025-07-28T06:22,55,147
SYN-0004149,Imaging,92,2025-05-14T19:37,2025-05-14T20:50,2025-05-14T21:37,73,120
SYN-0004150,Emergency,46,2025-04-19T19:51,2025-04-19T22:41,2025-04-20T00:46,170,295
SYN-0004151,Cardiology,26,2025-03-11T08:35,2025-03-11T09:19,2025-03-11T11:28,44,173
SYN-0004152,Emergency,91,2025-01-24T06:20,2025-01-24T09:38,2025-01-24T16:51,198,631
SYN-0004153,Emergency,63,2025-02-03T18:48,2025-02-03T21:42,2025-02-04T01:47,174,419
SYN-0004154,Cardiology,49,2025-07-04T10:20,2025-07-04T10:25,2025-07-04T12:55,5,155
SYN-0004155,Emergency,67,2025-03-06T08:39,2025-03-06T09:27,2025-03-06T10:56,48,137
SYN-0004156,Imaging,18,2025-04-10T02:11,2025-04-10T03:12,2025-04-10T03:55,61,104
SYN-0004157,Orthopedics,60,2025-11-29T10:35,2025-11-29T12:34,2025-11-29T14:29,119,234
SYN-0004158,General Medicine,90,2025-08-24T09:41,2025-08-24T12:10,2025-08-24T14:35,149,294
SYN-0004159,Cardiology,57,2025-11-05T09:09,2025-11-05T09:25,2025-11-05T10:53,16,104
SYN-0004160,Cardiology,48,2025-06-18T04:03,2025-06-18T04:58,2025-06-18T05:54,55,111
SYN-0004161,Imaging,76,2025-04-14T00:17,2025-04-14T00:44,2025-04-14T01:00,27,43
SYN-0004162,Orthopedics,27,2025-05-16T19:59,2025-05-16T20:49,2025-05-16T23:32,50,213
SYN-0004163,Orthopedics,94,2025-01-18T23:02,2025-01-19T00:06,2025-01-19T02:34,64,212
SYN-0004164,Cardiology,29,2025-03-25T09:38,2025-03-25T09:43,2025-03-25T12:21,5,163
SYN-0004165,Orthopedics,88,2025-06-14T07:30,2025-06-14T09:22,2025-06-14T10:33,112,183
SYN-0004166,Emergency,39,2025-11-11T04:07,2025-11-11T05:03,2025-11-11T07:09,56,182
SYN-0004167,Emergency,26,2025-05-05T10:59,2025-05-05T13:54,2025-05-05T21:11,175,612
SYN-0004168,Orthopedics,18,2025-12-22T22:58,2025-12-23T00:10,2025-12-23T01:11,72,133
SYN-0004169,Orthopedics,31,2025-11-12T20:03,2025-11-12T21:20,2025-11-12T22:14,77,131
SYN-0004170,Emergency,86,2025-06-03T23:06,2025-06-04T01:24,2025-06-04T05:37,138,391
SYN-0004171,Orthopedics,93,2025-03-01T09:14,2025-03-01T10:01,2025-03-01T12:51,47,217
SYN-0004172,Orthopedics,39,2025-12-09T13:37,2025-12-09T14:54,2025-12-09T17:22,77,225
SYN-0004173,Emergency,24,2025-02-02T08:56,2025-02-02T10:43,2025-02-02T15:57,107,421
SYN-0004174,Orthopedics,26,2025-06-07T05:57,2025-06-07T06:32,2025-06-07T09:04,35,187
SYN-0004175,General Medicine,83,2025-04-23T13:21,2025-04-23T15:07,2025-04-23T18:12,106,291
SYN-0004176,General Medicine,60,2025-07-21T01:23,2025-07-21T03:35,2025-07-21T04:49,132,206
SYN-0004177,Orthopedics,83,2025-03-11T21:16,2025-03-11T23:11,2025-03-11T23:54,115,158
SYN-0004178,Cardiology,18,2025-04-29T08:07,2025-04-29T08:33,2025-04-29T11:20,26,193
SYN-0004179,Emergency,55,2025-06-05T15:34,2025-06-05T16:29,2025-06-05T21:41,55,367
SYN-0004180,General Medicine,35,2025-06-16T11:44,2025-06-16T12:26,2025-06-16T15:36,42,232
SYN-0004181,Cardiology,53,2025-03-06T13:48,2025-03-06T14:00,2025-03-06T15:49,12,121
SYN-0004182,Orthopedics,34,2025-06-03T22:52,2025-06-03T23:59,2025-06-04T01:40,67,168
SYN-0004183,General Medicine,64,2025-11-03T21:33,2025-11-03T22:11,2025-11-03T22:57,38,84
SYN-0004184,General Medicine,34,2025-01-08T10:23,2025-01-08T11:23,2025-01-08T14:52,60,269
SYN-0004185,Emergency,24,2025-06-01T08:34,2025-06-01T09:16,2025-06-01T10:04,42,90
SYN-0004186,Orthopedics,34,2025-06-09T11:36,2025-06-09T13:12,2025-06-09T14:20,96,164
SYN-0004187,Cardiology,34,2025-09-19T13:02,2025-09-19T14:03,2025-09-19T16:55,61,233
SYN-0004188,Emergency,23,2025-05-22T05:45,2025-05-22T06:57,2025-05-22T10:37,72,292
SYN-0004189,Cardiology,60,2025-11-01T07:49,2025-11-01T08:58,2025-11-01T10:06,69,137
SYN-0004190,Emergency,43,2025-10-16T06:22,2025-10-16T08:16,2025-10-16T10:55,114,273
SYN-0004191,Emergency,62,2025-02-11T19:51,2025-02-11T22:55,2025-02-12T06:27,184,636
SYN-0004192,General Medicine,76,2025-11-29T17:13,2025-11-29T18:22,2025-11-29T20:44,69,211
SYN-0004193,Orthopedics,86,2025-03-11T20:54,2025-03-11T21:49,2025-03-12T00:48,55,234
SYN-0004194,Cardiology,38,2025-01-17T16:31,2025-01-17T16:52,2025-01-17T17:55,21,84
SYN-0004195,General Medicine,78,2025-02-23T21:43,2025-02-23T22:15,2025-02-24T00:31,32,168
SYN-0004196,Orthopedics,92,2025-04-26T20:50,2025-04-26T21:43,2025-04-26T22:23,53,93
SYN-0004197,General Medicine,51,2025-01-22T05:48,2025-01-22T06:53,2025-01-22T07:53,65,125
SYN-0004198,Cardiology,67,2025-02-18T16:49,2025-02-18T18:03,2025-02-18T19:58,74,189
SYN-0004199,Imaging,43,2025-03-01T02:22,2025-03-01T02:47,2025-03-01T03:21,25,59
SYN-0004200,Emergency,82,2025-01-11T04:31,2025-01-11T06:28,2025-01-11T11:07,117,396
SYN-0004201,Emergency,71,2025-09-26T09:18,2025-09-26T11:01,2025-09-26T14:58,103,340
SYN-0004202,Imaging,47,2025-10-07T00:17,2025-10-07T01:20,2025-10-07T01:40,63,83
SYN-0004203,Imaging,64,2025-10-14T16:41,2025-10-14T17:05,2025-10-14T17:30,24,49
SYN-0004204,Orthopedics,50,2025-07-28T22:38,2025-07-28T22:50,2025-07-29T00:37,12,119
SYN-0004205,Orthopedics,73,2025-11-18T02:36,2025-11-18T04:04,2025-11-18T04:43,88,127
SYN-0004206,Imaging,46,2025-05-18T07:24,2025-05-18T07:54,2025-05-18T08:48,30,84
SYN-0004207,General Medicine,56,2025-01-07T05:10,2025-01-07T07:06,2025-01-07T09:04,116,234
SYN-0004208,General Medicine,42,2025-11-27T07:30,2025-11-27T09:16,2025-11-27T10:28,106,178
SYN-0004209,Cardiology,73,2025-04-09T01:52,2025-04-09T02:18,2025-04-09T04:41,26,169
SYN-0004210,Emergency,50,2025-04-17T22:31,2025-04-17T23:03,2025-04-18T02:04,32,213
SYN-0004211,Cardiology,89,2025-09-08T03:29,2025-09-08T04:26,2025-09-08T05:46,57,137
SYN-0004212,Orthopedics,83,2025-03-15T20:18,2025-03-15T20:57,2025-03-15T22:05,39,107
SYN-0004213,General Medicine,94,2025-12-25T23:39,2025-12-25T23:59,2025-12-26T02:45,20,186
SYN-0004214,General Medicine,36,2025-10-24T18:41,2025-10-24T19:16,2025-10-24T22:55,35,254
SYN-0004215,Cardiology,51,2025-10-04T21:38,2025-10-04T22:22,2025-10-04T23:28,44,110
SYN-0004216,Cardiology,35,2025-06-24T08:12,2025-06-24T08:42,2025-06-24T10:53,30,161
SYN-0004217,Orthopedics,25,2025-09-24T05:54,2025-09-24T06:57,2025-09-24T08:14,63,140
SYN-0004218,Orthopedics,49,2025-06-13T18:38,2025-06-13T19:51,2025-06-13T21:21,73,163
SYN-0004219,Orthopedics,27,2025-06-25T09:46,2025-06-25T10:16,2025-06-25T10:54,30,68
SYN-0004220,Emergency,85,2025-09-24T09:35,2025-09-24T12:45,2025-09-24T20:22,190,647
SYN-0004221,Imaging,52,2025-09-30T05:42,2025-09-30T06:38,2025-09-30T06:56,56,74
SYN-0004222,Orthopedics,90,2025-10-12T06:48,2025-10-12T08:43,2025-10-12T11:12,115,264
SYN-0004223,Orthopedics,69,2025-11-27T06:02,2025-11-27T07:10,2025-11-27T09:04,68,182
SYN-0004224,General Medicine,43,2025-09-02T07:20,2025-09-02T08:38,2025-09-02T12:12,78,292
SYN-0004225,Orthopedics,90,2025-09-27T22:46,2025-09-27T23:21,2025-09-28T01:42,35,176
SYN-0004226,Imaging,94,2025-10-09T13:21,2025-10-09T14:00,2025-10-09T15:05,39,104
SYN-0004227,General Medicine,73,2025-02-16T07:10,2025-02-16T08:57,2025-02-16T12:53,107,343
SYN-0004228,Cardiology,40,2025-02-27T13:59,2025-02-27T14:39,2025-02-27T15:56,40,117
SYN-0004229,Orthopedics,86,2025-01-17T02:40,2025-01-17T03:21,2025-01-17T05:25,41,165
SYN-0004230,Emergency,83,2025-08-12T01:50,2025-08-12T04:26,2025-08-12T07:46,156,356
SYN-0004231,Emergency,69,2025-05-15T23:29,2025-05-16T03:07,2025-05-16T06:31,218,422
SYN-0004232,General Medicine,91,2025-09-28T07:27,2025-09-28T08:13,2025-09-28T10:05,46,158
SYN-0004233,Imaging,41,2025-11-22T06:22,2025-11-22T07:17,2025-11-22T08:10,55,108
SYN-0004234,Emergency,76,2025-01-10T20:44,2025-01-11T00:32,2025-01-11T03:04,228,380
SYN-0004235,Orthopedics,93,2025-09-25T22:15,2025-09-25T22:37,2025-09-26T00:08,22,113
SYN-0004236,Emergency,33,2025-10-08T04:58,2025-10-08T06:16,2025-10-08T08:18,78,200
SYN-0004237,Orthopedics,49,2025-05-23T07:05,2025-05-23T07:16,2025-05-23T08:53,11,108
SYN-0004238,Cardiology,58,2025-08-08T04:18,2025-08-08T05:16,2025-08-08T06:30,58,132
SYN-0004239,Orthopedics,90,2025-11-26T17:20,2025-11-26T17:52,2025-11-26T18:36,32,76
SYN-0004240,Imaging,31,2025-06-14T13:43,2025-06-14T14:16,2025-06-14T15:29,33,106
SYN-0004241,Emergency,81,2025-03-30T19:47,2025-03-30T20:04,2025-03-31T01:07,17,320
SYN-0004242,General Medicine,33,2025-04-14T11:10,2025-04-14T12:51,2025-04-14T14:03,101,173
SYN-0004243,Emergency,29,2025-11-22T05:29,2025-11-22T07:13,2025-11-22T13:56,104,507
SYN-0004244,General Medicine,44,2025-04-24T21:36,2025-04-24T22:57,2025-04-25T00:48,81,192
SYN-0004245,Orthopedics,73,2025-05-09T07:38,2025-05-09T09:27,2025-05-09T11:08,109,210
SYN-0004246,General Medicine,81,2025-07-14T11:11,2025-07-14T13:18,2025-07-14T14:54,127,223
SYN-0004247,Emergency,38,2025-05-22T06:19,2025-05-22T06:57,2025-05-22T11:41,38,322
SYN-0004248,Emergency,61,2025-10-27T05:23,2025-10-27T08:30,2025-10-27T13:30,187,487
SYN-0004249,Cardiology,75,2025-12-04T00:00,2025-12-04T00:33,2025-12-04T03:11,33,191
SYN-0004250,Cardiology,59,2025-10-19T11:50,2025-10-19T13:08,2025-10-19T15:43,78,233
SYN-0004251,Imaging,18,2025-12-07T19:25,2025-12-07T19:54,2025-12-07T20:33,29,68
SYN-0004252,Emergency,63,2025-02-03T23:06,2025-02-04T00:27,2025-02-04T01:28,81,142
SYN-0004253,Cardiology,65,2025-01-18T21:40,2025-01-18T22:41,2025-01-18T23:42,61,122
SYN-0004254,Orthopedics,22,2025-02-03T05:26,2025-02-03T06:54,2025-02-03T09:36,88,250
SYN-0004255,Emergency,34,2025-05-10T17:56,2025-05-10T18:44,2025-05-10T23:21,48,325
SYN-0004256,Emergency,77,2025-08-21T20:42,2025-08-21T22:11,2025-08-22T00:16,89,214
SYN-0004257,Cardiology,95,2025-01-20T06:35,2025-01-20T06:55,2025-01-20T09:28,20,173
SYN-0004258,Orthopedics,45,2025-03-31T20:53,2025-03-31T21:27,2025-04-01T00:23,34,210
SYN-0004259,Imaging,39,2025-12-26T23:51,2025-12-27T01:03,2025-12-27T01:29,72,98
SYN-0004260,Emergency,66,2025-05-25T06:19,2025-05-25T07:19,2025-05-25T08:51,60,152
SYN-0004261,General Medicine,84,2025-04-23T06:23,2025-04-23T08:01,2025-04-23T10:00,98,217
SYN-0004262,Imaging,91,2025-05-16T19:05,2025-05-16T19:32,2025-05-16T19:50,27,45
SYN-0004263,Imaging,65,2025-04-04T01:49,2025-04-04T02:25,2025-04-04T03:24,36,95
SYN-0004264,General Medicine,48,2025-06-05T06:05,2025-06-05T07:45,2025-06-05T11:03,100,298
SYN-0004265,Cardiology,47,2025-11-19T08:38,2025-11-19T09:04,2025-11-19T10:27,26,109
SYN-0004266,General Medicine,18,2025-05-07T22:13,2025-05-07T23:11,2025-05-08T01:54,58,221
SYN-0004267,Orthopedics,63,2025-06-11T16:46,2025-06-11T17:37,2025-06-11T20:08,51,202
SYN-0004268,Cardiology,72,2025-11-05T04:25,2025-11-05T04:46,2025-11-05T06:29,21,124
SYN-0004269,Emergency,78,2025-01-26T07:26,2025-01-26T09:45,2025-01-26T13:14,139,348
SYN-0004270,Imaging,23,2025-12-01T07:36,2025-12-01T07:52,2025-12-01T08:13,16,37
SYN-0004271,General Medicine,33,2025-12-29T12:16,2025-12-29T13:13,2025-12-29T15:22,57,186
SYN-0004272,General Medicine,22,2025-10-05T12:46,2025-10-05T13:36,2025-10-05T14:57,50,131
SYN-0004273,Emergency,37,2025-04-01T18:57,2025-04-01T19:10,2025-04-01T23:51,13,294
SYN-0004274,Imaging,89,2025-06-11T20:17,2025-06-11T20:34,2025-06-11T21:34,17,77
SYN-0004275,General Medicine,81,2025-03-07T06:34,2025-03-07T07:30,2025-03-07T11:00,56,266
SYN-0004276,Imaging,69,2025-07-08T01:36,2025-07-08T02:14,2025-07-08T03:37,38,121
SYN-0004277,Imaging,51,2025-11-19T07:16,2025-11-19T07:46,2025-11-19T08:42,30,86
SYN-0004278,Cardiology,37,2025-06-07T18:56,2025-06-07T19:19,2025-06-07T20:57,23,121
SYN-0004279,Cardiology,31,2025-01-13T07:07,2025-01-13T07:32,2025-01-13T10:27,25,200
SYN-0004280,General Medicine,62,2025-04-23T02:47,2025-04-23T04:11,2025-04-23T05:45,84,178
SYN-0004281,General Medicine,40,2025-05-15T01:56,2025-05-15T02:45,2025-05-15T06:18,49,262
SYN-0004282,Orthopedics,41,2025-10-02T13:01,2025-10-02T13:57,2025-10-02T14:41,56,100
SYN-0004283,General Medicine,24,2025-09-28T14:01,2025-09-28T15:37,2025-09-28T17:01,96,180
SYN-0004284,Imaging,26,2025-06-28T03:25,2025-06-28T04:01,2025-06-28T05:17,36,112
SYN-0004285,Emergency,68,2025-07-17T17:47,2025-07-17T20:13,2025-07-17T21:11,146,204
SYN-0004286,Imaging,18,2025-06-22T01:53,2025-06-22T02:33,2025-06-22T03:01,40,68
SYN-0004287,Imaging,33,2025-08-11T00:20,2025-08-11T01:05,2025-08-11T01:49,45,89
SYN-0004288,General Medicine,27,2025-01-10T20:50,2025-01-10T22:22,2025-01-10T23:30,92,160
SYN-0004289,Cardiology,25,2025-10-20T05:05,2025-10-20T05:59,2025-10-20T07:28,54,143
SYN-0004290,General Medicine,47,2025-10-18T18:12,2025-10-18T19:35,2025-10-18T22:54,83,282
SYN-0004291,General Medicine,67,2025-09-24T01:23,2025-09-24T03:34,2025-09-24T06:52,131,329
SYN-0004292,Emergency,78,2025-07-21T14:17,2025-07-21T15:47,2025-07-21T22:31,90,494
SYN-0004293,Emergency,90,2025-07-03T02:00,2025-07-03T03:42,2025-07-03T06:55,102,295
SYN-0004294,Emergency,65,2025-02-19T00:01,2025-02-19T03:35,2025-02-19T05:34,214,333
SYN-0004295,Emergency,27,2025-07-14T21:50,2025-07-14T23:49,2025-07-15T06:27,119,517
SYN-0004296,Emergency,60,2025-09-07T04:44,2025-09-07T07:18,2025-09-07T14:20,154,576
SYN-0004297,Imaging,91,2025-03-08T12:00,2025-03-08T12:39,2025-03-08T12:56,39,56
SYN-0004298,Imaging,75,2025-08-22T18:35,2025-08-22T19:07,2025-08-22T20:37,32,122
SYN-0004299,General Medicine,25,2025-05-15T14:42,2025-05-15T16:59,2025-05-15T19:00,137,258
SYN-0004300,Imaging,50,2025-01-14T05:22,2025-01-14T05:27,2025-01-14T05:59,5,37
SYN-0004301,Cardiology,27,2025-01-11T20:33,2025-01-11T21:33,2025-01-11T22:58,60,145
SYN-0004302,General Medicine,29,2025-04-09T23:59,2025-04-10T02:16,2025-04-10T03:10,137,191
SYN-0004303,Cardiology,91,2025-05-27T22:27,2025-05-27T23:11,2025-05-28T00:14,44,107
SYN-0004304,Cardiology,86,2025-12-03T23:16,2025-12-04T00:16,2025-12-04T02:44,60,208
SYN-0004305,General Medicine,90,2025-01-27T11:00,2025-01-27T13:06,2025-01-27T15:19,126,259
SYN-0004306,General Medicine,39,2025-02-24T00:37,2025-02-24T02:48,2025-02-24T04:13,131,216
SYN-0004307,Imaging,28,2025-06-18T10:41,2025-06-18T11:48,2025-06-18T13:04,67,143
SYN-0004308,General Medicine,67,2025-11-15T19:58,2025-11-15T20:55,2025-11-15T21:58,57,120
SYN-0004309,Emergency,87,2025-12-12T23:55,2025-12-13T02:02,2025-12-13T05:25,127,330
SYN-0004310,Imaging,91,2025-06-01T11:08,2025-06-01T11:58,2025-06-01T12:43,50,95
SYN-0004311,Orthopedics,66,2025-03-08T18:29,2025-03-08T18:59,2025-03-08T19:58,30,89
SYN-0004312,Orthopedics,83,2025-01-23T11:37,2025-01-23T12:21,2025-01-23T13:39,44,122
SYN-0004313,General Medicine,33,2025-06-19T19:01,2025-06-19T20:36,2025-06-19T21:52,95,171
SYN-0004314,Cardiology,93,2025-03-30T03:31,2025-03-30T03:41,2025-03-30T05:06,10,95
SYN-0004315,Emergency,62,2025-01-18T03:01,2025-01-18T04:41,2025-01-18T12:22,100,561
SYN-0004316,Imaging,90,2025-07-25T22:05,2025-07-25T22:58,2025-07-25T23:47,53,102
SYN-0004317,Imaging,24,2025-01-06T00:22,2025-01-06T01:03,2025-01-06T02:19,41,117
SYN-0004318,Emergency,68,2025-12-05T01:39,2025-12-05T02:24,2025-12-05T06:29,45,290
SYN-0004319,Orthopedics,81,2025-11-13T22:41,2025-11-13T23:25,2025-11-14T02:14,44,213
SYN-0004320,Imaging,93,2025-11-23T02:19,2025-11-23T03:02,2025-11-23T04:30,43,131
SYN-0004321,Imaging,43,2025-11-02T16:21,2025-11-02T17:05,2025-11-02T17:31,44,70
SYN-0004322,Imaging,50,2025-01-25T14:15,2025-01-25T15:04,2025-01-25T16:13,49,118
SYN-0004323,Orthopedics,49,2025-10-24T03:42,2025-10-24T03:51,2025-10-24T04:26,9,44
SYN-0004324,Orthopedics,43,2025-12-09T10:23,2025-12-09T11:08,2025-12-09T12:34,45,131
SYN-0004325,Emergency,52,2025-10-09T03:57,2025-10-09T06:37,2025-10-09T13:25,160,568
SYN-0004326,General Medicine,77,2025-05-16T18:49,2025-05-16T20:48,2025-05-16T23:55,119,306
SYN-0004327,Imaging,35,2025-09-18T18:08,2025-09-18T18:23,2025-09-18T18:52,15,44
SYN-0004328,General Medicine,44,2025-08-22T19:33,2025-08-22T21:20,2025-08-22T22:47,107,194
SYN-0004329,Emergency,19,2025-12-06T07:05,2025-12-06T10:12,2025-12-06T13:51,187,406
SYN-0004330,Cardiology,38,2025-03-22T04:31,2025-03-22T05:23,2025-03-22T07:37,52,186
SYN-0004331,General Medicine,44,2025-10-29T02:52,2025-10-29T03:43,2025-10-29T06:11,51,199
SYN-0004332,Imaging,58,2025-02-27T01:29,2025-02-27T02:12,2025-02-27T02:57,43,88
SYN-0004333,General Medicine,68,2025-09-02T05:31,2025-09-02T06:55,2025-09-02T09:39,84,248
SYN-0004334,Orthopedics,49,2025-11-13T11:36,2025-11-13T12:17,2025-11-13T14:32,41,176
SYN-0004335,Orthopedics,46,2025-08-01T17:51,2025-08-01T18:38,2025-08-01T20:15,47,144
SYN-0004336,Orthopedics,57,2025-02-23T03:39,2025-02-23T05:14,2025-02-23T06:49,95,190
SYN-0004337,General Medicine,95,2025-06-28T02:29,2025-06-28T03:10,2025-06-28T05:21,41,172
SYN-0004338,Cardiology,54,2025-11-25T07:52,2025-11-25T08:30,2025-11-25T10:25,38,153
SYN-0004339,Cardiology,51,2025-10-26T11:50,2025-10-26T13:08,2025-10-26T15:02,78,192
SYN-0004340,Emergency,36,2025-05-05T18:20,2025-05-05T20:44,2025-05-06T03:42,144,562
SYN-0004341,Cardiology,71,2025-12-31T10:56,2025-12-31T11:07,2025-12-31T13:16,11,140
SYN-0004342,Cardiology,91,2025-06-09T03:01,2025-06-09T04:23,2025-06-09T07:10,82,249
SYN-0004343,General Medicine,30,2025-07-16T07:45,2025-07-16T10:08,2025-07-16T13:07,143,322
SYN-0004344,Cardiology,91,2025-01-06T19:23,2025-01-06T19:48,2025-01-06T20:59,25,96
SYN-0004345,Imaging,32,2025-05-07T05:17,2025-05-07T05:38,2025-05-07T06:00,21,43
SYN-0004346,Imaging,56,2025-08-26T23:39,2025-08-26T23:49,2025-08-27T01:05,10,86
SYN-0004347,General Medicine,70,2025-07-29T00:49,2025-07-29T02:28,2025-07-29T03:47,99,178
SYN-0004348,Orthopedics,34,2025-04-07T01:19,2025-04-07T02:07,2025-04-07T04:37,48,198
SYN-0004349,Emergency,56,2025-02-01T05:55,2025-02-01T07:07,2025-02-01T07:42,72,107
SYN-0004350,Orthopedics,66,2025-08-10T15:32,2025-08-10T16:49,2025-08-10T19:09,77,217
SYN-0004351,Emergency,90,2025-06-12T17:00,2025-06-12T17:47,2025-06-13T00:27,47,447
SYN-0004352,Emergency,63,2025-04-13T23:45,2025-04-14T03:25,2025-04-14T04:09,220,264
SYN-0004353,Emergency,44,2025-03-25T14:15,2025-03-25T14:59,2025-03-25T22:07,44,472
SYN-0004354,Imaging,85,2025-09-17T09:43,2025-09-17T10:30,2025-09-17T11:35,47,112
SYN-0004355,General Medicine,92,2025-08-29T20:34,2025-08-29T22:24,2025-08-29T23:42,110,188
SYN-0004356,Orthopedics,89,2025-01-02T16:29,2025-01-02T17:54,2025-01-02T20:24,85,235
SYN-0004357,Imaging,26,2025-06-09T00:49,2025-06-09T01:04,2025-06-09T02:32,15,103
SYN-0004358,Orthopedics,42,2025-08-06T05:57,2025-08-06T07:32,2025-08-06T09:34,95,217
SYN-0004359,Orthopedics,67,2025-10-16T18:11,2025-10-16T19:45,2025-10-16T21:38,94,207
SYN-0004360,Cardiology,87,2025-06-12T06:06,2025-06-12T06:21,2025-06-12T07:24,15,78
SYN-0004361,General Medicine,55,2025-05-30T01:27,2025-05-30T03:11,2025-05-30T03:53,104,146
SYN-0004362,Cardiology,35,2025-04-25T17:45,2025-04-25T18:14,2025-04-25T20:43,29,178
SYN-0004363,Emergency,57,2025-05-22T22:10,2025-05-23T01:59,2025-05-23T04:36,229,386
SYN-0004364,Imaging,70,2025-07-13T01:21,2025-07-13T02:03,2025-07-13T02:41,42,80
SYN-0004365,Cardiology,56,2025-01-14T15:05,2025-01-14T16:33,2025-01-14T17:45,88,160
SYN-0004366,Cardiology,82,2025-10-30T16:37,2025-10-30T18:06,2025-10-30T20:46,89,249
SYN-0004367,Imaging,88,2025-01-24T18:56,2025-01-24T20:10,2025-01-24T20:28,74,92
SYN-0004368,Orthopedics,66,2025-07-24T07:29,2025-07-24T09:04,2025-07-24T10:10,95,161
SYN-0004369,General Medicine,80,2025-03-07T07:06,2025-03-07T07:28,2025-03-07T08:37,22,91
SYN-0004370,Imaging,51,2025-12-06T04:43,2025-12-06T05:24,2025-12-06T05:47,41,64
SYN-0004371,Cardiology,58,2025-06-01T08:15,2025-06-01T08:24,2025-06-01T10:26,9,131
SYN-0004372,Emergency,24,2025-09-24T23:01,2025-09-24T23:50,2025-09-25T02:16,49,195
SYN-0004373,Cardiology,68,2025-11-04T09:09,2025-11-04T09:34,2025-11-04T11:30,25,141
SYN-0004374,Orthopedics,38,2025-09-03T05:33,2025-09-03T06:01,2025-09-03T08:25,28,172
SYN-0004375,Cardiology,47,2025-04-22T15:25,2025-04-22T15:55,2025-04-22T17:14,30,109
SYN-0004376,Emergency,60,2025-04-08T21:32,2025-04-08T22:16,2025-04-08T22:54,44,82
SYN-0004377,Imaging,19,2025-05-29T20:20,2025-05-29T20:38,2025-05-29T21:20,18,60
SYN-0004378,Cardiology,50,2025-05-24T15:31,2025-05-24T15:38,2025-05-24T17:19,7,108
SYN-0004379,Imaging,33,2025-02-19T07:30,2025-02-19T08:34,2025-02-19T09:45,64,135
SYN-0004380,Imaging,74,2025-01-08T19:06,2025-01-08T20:09,2025-01-08T21:10,63,124
SYN-0004381,Imaging,58,2025-09-10T22:47,2025-09-10T23:10,2025-09-11T00:26,23,99
SYN-0004382,Cardiology,65,2025-07-22T10:17,2025-07-22T10:29,2025-07-22T11:58,12,101
SYN-0004383,Cardiology,47,2025-05-07T00:07,2025-05-07T00:19,2025-05-07T01:24,12,77
SYN-0004384,General Medicine,39,2025-12-22T02:03,2025-12-22T03:19,2025-12-22T07:17,76,314
SYN-0004385,Cardiology,34,2025-07-17T05:30,2025-07-17T05:38,2025-07-17T07:18,8,108
SYN-0004386,Emergency,76,2025-08-04T13:03,2025-08-04T13:45,2025-08-04T18:51,42,348
SYN-0004387,Emergency,29,2025-01-12T22:21,2025-01-13T01:55,2025-01-13T07:22,214,541
SYN-0004388,Imaging,55,2025-04-07T09:54,2025-04-07T10:19,2025-04-07T10:54,25,60
SYN-0004389,Emergency,74,2025-02-12T14:10,2025-02-12T18:05,2025-02-12T21:46,235,456
SYN-0004390,Imaging,31,2025-12-03T19:59,2025-12-03T20:37,2025-12-03T22:01,38,122
SYN-0004391,Imaging,70,2025-07-09T15:41,2025-07-09T16:49,2025-07-09T17:45,68,124
SYN-0004392,Emergency,51,2025-05-14T04:00,2025-05-14T06:49,2025-05-14T14:01,169,601
SYN-0004393,Emergency,86,2025-06-15T13:55,2025-06-15T15:43,2025-06-15T19:17,108,322
SYN-0004394,Imaging,61,2025-04-19T00:23,2025-04-19T00:47,2025-04-19T02:02,24,99
SYN-0004395,General Medicine,58,2025-04-24T06:27,2025-04-24T06:53,2025-04-24T08:09,26,102
SYN-0004396,General Medicine,67,2025-09-07T22:35,2025-09-07T22:55,2025-09-08T02:50,20,255
SYN-0004397,Imaging,82,2025-07-05T11:35,2025-07-05T12:48,2025-07-05T13:39,73,124
SYN-0004398,Cardiology,42,2025-07-01T09:24,2025-07-01T10:00,2025-07-01T12:49,36,205
SYN-0004399,Imaging,34,2025-03-14T14:54,2025-03-14T15:08,2025-03-14T15:46,14,52
SYN-0004400,Emergency,85,2025-03-28T19:37,2025-03-28T20:09,2025-03-28T21:03,32,86
SYN-0004401,Imaging,62,2025-06-21T15:15,2025-06-21T16:25,2025-06-21T16:45,70,90
SYN-0004402,General Medicine,27,2025-02-06T09:45,2025-02-06T11:41,2025-02-06T15:37,116,352
SYN-0004403,Imaging,22,2025-08-01T03:40,2025-08-01T03:51,2025-08-01T05:08,11,88
SYN-0004404,Cardiology,31,2025-09-14T16:45,2025-09-14T18:06,2025-09-14T19:29,81,164
SYN-0004405,General Medicine,40,2025-09-16T11:22,2025-09-16T12:36,2025-09-16T16:03,74,281
SYN-0004406,General Medicine,81,2025-03-21T15:45,2025-03-21T17:16,2025-03-21T20:54,91,309
SYN-0004407,Emergency,81,2025-04-14T11:27,2025-04-14T12:21,2025-04-14T14:20,54,173
SYN-0004408,Imaging,89,2025-06-10T10:13,2025-06-10T10:50,2025-06-10T11:36,37,83
SYN-0004409,Imaging,64,2025-01-16T15:06,2025-01-16T15:34,2025-01-16T16:09,28,63
SYN-0004410,Orthopedics,66,2025-03-24T06:35,2025-03-24T06:59,2025-03-24T08:05,24,90
SYN-0004411,Cardiology,93,2025-07-09T19:35,2025-07-09T20:28,2025-07-09T22:35,53,180
SYN-0004412,Imaging,87,2025-01-02T02:20,2025-01-02T02:49,2025-01-02T03:28,29,68
SYN-0004413,Cardiology,56,2025-08-03T09:29,2025-08-03T09:59,2025-08-03T11:58,30,149
SYN-0004414,Imaging,83,2025-12-30T10:19,2025-12-30T10:26,2025-12-30T11:20,7,61
SYN-0004415,General Medicine,77,2025-07-17T07:24,2025-07-17T08:58,2025-07-17T09:31,94,127
SYN-0004416,Emergency,65,2025-01-08T12:25,2025-01-08T16:00,2025-01-08T17:55,215,330
SYN-0004417,General Medicine,27,2025-09-12T09:31,2025-09-12T11:17,2025-09-12T15:03,106,332
SYN-0004418,General Medicine,81,2025-11-23T08:46,2025-11-23T10:16,2025-11-23T11:34,90,168
SYN-0004419,Orthopedics,72,2025-10-17T06:38,2025-10-17T08:02,2025-10-17T09:18,84,160
SYN-0004420,Cardiology,47,2025-10-29T13:10,2025-10-29T13:35,2025-10-29T15:41,25,151
SYN-0004421,Orthopedics,78,2025-12-29T15:19,2025-12-29T15:47,2025-12-29T18:12,28,173
SYN-0004422,Orthopedics,63,2025-04-27T12:31,2025-04-27T14:17,2025-04-27T15:30,106,179
SYN-0004423,General Medicine,28,2025-11-01T15:23,2025-11-01T16:12,2025-11-01T16:46,49,83
SYN-0004424,Imaging,36,2025-03-02T23:01,2025-03-02T23:50,2025-03-03T01:14,49,133
SYN-0004425,General Medicine,91,2025-09-26T14:44,2025-09-26T15:28,2025-09-26T16:05,44,81
SYN-0004426,Cardiology,27,2025-03-27T05:10,2025-03-27T05:34,2025-03-27T07:32,24,142
SYN-0004427,Orthopedics,23,2025-06-09T00:13,2025-06-09T02:08,2025-06-09T04:23,115,250
SYN-0004428,Cardiology,92,2025-08-18T23:05,2025-08-19T00:25,2025-08-19T02:31,80,206
SYN-0004429,Imaging,77,2025-06-27T22:33,2025-06-27T23:07,2025-06-28T00:17,34,104
SYN-0004430,Cardiology,55,2025-05-06T12:13,2025-05-06T13:40,2025-05-06T16:09,87,236
SYN-0004431,Cardiology,27,2025-10-02T12:15,2025-10-02T12:25,2025-10-02T15:00,10,165
SYN-0004432,Orthopedics,88,2025-01-20T17:02,2025-01-20T18:31,2025-01-20T20:07,89,185
SYN-0004433,Orthopedics,31,2025-05-30T02:29,2025-05-30T02:46,2025-05-30T04:05,17,96
SYN-0004434,Cardiology,52,2025-02-01T18:07,2025-02-01T19:35,2025-02-01T20:30,88,143
SYN-0004435,General Medicine,26,2025-04-25T08:22,2025-04-25T10:48,2025-04-25T12:15,146,233
SYN-0004436,Emergency,30,2025-04-21T13:35,2025-04-21T14:30,2025-04-21T22:15,55,520
SYN-0004437,Cardiology,83,2025-08-04T14:14,2025-08-04T14:28,2025-08-04T16:48,14,154
SYN-0004438,Emergency,73,2025-04-22T21:17,2025-04-23T00:29,2025-04-23T04:09,192,412
SYN-0004439,General Medicine,69,2025-12-30T17:27,2025-12-30T19:23,2025-12-30T22:10,116,283
SYN-0004440,Orthopedics,92,2025-03-17T17:12,2025-03-17T19:11,2025-03-17T19:43,119,151
SYN-0004441,Emergency,89,2025-07-10T21:17,2025-07-10T23:42,2025-07-11T02:59,145,342
SYN-0004442,General Medicine,57,2025-08-14T05:28,2025-08-14T05:52,2025-08-14T08:01,24,153
SYN-0004443,Cardiology,40,2025-10-10T17:27,2025-10-10T17:32,2025-10-10T18:27,5,60
SYN-0004444,General Medicine,85,2025-11-19T00:46,2025-11-19T03:04,2025-11-19T05:41,138,295
SYN-0004445,Imaging,67,2025-08-27T07:50,2025-08-27T08:26,2025-08-27T09:21,36,91
SYN-0004446,Imaging,33,2025-08-15T07:29,2025-08-15T08:10,2025-08-15T09:16,41,107
SYN-0004447,General Medicine,45,2025-04-05T03:42,2025-04-05T05:43,2025-04-05T09:18,121,336
SYN-0004448,Orthopedics,36,2025-03-23T09:43,2025-03-23T11:12,2025-03-23T12:28,89,165
SYN-0004449,Imaging,42,2025-02-24T16:31,2025-02-24T16:54,2025-02-24T17:31,23,60
SYN-0004450,Cardiology,23,2025-02-16T13:50,2025-02-16T13:57,2025-02-16T16:00,7,130
SYN-0004451,Orthopedics,32,2025-06-07T23:37,2025-06-08T00:02,2025-06-08T01:36,25,119
SYN-0004452,Orthopedics,29,2025-03-23T11:53,2025-03-23T13:31,2025-03-23T16:05,98,252
SYN-0004453,Imaging,93,2025-10-23T19:45,2025-10-23T20:47,2025-10-23T21:21,62,96
SYN-0004454,General Medicine,38,2025-03-12T07:04,2025-03-12T08:25,2025-03-12T11:22,81,258
SYN-0004455,General Medicine,25,2025-01-15T11:49,2025-01-15T12:49,2025-01-15T13:47,60,118
SYN-0004456,Cardiology,20,2025-10-26T10:08,2025-10-26T11:08,2025-10-26T13:41,60,213
SYN-0004457,Cardiology,62,2025-01-04T22:04,2025-01-04T22:09,2025-01-04T23:09,5,65
SYN-0004458,Cardiology,87,2025-05-21T19:45,2025-05-21T20:10,2025-05-21T22:21,25,156
SYN-0004459,Imaging,59,2025-01-03T19:15,2025-01-03T19:44,2025-01-03T20:11,29,56
SYN-0004460,Emergency,52,2025-05-11T16:17,2025-05-11T17:50,2025-05-12T01:14,93,537
SYN-0004461,Cardiology,63,2025-01-02T09:23,2025-01-02T10:35,2025-01-02T12:20,72,177
SYN-0004462,General Medicine,90,2025-05-05T10:58,2025-05-05T11:49,2025-05-05T14:05,51,187
SYN-0004463,General Medicine,68,2025-11-25T11:34,2025-11-25T11:59,2025-11-25T12:44,25,70
SYN-0004464,General Medicine,73,2025-11-30T01:26,2025-11-30T03:26,2025-11-30T04:37,120,191
SYN-0004465,Cardiology,82,2025-05-31T14:15,2025-05-31T14:49,2025-05-31T16:19,34,124
SYN-0004466,General Medicine,45,2025-05-29T10:28,2025-05-29T12:16,2025-05-29T15:38,108,310
SYN-0004467,Imaging,32,2025-09-02T19:54,2025-09-02T20:51,2025-09-02T21:16,57,82
SYN-0004468,General Medicine,76,2025-10-17T13:25,2025-10-17T15:18,2025-10-17T16:33,113,188
SYN-0004469,Emergency,31,2025-08-10T21:04,2025-08-10T22:17,2025-08-11T02:29,73,325
SYN-0004470,Emergency,82,2025-04-23T21:44,2025-04-23T22:13,2025-04-24T00:20,29,156
SYN-0004471,Cardiology,30,2025-04-21T22:35,2025-04-21T23:05,2025-04-22T00:47,30,132
SYN-0004472,General Medicine,62,2025-06-12T23:17,2025-06-13T01:37,2025-06-13T05:14,140,357
SYN-0004473,Cardiology,59,2025-12-14T05:55,2025-12-14T06:59,2025-12-14T08:00,64,125
SYN-0004474,Emergency,67,2025-12-25T23:56,2025-12-26T01:49,2025-12-26T06:25,113,389
SYN-0004475,Emergency,65,2025-11-04T15:34,2025-11-04T18:30,2025-11-04T19:22,176,228
SYN-0004476,General Medicine,52,2025-03-15T03:30,2025-03-15T04:22,2025-03-15T04:53,52,83
SYN-0004477,Cardiology,95,2025-12-07T02:58,2025-12-07T03:12,2025-12-07T04:29,14,91
SYN-0004478,Imaging,82,2025-12-02T10:20,2025-12-02T11:17,2025-12-02T11:46,57,86
SYN-0004479,Emergency,92,2025-11-02T02:32,2025-11-02T04:12,2025-11-02T09:45,100,433
SYN-0004480,General Medicine,62,2025-08-06T15:48,2025-08-06T17:01,2025-08-06T19:49,73,241
SYN-0004481,Imaging,68,2025-04-20T17:14,2025-04-20T17:41,2025-04-20T17:58,27,44
SYN-0004482,Imaging,39,2025-10-07T23:08,2025-10-08T00:00,2025-10-08T01:06,52,118
SYN-0004483,General Medicine,35,2025-03-10T14:16,2025-03-10T15:56,2025-03-10T18:53,100,277
SYN-0004484,Orthopedics,82,2025-08-13T07:31,2025-08-13T08:33,2025-08-13T09:55,62,144
SYN-0004485,General Medicine,46,2025-08-26T11:53,2025-08-26T12:44,2025-08-26T14:41,51,168
SYN-0004486,General Medicine,19,2025-11-13T20:53,2025-11-13T22:12,2025-11-14T01:33,79,280
SYN-0004487,Imaging,74,2025-01-17T08:46,2025-01-17T09:29,2025-01-17T10:01,43,75
SYN-0004488,Orthopedics,70,2025-04-14T22:12,2025-04-14T23:37,2025-04-15T02:08,85,236
SYN-0004489,Imaging,91,2025-11-15T20:22,2025-11-15T21:05,2025-11-15T21:28,43,66
SYN-0004490,General Medicine,89,2025-01-16T17:22,2025-01-16T19:13,2025-01-16T21:47,111,265
SYN-0004491,Emergency,57,2025-11-29T23:37,2025-11-30T02:08,2025-11-30T09:18,151,581
SYN-0004492,Imaging,91,2025-09-14T06:39,2025-09-14T07:16,2025-09-14T08:42,37,123
SYN-0004493,Orthopedics,83,2025-02-24T19:24,2025-02-24T20:20,2025-02-24T22:00,56,156
SYN-0004494,Cardiology,32,2025-08-09T02:31,2025-08-09T03:53,2025-08-09T06:47,82,256
SYN-0004495,Imaging,76,2025-07-30T10:12,2025-07-30T11:16,2025-07-30T12:02,64,110
SYN-0004496,General Medicine,92,2025-10-18T07:13,2025-10-18T08:50,2025-10-18T10:12,97,179
SYN-0004497,General Medicine,55,2025-10-05T07:19,2025-10-05T09:45,2025-10-05T10:42,146,203
SYN-0004498,General Medicine,55,2025-07-13T03:04,2025-07-13T05:30,2025-07-13T06:07,146,183
SYN-0004499,Orthopedics,19,2025-10-15T06:21,2025-10-15T06:27,2025-10-15T07:39,6,78
SYN-0004500,Orthopedics,38,2025-01-23T20:44,2025-01-23T21:10,2025-01-23T22:10,26,86
SYN-0004501,Imaging,68,2025-01-29T11:03,2025-01-29T11:25,2025-01-29T12:38,22,95
SYN-0004502,Imaging,20,2025-02-14T13:39,2025-02-14T14:21,2025-02-14T15:46,42,127
SYN-0004503,General Medicine,63,2025-07-03T23:36,2025-07-04T00:31,2025-07-04T02:10,55,154
SYN-0004504,General Medicine,18,2025-06-11T05:56,2025-06-11T06:32,2025-06-11T10:19,36,263
SYN-0004505,General Medicine,23,2025-05-19T07:41,2025-05-19T10:09,2025-05-19T13:05,148,324
SYN-0004506,Orthopedics,94,2025-06-22T13:11,2025-06-22T14:17,2025-06-22T16:05,66,174
SYN-0004507,Imaging,71,2025-09-11T03:19,2025-09-11T03:57,2025-09-11T04:25,38,66
SYN-0004508,Cardiology,65,2025-11-22T13:15,2025-11-22T13:21,2025-11-22T14:44,6,89
SYN-0004509,Emergency,23,2025-06-04T23:53,2025-06-05T00:15,2025-06-05T00:45,22,52
SYN-0004510,Orthopedics,31,2025-10-21T16:07,2025-10-21T17:44,2025-10-21T19:53,97,226
SYN-0004511,General Medicine,20,2025-05-29T01:01,2025-05-29T02:42,2025-05-29T05:57,101,296
SYN-0004512,Orthopedics,89,2025-03-12T16:47,2025-03-12T17:41,2025-03-12T19:25,54,158
SYN-0004513,Orthopedics,74,2025-05-20T12:08,2025-05-20T13:51,2025-05-20T16:45,103,277
SYN-0004514,General Medicine,90,2025-11-23T19:47,2025-11-23T21:12,2025-11-23T23:32,85,225
SYN-0004515,Emergency,20,2025-12-16T10:01,2025-12-16T12:19,2025-12-16T19:18,138,557
SYN-0004516,Emergency,71,2025-04-28T23:04,2025-04-29T01:29,2025-04-29T06:00,145,416
SYN-0004517,Emergency,72,2025-05-29T13:56,2025-05-29T14:13,2025-05-29T15:40,17,104
SYN-0004518,Orthopedics,47,2025-02-04T15:57,2025-02-04T17:55,2025-02-04T18:56,118,179
SYN-0004519,Orthopedics,34,2025-07-03T13:09,2025-07-03T13:51,2025-07-03T15:38,42,149
SYN-0004520,General Medicine,53,2025-12-19T09:36,2025-12-19T09:57,2025-12-19T12:07,21,151
SYN-0004521,Orthopedics,65,2025-10-19T21:41,2025-10-19T22:40,2025-10-20T01:33,59,232
SYN-0004522,Cardiology,36,2025-10-03T03:03,2025-10-03T03:46,2025-10-03T04:40,43,97
SYN-0004523,Cardiology,94,2025-09-08T15:12,2025-09-08T15:31,2025-09-08T17:38,19,146
SYN-0004524,Imaging,72,2025-08-18T16:28,2025-08-18T17:34,2025-08-18T18:06,66,98
SYN-0004525,Cardiology,95,2025-04-01T22:30,2025-04-01T22:58,2025-04-02T00:29,28,119
SYN-0004526,Emergency,55,2025-06-06T21:20,2025-06-06T22:54,2025-06-07T01:24,94,244
SYN-0004527,Imaging,57,2025-12-30T06:58,2025-12-30T07:06,2025-12-30T07:54,8,56
SYN-0004528,Imaging,59,2025-07-30T03:11,2025-07-30T04:05,2025-07-30T04:58,54,107
SYN-0004529,Orthopedics,59,2025-11-15T06:24,2025-11-15T07:45,2025-11-15T09:12,81,168
SYN-0004530,Cardiology,58,2025-06-14T00:04,2025-06-14T00:21,2025-06-14T02:05,17,121
SYN-0004531,Emergency,35,2025-03-01T14:10,2025-03-01T16:25,2025-03-02T00:00,135,590
SYN-0004532,Orthopedics,31,2025-06-08T20:38,2025-06-08T21:25,2025-06-08T23:24,47,166
SYN-0004533,Cardiology,49,2025-01-03T10:05,2025-01-03T11:26,2025-01-03T12:25,81,140
SYN-0004534,Imaging,26,2025-03-08T13:24,2025-03-08T13:45,2025-03-08T14:23,21,59
SYN-0004535,Imaging,81,2025-12-04T09:00,2025-12-04T09:35,2025-12-04T10:08,35,68
SYN-0004536,Cardiology,62,2025-06-29T09:48,2025-06-29T10:47,2025-06-29T12:41,59,173
SYN-0004537,General Medicine,88,2025-08-22T21:52,2025-08-22T23:24,2025-08-23T02:56,92,304
SYN-0004538,Orthopedics,39,2025-08-11T07:02,2025-08-11T07:28,2025-08-11T08:44,26,102
SYN-0004539,Orthopedics,69,2025-03-15T20:08,2025-03-15T20:30,2025-03-15T22:20,22,132
SYN-0004540,Emergency,65,2025-12-23T06:19,2025-12-23T08:37,2025-12-23T11:54,138,335
SYN-0004541,General Medicine,25,2025-02-18T11:13,2025-02-18T11:44,2025-02-18T14:08,31,175
SYN-0004542,Orthopedics,64,2025-02-04T08:14,2025-02-04T08:25,2025-02-04T11:10,11,176
SYN-0004543,Orthopedics,75,2025-07-08T02:34,2025-07-08T03:55,2025-07-08T04:48,81,134
SYN-0004544,Imaging,47,2025-12-10T10:05,2025-12-10T10:49,2025-12-10T11:38,44,93
SYN-0004545,Orthopedics,36,2025-09-17T16:25,2025-09-17T17:51,2025-09-17T19:15,86,170
SYN-0004546,Orthopedics,32,2025-08-04T09:25,2025-08-04T10:26,2025-08-04T13:11,61,226
SYN-0004547,Imaging,91,2025-08-07T15:46,2025-08-07T16:06,2025-08-07T17:06,20,80
SYN-0004548,Imaging,95,2025-07-30T17:22,2025-07-30T17:52,2025-07-30T18:40,30,78
SYN-0004549,Cardiology,80,2025-06-18T11:26,2025-06-18T11:35,2025-06-18T13:45,9,139
SYN-0004550,General Medicine,42,2025-06-11T20:01,2025-06-11T22:27,2025-06-11T23:04,146,183
SYN-0004551,Emergency,28,2025-11-03T18:29,2025-11-03T20:54,2025-11-03T23:15,145,286
SYN-0004552,Emergency,84,2025-06-24T12:06,2025-06-24T15:12,2025-06-24T17:24,186,318
SYN-0004553,General Medicine,83,2025-01-28T06:12,2025-01-28T07:08,2025-01-28T09:27,56,195
SYN-0004554,Imaging,89,2025-05-08T11:47,2025-05-08T12:56,2025-05-08T14:19,69,152
SYN-0004555,Emergency,79,2025-05-07T18:24,2025-05-07T20:04,2025-05-08T03:20,100,536
SYN-0004556,General Medicine,54,2025-01-08T00:31,2025-01-08T02:42,2025-01-08T04:02,131,211
SYN-0004557,General Medicine,26,2025-08-19T01:58,2025-08-19T03:59,2025-08-19T05:16,121,198
SYN-0004558,Orthopedics,57,2025-11-21T03:54,2025-11-21T04:22,2025-11-21T05:23,28,89
SYN-0004559,Imaging,46,2025-08-27T10:23,2025-08-27T11:09,2025-08-27T11:51,46,88
SYN-0004560,Imaging,83,2025-03-15T22:18,2025-03-15T23:28,2025-03-15T23:49,70,91
SYN-0004561,General Medicine,79,2025-11-06T08:53,2025-11-06T09:30,2025-11-06T11:31,37,158
SYN-0004562,Cardiology,81,2025-10-05T19:28,2025-10-05T20:10,2025-10-05T22:06,42,158
SYN-0004563,Emergency,66,2025-11-19T08:37,2025-11-19T11:55,2025-11-19T16:30,198,473
SYN-0004564,Cardiology,57,2025-02-17T13:16,2025-02-17T14:36,2025-02-17T17:02,80,226
SYN-0004565,Cardiology,93,2025-04-10T10:24,2025-04-10T10:55,2025-04-10T13:21,31,177
SYN-0004566,General Medicine,51,2025-11-10T02:59,2025-11-10T04:14,2025-11-10T06:20,75,201
SYN-0004567,Orthopedics,22,2025-01-22T02:41,2025-01-22T02:52,2025-01-22T05:52,11,191
SYN-0004568,Emergency,79,2025-09-05T18:53,2025-09-05T19:15,2025-09-06T00:17,22,324
SYN-0004569,Cardiology,61,2025-06-20T08:37,2025-06-20T09:55,2025-06-20T10:44,78,127
SYN-0004570,Cardiology,84,2025-10-26T06:15,2025-10-26T06:32,2025-10-26T07:38,17,83
SYN-0004571,Orthopedics,55,2025-05-04T22:28,2025-05-05T00:28,2025-05-05T02:11,120,223
SYN-0004572,Imaging,76,2025-08-05T15:54,2025-08-05T16:34,2025-08-05T17:54,40,120
SYN-0004573,General Medicine,89,2025-05-05T07:08,2025-05-05T08:52,2025-05-05T11:14,104,246
SYN-0004574,Orthopedics,91,2025-08-28T06:35,2025-08-28T08:25,2025-08-28T11:00,110,265
SYN-0004575,Orthopedics,84,2025-04-03T01:19,2025-04-03T03:00,2025-04-03T05:43,101,264
SYN-0004576,Emergency,40,2025-02-07T09:16,2025-02-07T13:01,2025-02-07T18:34,225,558
SYN-0004577,Cardiology,86,2025-12-03T23:19,2025-12-03T23:33,2025-12-04T02:10,14,171
SYN-0004578,General Medicine,56,2025-04-11T05:45,2025-04-11T06:13,2025-04-11T10:12,28,267
SYN-0004579,General Medicine,28,2025-11-26T00:42,2025-11-26T03:10,2025-11-26T04:28,148,226
SYN-0004580,Imaging,51,2025-08-06T21:45,2025-08-06T21:51,2025-08-06T22:48,6,63
SYN-0004581,Orthopedics,44,2025-07-13T14:31,2025-07-13T16:19,2025-07-13T17:14,108,163
SYN-0004582,Imaging,84,2025-10-12T21:02,2025-10-12T22:10,2025-10-12T22:45,68,103
SYN-0004583,Emergency,21,2025-06-08T11:29,2025-06-08T12:00,2025-06-08T14:03,31,154
SYN-0004584,Cardiology,73,2025-09-06T19:58,2025-09-06T21:10,2025-09-07T00:03,72,245
SYN-0004585,General Medicine,91,2025-03-01T15:35,2025-03-01T16:14,2025-03-01T20:02,39,267
SYN-0004586,Cardiology,53,2025-02-28T02:22,2025-02-28T03:45,2025-02-28T06:35,83,253
SYN-0004587,Orthopedics,91,2025-01-17T12:04,2025-01-17T13:22,2025-01-17T13:54,78,110
SYN-0004588,Cardiology,91,2025-12-07T19:04,2025-12-07T19:22,2025-12-07T22:00,18,176
SYN-0004589,Emergency,89,2025-04-18T15:06,2025-04-18T16:50,2025-04-18T20:01,104,295
SYN-0004590,Imaging,46,2025-06-01T06:16,2025-06-01T07:15,2025-06-01T08:44,59,148
SYN-0004591,Orthopedics,77,2025-01-16T01:11,2025-01-16T01:27,2025-01-16T03:17,16,126
SYN-0004592,Emergency,42,2025-08-20T20:44,2025-08-21T00:10,2025-08-21T07:48,206,664
SYN-0004593,Cardiology,33,2025-03-30T12:01,2025-03-30T12:56,2025-03-30T13:46,55,105
SYN-0004594,General Medicine,19,2025-02-28T02:57,2025-02-28T04:08,2025-02-28T07:59,71,302
SYN-0004595,Cardiology,57,2025-12-12T09:10,2025-12-12T10:23,2025-12-12T11:40,73,150
SYN-0004596,Cardiology,33,2025-09-12T13:02,2025-09-12T14:29,2025-09-12T16:34,87,212
SYN-0004597,Cardiology,85,2025-02-13T00:20,2025-02-13T01:19,2025-02-13T02:14,59,114
SYN-0004598,Orthopedics,82,2025-03-15T14:13,2025-03-15T16:03,2025-03-15T18:49,110,276
SYN-0004599,Emergency,25,2025-08-27T15:40,2025-08-27T16:00,2025-08-27T18:55,20,195
SYN-0004600,Cardiology,44,2025-12-02T17:13,2025-12-02T17:56,2025-12-02T19:35,43,142
SYN-0004601,Imaging,44,2025-12-28T07:32,2025-12-28T07:45,2025-12-28T08:43,13,71
SYN-0004602,Imaging,28,2025-11-17T07:17,2025-11-17T08:13,2025-11-17T08:45,56,88
SYN-0004603,Cardiology,90,2025-10-19T22:59,2025-10-19T23:48,2025-10-20T02:43,49,224
SYN-0004604,Cardiology,25,2025-06-26T05:09,2025-06-26T05:40,2025-06-26T07:55,31,166
SYN-0004605,Emergency,73,2025-08-23T07:06,2025-08-23T09:56,2025-08-23T13:16,170,370
SYN-0004606,Emergency,75,2025-08-01T13:18,2025-08-01T15:01,2025-08-01T20:55,103,457
SYN-0004607,Cardiology,66,2025-10-08T22:56,2025-10-08T23:12,2025-10-09T01:22,16,146
SYN-0004608,Cardiology,63,2025-05-16T09:29,2025-05-16T10:48,2025-05-16T13:37,79,248
SYN-0004609,Orthopedics,66,2025-03-15T17:40,2025-03-15T19:26,2025-03-15T20:25,106,165
SYN-0004610,Orthopedics,35,2025-02-01T00:16,2025-02-01T00:52,2025-02-01T03:02,36,166
SYN-0004611,General Medicine,41,2025-12-21T00:14,2025-12-21T01:25,2025-12-21T03:55,71,221
SYN-0004612,Imaging,66,2025-11-04T03:54,2025-11-04T04:02,2025-11-04T04:37,8,43
SYN-0004613,Imaging,55,2025-07-01T14:07,2025-07-01T14:12,2025-07-01T15:10,5,63
SYN-0004614,Cardiology,50,2025-10-03T00:58,2025-10-03T02:09,2025-10-03T03:15,71,137
SYN-0004615,Orthopedics,22,2025-02-25T17:41,2025-02-25T17:54,2025-02-25T20:09,13,148
SYN-0004616,Emergency,59,2025-12-03T07:00,2025-12-03T09:49,2025-12-03T16:15,169,555
SYN-0004617,Cardiology,51,2025-10-26T06:11,2025-10-26T06:58,2025-10-26T08:59,47,168
SYN-0004618,Emergency,42,2025-01-28T06:53,2025-01-28T08:38,2025-01-28T10:11,105,198
SYN-0004619,General Medicine,80,2025-04-09T13:44,2025-04-09T16:13,2025-04-09T16:43,149,179
SYN-0004620,Cardiology,80,2025-04-14T22:02,2025-04-14T22:08,2025-04-15T00:00,6,118
SYN-0004621,Imaging,83,2025-04-08T19:25,2025-04-08T19:56,2025-04-08T21:05,31,100
SYN-0004622,Emergency,52,2025-07-08T17:12,2025-07-08T18:29,2025-07-09T00:23,77,431
SYN-0004623,Imaging,93,2025-06-17T10:05,2025-06-17T10:24,2025-06-17T11:46,19,101
SYN-0004624,Orthopedics,91,2025-01-16T17:37,2025-01-16T19:23,2025-01-16T20:47,106,190
SYN-0004625,Imaging,69,2025-12-27T15:56,2025-12-27T16:06,2025-12-27T17:14,10,78
SYN-0004626,Orthopedics,40,2025-05-07T11:38,2025-05-07T13:11,2025-05-07T13:41,93,123
SYN-0004627,General Medicine,83,2025-07-22T14:14,2025-07-22T16:41,2025-07-22T20:26,147,372
SYN-0004628,Imaging,32,2025-09-13T07:15,2025-09-13T07:54,2025-09-13T08:49,39,94
SYN-0004629,Cardiology,80,2025-04-09T21:00,2025-04-09T21:47,2025-04-10T00:28,47,208
SYN-0004630,Emergency,20,2025-05-24T02:53,2025-05-24T04:59,2025-05-24T07:45,126,292
SYN-0004631,Imaging,31,2025-03-29T05:58,2025-03-29T07:13,2025-03-29T08:39,75,161
SYN-0004632,Imaging,57,2025-05-28T21:20,2025-05-28T21:59,2025-05-28T22:18,39,58
SYN-0004633,Cardiology,82,2025-02-17T08:03,2025-02-17T09:23,2025-02-17T12:16,80,253
SYN-0004634,Imaging,74,2025-12-09T03:58,2025-12-09T04:29,2025-12-09T05:54,31,116
SYN-0004635,Orthopedics,45,2025-06-20T10:04,2025-06-20T11:14,2025-06-20T12:40,70,156
SYN-0004636,Imaging,19,2025-11-24T07:42,2025-11-24T08:23,2025-11-24T09:38,41,116
SYN-0004637,Orthopedics,95,2025-01-07T03:18,2025-01-07T03:35,2025-01-07T05:04,17,106
SYN-0004638,Emergency,42,2025-09-12T05:04,2025-09-12T07:53,2025-09-12T09:20,169,256
SYN-0004639,General Medicine,87,2025-05-16T15:38,2025-05-16T17:35,2025-05-16T18:10,117,152
SYN-0004640,Cardiology,51,2025-09-11T21:38,2025-09-11T22:33,2025-09-11T23:52,55,134
SYN-0004641,Cardiology,39,2025-02-19T09:14,2025-02-19T09:24,2025-02-19T11:16,10,122
SYN-0004642,Cardiology,75,2025-09-17T07:17,2025-09-17T07:32,2025-09-17T08:25,15,68
SYN-0004643,Imaging,53,2025-07-15T12:55,2025-07-15T13:17,2025-07-15T13:32,22,37
SYN-0004644,Emergency,93,2025-12-27T06:20,2025-12-27T06:35,2025-12-27T07:33,15,73
SYN-0004645,Orthopedics,38,2025-06-06T14:59,2025-06-06T15:16,2025-06-06T18:10,17,191
SYN-0004646,Orthopedics,25,2025-02-24T19:40,2025-02-24T20:32,2025-02-24T22:03,52,143
SYN-0004647,General Medicine,30,2025-08-14T10:03,2025-08-14T12:16,2025-08-14T15:48,133,345
SYN-0004648,Cardiology,21,2025-12-06T01:13,2025-12-06T01:36,2025-12-06T03:31,23,138
SYN-0004649,General Medicine,50,2025-10-11T19:48,2025-10-11T21:59,2025-10-11T23:07,131,199
SYN-0004650,General Medicine,40,2025-05-14T11:57,2025-05-14T13:51,2025-05-14T15:13,114,196
SYN-0004651,Orthopedics,36,2025-08-06T09:29,2025-08-06T09:44,2025-08-06T12:20,15,171
SYN-0004652,Cardiology,45,2025-07-12T23:28,2025-07-13T00:10,2025-07-13T00:58,42,90
SYN-0004653,Cardiology,86,2025-03-20T13:22,2025-03-20T14:20,2025-03-20T15:30,58,128
SYN-0004654,General Medicine,57,2025-05-21T02:45,2025-05-21T03:08,2025-05-21T03:47,23,62
SYN-0004655,Imaging,66,2025-03-14T05:56,2025-03-14T07:08,2025-03-14T08:18,72,142
SYN-0004656,Cardiology,37,2025-01-09T17:42,2025-01-09T17:53,2025-01-09T20:39,11,177
SYN-0004657,General Medicine,25,2025-05-04T16:05,2025-05-04T17:57,2025-05-04T20:21,112,256
SYN-0004658,Cardiology,48,2025-09-02T02:24,2025-09-02T02:33,2025-09-02T03:26,9,62
SYN-0004659,Imaging,91,2025-02-21T00:42,2025-02-21T01:40,2025-02-21T02:12,58,90
SYN-0004660,Orthopedics,19,2025-01-23T16:51,2025-01-23T17:21,2025-01-23T19:35,30,164
SYN-0004661,Orthopedics,21,2025-08-16T21:52,2025-08-16T22:56,2025-08-17T01:27,64,215
SYN-0004662,Emergency,35,2025-06-27T05:38,2025-06-27T06:12,2025-06-27T10:55,34,317
SYN-0004663,Orthopedics,21,2025-01-09T23:22,2025-01-10T01:09,2025-01-10T04:03,107,281
SYN-0004664,Imaging,42,2025-03-07T03:41,2025-03-07T04:13,2025-03-07T05:27,32,106
SYN-0004665,Emergency,38,2025-05-06T00:03,2025-05-06T03:00,2025-05-06T07:21,177,438
SYN-0004666,Emergency,90,2025-10-05T04:46,2025-10-05T05:23,2025-10-05T07:37,37,171
SYN-0004667,Emergency,27,2025-12-11T03:31,2025-12-11T06:51,2025-12-11T11:41,200,490
SYN-0004668,Imaging,33,2025-05-16T04:15,2025-05-16T05:23,2025-05-16T05:56,68,101
SYN-0004669,Emergency,58,2025-07-04T20:58,2025-07-05T00:33,2025-07-05T08:04,215,666
SYN-0004670,Orthopedics,81,2025-03-23T11:09,2025-03-23T12:49,2025-03-23T15:03,100,234
SYN-0004671,Emergency,78,2025-02-19T19:25,2025-02-19T22:00,2025-02-19T23:55,155,270
SYN-0004672,Emergency,49,2025-08-12T02:36,2025-08-12T04:42,2025-08-12T07:23,126,287
SYN-0004673,Imaging,56,2025-06-14T06:20,2025-06-14T06:31,2025-06-14T07:04,11,44
SYN-0004674,Orthopedics,64,2025-05-14T17:48,2025-05-14T19:42,2025-05-14T20:45,114,177
SYN-0004675,Cardiology,36,2025-01-12T05:04,2025-01-12T05:20,2025-01-12T07:46,16,162
SYN-0004676,Orthopedics,28,2025-07-16T12:27,2025-07-16T12:55,2025-07-16T14:19,28,112
SYN-0004677,Cardiology,57,2025-07-17T18:30,2025-07-17T20:00,2025-07-17T20:49,90,139
SYN-0004678,Imaging,20,2025-10-01T16:03,2025-10-01T17:08,2025-10-01T17:46,65,103
SYN-0004679,Cardiology,58,2025-09-15T03:15,2025-09-15T03:43,2025-09-15T06:15,28,180
SYN-0004680,Emergency,70,2025-12-09T11:31,2025-12-09T12:38,2025-12-09T14:14,67,163
SYN-0004681,Emergency,89,2025-08-07T12:45,2025-08-07T15:41,2025-08-07T20:09,176,444
SYN-0004682,Emergency,62,2025-07-16T20:40,2025-07-16T23:43,2025-07-17T01:21,183,281
SYN-0004683,Orthopedics,32,2025-09-13T09:53,2025-09-13T11:12,2025-09-13T14:00,79,247
SYN-0004684,Imaging,31,2025-03-19T00:26,2025-03-19T00:35,2025-03-19T01:06,9,40
SYN-0004685,General Medicine,39,2025-03-08T04:55,2025-03-08T05:33,2025-03-08T07:24,38,149
SYN-0004686,Imaging,95,2025-07-27T22:05,2025-07-27T23:19,2025-07-28T00:25,74,140
SYN-0004687,General Medicine,89,2025-12-15T18:35,2025-12-15T20:30,2025-12-15T22:05,115,210
SYN-0004688,Imaging,45,2025-04-03T09:46,2025-04-03T10:56,2025-04-03T12:04,70,138
SYN-0004689,Imaging,82,2025-01-08T01:01,2025-01-08T01:54,2025-01-08T02:16,53,75
SYN-0004690,General Medicine,51,2025-11-29T04:26,2025-11-29T05:44,2025-11-29T07:33,78,187
SYN-0004691,Emergency,74,2025-06-18T00:08,2025-06-18T02:28,2025-06-18T09:21,140,553
SYN-0004692,General Medicine,91,2025-03-21T18:16,2025-03-21T18:48,2025-03-21T21:42,32,206
SYN-0004693,Emergency,28,2025-04-06T02:54,2025-04-06T05:09,2025-04-06T08:08,135,314
SYN-0004694,Imaging,69,2025-02-06T15:57,2025-02-06T16:40,2025-02-06T17:00,43,63
SYN-0004695,General Medicine,68,2025-05-27T19:12,2025-05-27T21:37,2025-05-28T01:37,145,385
SYN-0004696,General Medicine,47,2025-08-26T09:52,2025-08-26T10:34,2025-08-26T11:54,42,122
SYN-0004697,Orthopedics,52,2025-11-15T05:56,2025-11-15T07:10,2025-11-15T08:48,74,172
SYN-0004698,Imaging,33,2025-04-25T20:21,2025-04-25T20:31,2025-04-25T21:50,10,89
SYN-0004699,Cardiology,58,2025-10-26T17:05,2025-10-26T18:23,2025-10-26T21:23,78,258
SYN-0004700,Orthopedics,19,2025-04-18T19:05,2025-04-18T20:05,2025-04-18T21:22,60,137
SYN-0004701,Cardiology,80,2025-05-26T03:03,2025-05-26T03:16,2025-05-26T04:43,13,100
SYN-0004702,Cardiology,18,2025-08-28T11:07,2025-08-28T11:13,2025-08-28T13:29,6,142
SYN-0004703,Cardiology,20,2025-02-14T09:20,2025-02-14T09:52,2025-02-14T10:37,32,77
SYN-0004704,Emergency,49,2025-10-02T10:51,2025-10-02T13:21,2025-10-02T18:16,150,445
SYN-0004705,Orthopedics,48,2025-11-27T04:23,2025-11-27T06:03,2025-11-27T08:16,100,233
SYN-0004706,General Medicine,18,2025-01-04T12:23,2025-01-04T13:01,2025-01-04T16:07,38,224
SYN-0004707,General Medicine,33,2025-03-07T12:32,2025-03-07T14:55,2025-03-07T17:51,143,319
SYN-0004708,Orthopedics,20,2025-01-02T22:18,2025-01-02T22:38,2025-01-03T00:51,20,153
SYN-0004709,General Medicine,48,2025-04-21T21:04,2025-04-21T21:37,2025-04-21T23:45,33,161
SYN-0004710,Cardiology,92,2025-11-29T14:13,2025-11-29T15:21,2025-11-29T16:57,68,164
SYN-0004711,General Medicine,67,2025-02-02T13:42,2025-02-02T15:49,2025-02-02T19:28,127,346
SYN-0004712,Emergency,56,2025-09-03T06:40,2025-09-03T09:08,2025-09-03T16:25,148,585
SYN-0004713,General Medicine,79,2025-11-06T15:54,2025-11-06T16:25,2025-11-06T19:15,31,201
SYN-0004714,Orthopedics,24,2025-01-30T14:04,2025-01-30T14:58,2025-01-30T16:30,54,146
SYN-0004715,Emergency,46,2025-07-21T22:41,2025-07-22T01:23,2025-07-22T08:50,162,609
SYN-0004716,Cardiology,49,2025-03-12T11:22,2025-03-12T12:22,2025-03-12T13:37,60,135
SYN-0004717,Imaging,58,2025-03-04T00:19,2025-03-04T00:34,2025-03-04T01:01,15,42
SYN-0004718,Emergency,51,2025-09-26T23:23,2025-09-27T02:22,2025-09-27T08:01,179,518
SYN-0004719,Orthopedics,37,2025-08-14T00:58,2025-08-14T02:07,2025-08-14T03:13,69,135
SYN-0004720,Emergency,19,2025-07-09T03:53,2025-07-09T04:51,2025-07-09T10:46,58,413
SYN-0004721,Emergency,48,2025-08-24T21:17,2025-08-24T22:59,2025-08-25T01:13,102,236
SYN-0004722,Orthopedics,75,2025-01-22T19:47,2025-01-22T20:44,2025-01-22T22:59,57,192
SYN-0004723,Orthopedics,54,2025-07-02T07:45,2025-07-02T08:38,2025-07-02T11:35,53,230
SYN-0004724,General Medicine,74,2025-11-11T12:44,2025-11-11T14:03,2025-11-11T16:16,79,212
SYN-0004725,Cardiology,88,2025-02-12T15:24,2025-02-12T15:35,2025-02-12T16:44,11,80
SYN-0004726,Cardiology,87,2025-04-12T10:04,2025-04-12T10:43,2025-04-12T11:32,39,88
SYN-0004727,Emergency,35,2025-04-21T20:01,2025-04-21T23:07,2025-04-22T03:56,186,475
SYN-0004728,Cardiology,18,2025-07-30T10:23,2025-07-30T11:33,2025-07-30T14:12,70,229
SYN-0004729,Cardiology,85,2025-01-25T12:36,2025-01-25T13:31,2025-01-25T14:52,55,136
SYN-0004730,Orthopedics,51,2025-12-28T19:37,2025-12-28T20:46,2025-12-28T21:33,69,116
SYN-0004731,Orthopedics,47,2025-12-07T11:21,2025-12-07T13:21,2025-12-07T14:25,120,184
SYN-0004732,Orthopedics,57,2025-10-27T16:59,2025-10-27T18:25,2025-10-27T19:44,86,165
SYN-0004733,Cardiology,20,2025-11-27T21:48,2025-11-27T22:21,2025-11-28T00:34,33,166
SYN-0004734,Emergency,30,2025-04-27T02:56,2025-04-27T04:21,2025-04-27T05:35,85,159
SYN-0004735,General Medicine,31,2025-08-30T18:23,2025-08-30T19:08,2025-08-30T21:59,45,216
SYN-0004736,General Medicine,26,2025-11-01T20:50,2025-11-01T21:29,2025-11-02T00:54,39,244
SYN-0004737,Cardiology,90,2025-09-09T21:56,2025-09-09T23:21,2025-09-10T01:29,85,213
SYN-0004738,Emergency,32,2025-10-17T12:15,2025-10-17T13:38,2025-10-17T19:48,83,453
SYN-0004739,Emergency,46,2025-05-06T21:31,2025-05-06T21:56,2025-05-07T02:23,25,292
SYN-0004740,Emergency,21,2025-10-25T09:16,2025-10-25T10:33,2025-10-25T14:41,77,325
SYN-0004741,Emergency,84,2025-06-26T10:33,2025-06-26T11:04,2025-06-26T12:39,31,126
SYN-0004742,Cardiology,29,2025-01-22T13:43,2025-01-22T14:46,2025-01-22T15:53,63,130
SYN-0004743,Cardiology,26,2025-11-08T02:08,2025-11-08T02:38,2025-11-08T03:55,30,107
SYN-0004744,Orthopedics,51,2025-01-22T09:11,2025-01-22T09:27,2025-01-22T10:29,16,78
SYN-0004745,General Medicine,72,2025-12-29T10:57,2025-12-29T12:42,2025-12-29T13:14,105,137
SYN-0004746,Imaging,57,2025-07-08T06:28,2025-07-08T07:14,2025-07-08T07:57,46,89
SYN-0004747,Imaging,36,2025-05-10T09:36,2025-05-10T09:46,2025-05-10T10:40,10,64
SYN-0004748,Imaging,67,2025-08-07T08:11,2025-08-07T09:09,2025-08-07T09:52,58,101
SYN-0004749,Emergency,60,2025-03-06T03:52,2025-03-06T04:29,2025-03-06T10:17,37,385
SYN-0004750,Cardiology,44,2025-12-30T12:30,2025-12-30T12:35,2025-12-30T14:53,5,143
SYN-0004751,Orthopedics,48,2025-07-08T22:37,2025-07-08T23:44,2025-07-09T00:52,67,135
SYN-0004752,Orthopedics,80,2025-03-02T11:49,2025-03-02T13:05,2025-03-02T15:22,76,213
SYN-0004753,Imaging,58,2025-04-29T19:48,2025-04-29T21:01,2025-04-29T21:37,73,109
SYN-0004754,Emergency,76,2025-04-02T21:48,2025-04-03T01:09,2025-04-03T07:26,201,578
SYN-0004755,Cardiology,83,2025-01-03T18:17,2025-01-03T19:12,2025-01-03T21:52,55,215
SYN-0004756,Imaging,69,2025-09-13T15:36,2025-09-13T16:34,2025-09-13T17:38,58,122
SYN-0004757,Cardiology,74,2025-02-25T18:28,2025-02-25T18:49,2025-02-25T20:44,21,136
SYN-0004758,Imaging,55,2025-07-16T06:56,2025-07-16T08:10,2025-07-16T09:21,74,145
SYN-0004759,Imaging,92,2025-04-27T05:58,2025-04-27T07:02,2025-04-27T07:27,64,89
SYN-0004760,Emergency,19,2025-09-21T07:30,2025-09-21T10:23,2025-09-21T12:39,173,309
SYN-0004761,Emergency,82,2025-08-09T20:41,2025-08-09T22:36,2025-08-10T00:01,115,200
SYN-0004762,General Medicine,34,2025-04-17T00:05,2025-04-17T02:18,2025-04-17T04:05,133,240
SYN-0004763,Cardiology,57,2025-06-02T12:50,2025-06-02T13:35,2025-06-02T15:29,45,159
SYN-0004764,Emergency,66,2025-11-02T07:22,2025-11-02T08:50,2025-11-02T15:31,88,489
SYN-0004765,General Medicine,29,2025-04-20T19:41,2025-04-20T20:30,2025-04-20T21:28,49,107
SYN-0004766,Orthopedics,95,2025-07-04T01:36,2025-07-04T03:22,2025-07-04T05:42,106,246
SYN-0004767,Orthopedics,91,2025-07-06T23:31,2025-07-06T23:56,2025-07-07T01:57,25,146
SYN-0004768,Cardiology,54,2025-07-21T06:39,2025-07-21T06:46,2025-07-21T09:13,7,154
SYN-0004769,Emergency,81,2025-03-15T14:25,2025-03-15T17:51,2025-03-15T19:24,206,299
SYN-0004770,Cardiology,77,2025-04-17T20:40,2025-04-17T21:54,2025-04-17T22:59,74,139
SYN-0004771,Cardiology,57,2025-06-20T00:44,2025-06-20T00:49,2025-06-20T03:23,5,159
SYN-0004772,Cardiology,82,2025-12-31T09:52,2025-12-31T10:40,2025-12-31T12:38,48,166
SYN-0004773,Cardiology,93,2025-07-21T20:54,2025-07-21T21:07,2025-07-22T00:07,13,193
SYN-0004774,Imaging,69,2025-10-23T00:32,2025-10-23T01:45,2025-10-23T02:02,73,90
SYN-0004775,Orthopedics,30,2025-09-10T21:47,2025-09-10T23:42,2025-09-11T00:16,115,149
SYN-0004776,Emergency,38,2025-03-08T08:13,2025-03-08T08:34,2025-03-08T10:37,21,144
SYN-0004777,Orthopedics,28,2025-07-23T03:16,2025-07-23T04:00,2025-07-23T05:20,44,124
SYN-0004778,Cardiology,69,2025-03-28T06:18,2025-03-28T06:54,2025-03-28T07:46,36,88
SYN-0004779,Emergency,18,2025-11-05T15:54,2025-11-05T17:23,2025-11-05T23:05,89,431
SYN-0004780,Cardiology,82,2025-03-15T04:01,2025-03-15T05:09,2025-03-15T06:30,68,149
SYN-0004781,Imaging,38,2025-05-28T13:18,2025-05-28T13:29,2025-05-28T13:51,11,33
SYN-0004782,Emergency,94,2025-03-18T11:36,2025-03-18T14:44,2025-03-18T16:57,188,321
SYN-0004783,Imaging,28,2025-02-06T01:03,2025-02-06T02:18,2025-02-06T03:48,75,165
SYN-0004784,Emergency,19,2025-01-24T14:49,2025-01-24T18:25,2025-01-24T21:16,216,387
SYN-0004785,Cardiology,48,2025-03-27T00:48,2025-03-27T01:31,2025-03-27T04:17,43,209
SYN-0004786,Emergency,30,2025-12-28T10:54,2025-12-28T14:16,2025-12-28T20:39,202,585
SYN-0004787,General Medicine,23,2025-10-30T03:37,2025-10-30T05:46,2025-10-30T09:31,129,354
SYN-0004788,Emergency,37,2025-10-10T11:58,2025-10-10T15:54,2025-10-10T21:46,236,588
SYN-0004789,Orthopedics,30,2025-07-08T03:21,2025-07-08T04:53,2025-07-08T05:36,92,135
SYN-0004790,General Medicine,85,2025-12-06T19:27,2025-12-06T20:49,2025-12-07T00:01,82,274
SYN-0004791,Orthopedics,33,2025-01-07T20:43,2025-01-07T22:39,2025-01-08T00:42,116,239
SYN-0004792,Emergency,46,2025-09-06T02:37,2025-09-06T03:39,2025-09-06T07:53,62,316
SYN-0004793,Orthopedics,20,2025-03-28T22:18,2025-03-28T23:30,2025-03-29T00:42,72,144
SYN-0004794,Imaging,84,2025-11-20T01:10,2025-11-20T01:36,2025-11-20T03:02,26,112
SYN-0004795,Emergency,94,2025-12-07T18:34,2025-12-07T20:44,2025-12-07T22:24,130,230
SYN-0004796,Emergency,32,2025-12-07T17:59,2025-12-07T21:12,2025-12-07T23:38,193,339
SYN-0004797,Imaging,88,2025-01-21T00:25,2025-01-21T00:43,2025-01-21T01:52,18,87
SYN-0004798,General Medicine,37,2025-12-09T05:31,2025-12-09T06:09,2025-12-09T09:58,38,267
SYN-0004799,Cardiology,79,2025-07-03T00:02,2025-07-03T00:32,2025-07-03T02:55,30,173
SYN-0004800,Imaging,80,2025-05-25T03:41,2025-05-25T04:01,2025-05-25T05:24,20,103
SYN-0004801,Orthopedics,75,2025-01-30T08:36,2025-01-30T10:28,2025-01-30T11:56,112,200
SYN-0004802,Imaging,54,2025-05-13T13:44,2025-05-13T14:02,2025-05-13T14:17,18,33
SYN-0004803,General Medicine,63,2025-09-24T18:11,2025-09-24T18:24,2025-09-24T21:46,13,215
SYN-0004804,Imaging,39,2025-01-11T17:26,2025-01-11T18:35,2025-01-11T18:54,69,88
SYN-0004805,Orthopedics,35,2025-05-22T09:05,2025-05-22T10:35,2025-05-22T12:20,90,195
SYN-0004806,Cardiology,33,2025-04-29T03:51,2025-04-29T04:46,2025-04-29T06:18,55,147
SYN-0004807,Imaging,88,2025-10-06T11:23,2025-10-06T11:32,2025-10-06T12:36,9,73
SYN-0004808,Orthopedics,68,2025-07-09T00:31,2025-07-09T02:24,2025-07-09T04:50,113,259
SYN-0004809,Imaging,63,2025-11-19T04:58,2025-11-19T05:05,2025-11-19T06:09,7,71
SYN-0004810,Emergency,49,2025-03-28T05:05,2025-03-28T07:06,2025-03-28T12:53,121,468
SYN-0004811,General Medicine,29,2025-04-14T10:17,2025-04-14T12:00,2025-04-14T15:28,103,311
SYN-0004812,Orthopedics,56,2025-10-24T01:21,2025-10-24T01:33,2025-10-24T02:32,12,71
SYN-0004813,Cardiology,79,2025-01-04T05:06,2025-01-04T06:00,2025-01-04T07:03,54,117
SYN-0004814,Emergency,23,2025-09-23T00:59,2025-09-23T02:04,2025-09-23T04:15,65,196
SYN-0004815,General Medicine,54,2025-04-24T23:44,2025-04-25T01:00,2025-04-25T04:50,76,306
SYN-0004816,Cardiology,54,2025-04-10T17:26,2025-04-10T17:45,2025-04-10T19:26,19,120
SYN-0004817,General Medicine,46,2025-02-18T00:42,2025-02-18T02:06,2025-02-18T04:44,84,242
SYN-0004818,Emergency,72,2025-03-20T00:21,2025-03-20T00:33,2025-03-20T03:37,12,196
SYN-0004819,General Medicine,58,2025-01-12T06:21,2025-01-12T06:50,2025-01-12T10:48,29,267
SYN-0004820,Cardiology,65,2025-03-15T11:56,2025-03-15T12:06,2025-03-15T13:28,10,92
SYN-0004821,Emergency,88,2025-09-23T14:05,2025-09-23T15:51,2025-09-23T20:24,106,379
SYN-0004822,Imaging,47,2025-06-28T10:52,2025-06-28T11:34,2025-06-28T12:40,42,108
SYN-0004823,General Medicine,88,2025-08-14T15:09,2025-08-14T16:43,2025-08-14T18:12,94,183
SYN-0004824,Emergency,20,2025-08-26T06:40,2025-08-26T07:13,2025-08-26T07:44,33,64
SYN-0004825,Emergency,81,2025-07-21T01:50,2025-07-21T05:45,2025-07-21T12:44,235,654
SYN-0004826,Imaging,82,2025-12-24T05:34,2025-12-24T06:12,2025-12-24T06:46,38,72
SYN-0004827,General Medicine,78,2025-08-22T01:24,2025-08-22T03:22,2025-08-22T04:23,118,179
SYN-0004828,Cardiology,32,2025-08-22T17:02,2025-08-22T18:17,2025-08-22T20:28,75,206
SYN-0004829,Cardiology,81,2025-11-23T23:32,2025-11-24T00:46,2025-11-24T01:50,74,138
SYN-0004830,Orthopedics,47,2025-04-08T13:34,2025-04-08T15:22,2025-04-08T16:17,108,163
SYN-0004831,General Medicine,82,2025-12-29T10:49,2025-12-29T12:34,2025-12-29T16:19,105,330
SYN-0004832,Emergency,37,2025-07-09T00:47,2025-07-09T02:24,2025-07-09T05:59,97,312
SYN-0004833,Imaging,47,2025-04-28T01:46,2025-04-28T01:56,2025-04-28T03:10,10,84
SYN-0004834,Imaging,55,2025-08-04T06:36,2025-08-04T06:43,2025-08-04T07:17,7,41
SYN-0004835,Imaging,77,2025-11-04T21:51,2025-11-04T22:43,2025-11-04T23:33,52,102
SYN-0004836,Imaging,26,2025-09-18T18:18,2025-09-18T18:41,2025-09-18T19:00,23,42
SYN-0004837,Imaging,44,2025-12-02T11:11,2025-12-02T11:29,2025-12-02T11:47,18,36
SYN-0004838,Emergency,33,2025-12-04T18:17,2025-12-04T21:58,2025-12-05T02:44,221,507
SYN-0004839,Orthopedics,86,2025-12-17T00:34,2025-12-17T01:28,2025-12-17T03:05,54,151
SYN-0004840,Cardiology,30,2025-06-07T15:50,2025-06-07T16:56,2025-06-07T17:56,66,126
SYN-0004841,Imaging,85,2025-06-16T05:19,2025-06-16T06:04,2025-06-16T06:58,45,99
SYN-0004842,Emergency,55,2025-11-19T01:45,2025-11-19T05:13,2025-11-19T07:18,208,333
SYN-0004843,Emergency,76,2025-08-25T03:51,2025-08-25T07:36,2025-08-25T10:40,225,409
SYN-0004844,Cardiology,90,2025-04-28T23:06,2025-04-29T00:00,2025-04-29T00:57,54,111
SYN-0004845,Cardiology,85,2025-10-15T05:06,2025-10-15T05:53,2025-10-15T07:44,47,158
SYN-0004846,Imaging,89,2025-05-16T09:28,2025-05-16T09:51,2025-05-16T11:03,23,95
SYN-0004847,General Medicine,71,2025-11-23T17:30,2025-11-23T18:56,2025-11-23T19:37,86,127
SYN-0004848,Imaging,75,2025-01-08T11:45,2025-01-08T12:22,2025-01-08T12:54,37,69
SYN-0004849,Imaging,26,2025-12-15T05:45,2025-12-15T06:16,2025-12-15T06:49,31,64
SYN-0004850,Cardiology,78,2025-10-19T22:00,2025-10-19T22:48,2025-10-20T00:26,48,146
SYN-0004851,Imaging,45,2025-04-02T07:10,2025-04-02T07:32,2025-04-02T08:32,22,82
SYN-0004852,General Medicine,95,2025-12-13T00:25,2025-12-13T02:25,2025-12-13T05:59,120,334
SYN-0004853,Emergency,51,2025-01-22T23:57,2025-01-23T01:51,2025-01-23T08:04,114,487
SYN-0004854,General Medicine,40,2025-06-20T05:10,2025-06-20T07:33,2025-06-20T09:43,143,273
SYN-0004855,Emergency,48,2025-09-27T19:14,2025-09-27T22:21,2025-09-28T01:42,187,388
SYN-0004856,Orthopedics,85,2025-01-19T11:53,2025-01-19T11:58,2025-01-19T13:56,5,123
SYN-0004857,General Medicine,91,2025-05-26T15:30,2025-05-26T16:17,2025-05-26T18:48,47,198
SYN-0004858,Imaging,72,2025-11-24T05:20,2025-11-24T05:35,2025-11-24T06:31,15,71
SYN-0004859,Orthopedics,42,2025-08-17T20:16,2025-08-17T22:00,2025-08-17T22:32,104,136
SYN-0004860,Orthopedics,78,2025-02-12T01:39,2025-02-12T02:36,2025-02-12T05:01,57,202
SYN-0004861,General Medicine,62,2025-09-04T20:28,2025-09-04T22:36,2025-09-05T01:13,128,285
SYN-0004862,Orthopedics,93,2025-02-26T01:13,2025-02-26T01:38,2025-02-26T03:59,25,166
SYN-0004863,Emergency,36,2025-07-09T02:05,2025-07-09T03:16,2025-07-09T10:51,71,526
SYN-0004864,Cardiology,34,2025-10-21T01:10,2025-10-21T02:16,2025-10-21T03:54,66,164
SYN-0004865,Imaging,40,2025-02-13T10:13,2025-02-13T10:44,2025-02-13T11:22,31,69
SYN-0004866,Cardiology,31,2025-12-18T02:06,2025-12-18T03:33,2025-12-18T04:55,87,169
SYN-0004867,Emergency,65,2025-12-05T10:46,2025-12-05T14:10,2025-12-05T15:18,204,272
SYN-0004868,Imaging,31,2025-12-25T03:10,2025-12-25T04:09,2025-12-25T04:39,59,89
SYN-0004869,Imaging,38,2025-08-03T11:14,2025-08-03T11:40,2025-08-03T12:02,26,48
SYN-0004870,General Medicine,54,2025-03-25T00:38,2025-03-25T03:07,2025-03-25T05:12,149,274
SYN-0004871,Orthopedics,91,2025-10-22T07:00,2025-10-22T08:52,2025-10-22T11:43,112,283
SYN-0004872,General Medicine,40,2025-09-30T22:03,2025-09-30T23:12,2025-09-30T23:50,69,107
SYN-0004873,Emergency,44,2025-01-06T17:25,2025-01-06T21:08,2025-01-07T01:15,223,470
SYN-0004874,General Medicine,41,2025-01-22T13:05,2025-01-22T14:00,2025-01-22T15:17,55,132
SYN-0004875,Imaging,52,2025-03-11T15:41,2025-03-11T16:56,2025-03-11T17:12,75,91
SYN-0004876,Cardiology,27,2025-12-27T18:42,2025-12-27T19:37,2025-12-27T21:30,55,168
SYN-0004877,Emergency,27,2025-01-19T09:40,2025-01-19T11:38,2025-01-19T16:47,118,427
SYN-0004878,Imaging,28,2025-06-07T07:31,2025-06-07T08:35,2025-06-07T08:52,64,81
SYN-0004879,Imaging,61,2025-01-29T15:28,2025-01-29T15:57,2025-01-29T17:09,29,101
SYN-0004880,Emergency,44,2025-05-25T09:16,2025-05-25T09:34,2025-05-25T12:33,18,197
SYN-0004881,Cardiology,50,2025-05-14T15:35,2025-05-14T16:32,2025-05-14T19:14,57,219
SYN-0004882,Orthopedics,32,2025-06-13T00:31,2025-06-13T01:24,2025-06-13T04:21,53,230
SYN-0004883,Imaging,74,2025-07-22T21:32,2025-07-22T21:57,2025-07-22T23:24,25,112
SYN-0004884,Imaging,87,2025-01-04T21:08,2025-01-04T21:43,2025-01-04T23:09,35,121
SYN-0004885,Cardiology,59,2025-10-17T14:17,2025-10-17T15:34,2025-10-17T16:27,77,130
SYN-0004886,Orthopedics,88,2025-09-12T17:05,2025-09-12T17:17,2025-09-12T18:27,12,82
SYN-0004887,Orthopedics,34,2025-06-13T17:49,2025-06-13T18:07,2025-06-13T19:33,18,104
SYN-0004888,Imaging,87,2025-05-12T04:54,2025-05-12T05:19,2025-05-12T06:37,25,103
SYN-0004889,Emergency,67,2025-03-27T19:58,2025-03-27T20:48,2025-03-28T02:11,50,373
SYN-0004890,Cardiology,90,2025-08-06T08:03,2025-08-06T08:52,2025-08-06T09:49,49,106
SYN-0004891,Imaging,71,2025-11-10T10:36,2025-11-10T10:48,2025-11-10T11:19,12,43
SYN-0004892,Imaging,76,2025-05-05T23:43,2025-05-06T00:38,2025-05-06T01:35,55,112
SYN-0004893,Cardiology,44,2025-09-17T03:45,2025-09-17T05:00,2025-09-17T07:02,75,197
SYN-0004894,General Medicine,20,2025-09-30T01:44,2025-09-30T03:59,2025-09-30T05:36,135,232
SYN-0004895,Imaging,56,2025-11-13T15:32,2025-11-13T15:37,2025-11-13T16:56,5,84
SYN-0004896,Emergency,64,2025-12-27T13:34,2025-12-27T15:31,2025-12-27T22:24,117,530
SYN-0004897,Imaging,87,2025-02-02T11:21,2025-02-02T11:28,2025-02-02T12:04,7,43
SYN-0004898,Emergency,90,2025-03-17T04:59,2025-03-17T07:59,2025-03-17T14:35,180,576
SYN-0004899,Cardiology,41,2025-05-01T19:22,2025-05-01T20:43,2025-05-01T21:39,81,137
SYN-0004900,Emergency,48,2025-08-06T22:31,2025-08-07T00:16,2025-08-07T07:23,105,532
SYN-0004901,General Medicine,87,2025-07-08T15:11,2025-07-08T15:29,2025-07-08T17:10,18,119
SYN-0004902,General Medicine,40,2025-06-13T23:08,2025-06-13T23:26,2025-06-14T02:25,18,197
SYN-0004903,Cardiology,44,2025-06-30T01:17,2025-06-30T02:06,2025-06-30T03:40,49,143
SYN-0004904,Cardiology,63,2025-06-28T04:04,2025-06-28T04:09,2025-06-28T05:36,5,92
SYN-0004905,Emergency,60,2025-09-30T12:18,2025-09-30T12:38,2025-09-30T14:26,20,128
SYN-0004906,Orthopedics,46,2025-03-24T15:56,2025-03-24T17:50,2025-03-24T18:35,114,159
SYN-0004907,Orthopedics,46,2025-01-25T07:32,2025-01-25T08:13,2025-01-25T10:07,41,155
SYN-0004908,Imaging,44,2025-07-27T09:53,2025-07-27T11:02,2025-07-27T12:27,69,154
SYN-0004909,General Medicine,42,2025-06-28T20:13,2025-06-28T21:12,2025-06-29T00:55,59,282
SYN-0004910,Cardiology,38,2025-10-14T23:38,2025-10-15T00:20,2025-10-15T02:08,42,150
SYN-0004911,General Medicine,86,2025-01-06T06:34,2025-01-06T08:33,2025-01-06T09:36,119,182
SYN-0004912,Emergency,33,2025-06-17T20:07,2025-06-17T21:45,2025-06-18T03:03,98,416
SYN-0004913,Cardiology,38,2025-03-07T21:00,2025-03-07T21:39,2025-03-07T23:33,39,153
SYN-0004914,General Medicine,94,2025-08-31T17:32,2025-08-31T17:56,2025-08-31T20:19,24,167
SYN-0004915,Imaging,33,2025-02-11T02:23,2025-02-11T03:08,2025-02-11T03:40,45,77
SYN-0004916,Cardiology,43,2025-10-20T08:31,2025-10-20T09:07,2025-10-20T11:59,36,208
SYN-0004917,Emergency,93,2025-08-13T23:59,2025-08-14T02:12,2025-08-14T06:37,133,398
SYN-0004918,Orthopedics,19,2025-02-17T17:51,2025-02-17T18:31,2025-02-17T19:41,40,110
SYN-0004919,Imaging,90,2025-03-09T15:39,2025-03-09T16:07,2025-03-09T16:56,28,77
SYN-0004920,Cardiology,93,2025-03-13T04:59,2025-03-13T06:01,2025-03-13T08:13,62,194
SYN-0004921,Cardiology,27,2025-11-22T00:19,2025-11-22T00:47,2025-11-22T03:13,28,174
SYN-0004922,Cardiology,47,2025-09-29T03:45,2025-09-29T04:02,2025-09-29T06:50,17,185
SYN-0004923,Imaging,78,2025-07-19T13:42,2025-07-19T14:03,2025-07-19T15:12,21,90
SYN-0004924,Orthopedics,50,2025-10-18T06:46,2025-10-18T07:10,2025-10-18T09:50,24,184
SYN-0004925,Imaging,72,2025-01-19T11:58,2025-01-19T12:16,2025-01-19T12:49,18,51
SYN-0004926,Emergency,21,2025-06-16T10:31,2025-06-16T12:35,2025-06-16T19:59,124,568
SYN-0004927,Emergency,86,2025-04-26T07:10,2025-04-26T09:46,2025-04-26T15:19,156,489
SYN-0004928,Orthopedics,25,2025-07-16T23:01,2025-07-16T23:46,2025-07-17T00:51,45,110
SYN-0004929,Cardiology,63,2025-02-15T17:24,2025-02-15T17:50,2025-02-15T19:02,26,98
SYN-0004930,Cardiology,58,2025-01-08T05:35,2025-01-08T06:22,2025-01-08T08:37,47,182
SYN-0004931,Emergency,30,2025-04-12T15:13,2025-04-12T16:32,2025-04-12T18:49,79,216
SYN-0004932,General Medicine,24,2025-06-23T03:12,2025-06-23T03:48,2025-06-23T05:34,36,142
SYN-0004933,General Medicine,35,2025-12-02T16:28,2025-12-02T18:31,2025-12-02T21:05,123,277
SYN-0004934,Orthopedics,50,2025-09-30T14:26,2025-09-30T15:30,2025-09-30T16:32,64,126
SYN-0004935,Cardiology,50,2025-06-22T01:03,2025-06-22T01:27,2025-06-22T02:35,24,92
SYN-0004936,Orthopedics,93,2025-03-21T16:58,2025-03-21T18:32,2025-03-21T21:20,94,262
SYN-0004937,Cardiology,81,2025-12-18T18:49,2025-12-18T18:54,2025-12-18T20:56,5,127
SYN-0004938,Emergency,91,2025-10-06T07:29,2025-10-06T09:29,2025-10-06T14:11,120,402
SYN-0004939,Cardiology,93,2025-05-04T21:41,2025-05-04T22:12,2025-05-04T23:57,31,136
SYN-0004940,General Medicine,63,2025-03-11T09:03,2025-03-11T11:03,2025-03-11T13:03,120,240
SYN-0004941,General Medicine,77,2025-09-05T19:03,2025-09-05T19:27,2025-09-05T20:39,24,96
SYN-0004942,General Medicine,25,2025-07-20T04:52,2025-07-20T06:16,2025-07-20T08:36,84,224
SYN-0004943,General Medicine,85,2025-09-19T14:49,2025-09-19T16:24,2025-09-19T19:36,95,287
SYN-0004944,General Medicine,59,2025-05-06T02:21,2025-05-06T03:20,2025-05-06T06:59,59,278
SYN-0004945,Imaging,40,2025-10-22T13:41,2025-10-22T14:47,2025-10-22T15:19,66,98
SYN-0004946,Emergency,68,2025-07-13T18:52,2025-07-13T22:11,2025-07-14T03:01,199,489
SYN-0004947,Imaging,64,2025-05-03T12:56,2025-05-03T13:17,2025-05-03T14:46,21,110
SYN-0004948,Orthopedics,28,2025-09-29T18:42,2025-09-29T19:14,2025-09-29T21:05,32,143
SYN-0004949,General Medicine,40,2025-04-26T19:08,2025-04-26T20:58,2025-04-26T22:11,110,183
SYN-0004950,Cardiology,86,2025-03-19T09:32,2025-03-19T10:21,2025-03-19T11:08,49,96
SYN-0004951,Cardiology,56,2025-05-03T08:03,2025-05-03T08:53,2025-05-03T11:21,50,198
SYN-0004952,Imaging,42,2025-10-27T10:03,2025-10-27T10:30,2025-10-27T11:55,27,112
SYN-0004953,General Medicine,29,2025-01-10T06:09,2025-01-10T07:23,2025-01-10T08:39,74,150
SYN-0004954,Cardiology,29,2025-07-19T04:13,2025-07-19T04:38,2025-07-19T06:25,25,132
SYN-0004955,Orthopedics,94,2025-05-08T10:24,2025-05-08T11:41,2025-05-08T14:37,77,253
SYN-0004956,Emergency,68,2025-11-01T00:26,2025-11-01T03:57,2025-11-01T04:33,211,247
SYN-0004957,Cardiology,70,2025-04-08T20:26,2025-04-08T21:27,2025-04-08T22:22,61,116
SYN-0004958,Imaging,24,2025-09-07T12:57,2025-09-07T13:02,2025-09-07T13:50,5,53
SYN-0004959,General Medicine,41,2025-05-22T09:59,2025-05-22T11:41,2025-05-22T14:01,102,242
SYN-0004960,Emergency,23,2025-07-27T13:26,2025-07-27T15:38,2025-07-27T23:16,132,590
SYN-0004961,Emergency,24,2025-02-24T12:28,2025-02-24T15:41,2025-02-24T18:09,193,341
SYN-0004962,Emergency,65,2025-06-28T20:21,2025-06-28T22:58,2025-06-29T01:20,157,299
SYN-0004963,Cardiology,38,2025-04-08T22:00,2025-04-08T23:13,2025-04-09T00:43,73,163
SYN-0004964,Orthopedics,29,2025-03-10T04:35,2025-03-10T06:27,2025-03-10T08:55,112,260
SYN-0004965,General Medicine,23,2025-01-05T05:10,2025-01-05T06:16,2025-01-05T08:23,66,193
SYN-0004966,Imaging,77,2025-04-15T13:00,2025-04-15T13:07,2025-04-15T14:29,7,89
SYN-0004967,Imaging,53,2025-10-19T06:03,2025-10-19T06:12,2025-10-19T07:08,9,65
SYN-0004968,Imaging,78,2025-02-09T23:19,2025-02-09T23:38,2025-02-10T00:46,19,87
SYN-0004969,Imaging,45,2025-07-24T21:28,2025-07-24T21:49,2025-07-24T22:54,21,86
SYN-0004970,General Medicine,91,2025-01-11T17:20,2025-01-11T19:00,2025-01-11T19:32,100,132
SYN-0004971,Orthopedics,43,2025-05-07T07:30,2025-05-07T08:04,2025-05-07T10:32,34,182
SYN-0004972,Orthopedics,72,2025-11-20T19:34,2025-11-20T20:33,2025-11-20T21:26,59,112
SYN-0004973,Cardiology,43,2025-05-30T16:52,2025-05-30T17:25,2025-05-30T18:38,33,106
SYN-0004974,Imaging,54,2025-07-08T13:55,2025-07-08T14:14,2025-07-08T14:30,19,35
SYN-0004975,Emergency,43,2025-04-10T22:02,2025-04-11T00:03,2025-04-11T03:06,121,304
SYN-0004976,Emergency,54,2025-07-20T23:49,2025-07-21T01:38,2025-07-21T05:06,109,317
SYN-0004977,Emergency,40,2025-12-01T19:00,2025-12-01T22:21,2025-12-02T00:31,201,331
SYN-0004978,Imaging,79,2025-09-21T14:37,2025-09-21T15:42,2025-09-21T16:46,65,129
SYN-0004979,Imaging,50,2025-06-01T18:32,2025-06-01T18:41,2025-06-01T19:50,9,78
SYN-0004980,General Medicine,53,2025-02-02T18:28,2025-02-02T19:52,2025-02-02T21:08,84,160
SYN-0004981,Imaging,61,2025-08-27T16:36,2025-08-27T16:49,2025-08-27T18:04,13,88
SYN-0004982,Emergency,20,2025-11-18T09:40,2025-11-18T12:00,2025-11-18T17:11,140,451
SYN-0004983,Emergency,90,2025-12-27T00:30,2025-12-27T04:13,2025-12-27T11:56,223,686
SYN-0004984,Cardiology,23,2025-05-14T01:49,2025-05-14T02:16,2025-05-14T04:17,27,148
SYN-0004985,Cardiology,57,2025-11-21T06:07,2025-11-21T06:48,2025-11-21T08:29,41,142
SYN-0004986,Orthopedics,81,2025-02-26T15:07,2025-02-26T16:50,2025-02-26T18:28,103,201
SYN-0004987,Cardiology,72,2025-09-09T11:26,2025-09-09T11:59,2025-09-09T13:52,33,146
SYN-0004988,Orthopedics,67,2025-12-31T19:18,2025-12-31T21:04,2025-12-31T22:24,106,186
SYN-0004989,General Medicine,39,2025-01-08T20:23,2025-01-08T21:38,2025-01-09T00:02,75,219
SYN-0004990,Orthopedics,46,2025-09-27T05:22,2025-09-27T07:18,2025-09-27T09:03,116,221
SYN-0004991,Imaging,53,2025-01-31T04:36,2025-01-31T04:58,2025-01-31T06:06,22,90
SYN-0004992,Imaging,52,2025-11-12T22:29,2025-11-12T22:56,2025-11-12T23:36,27,67
SYN-0004993,Emergency,94,2025-01-03T08:08,2025-01-03T11:05,2025-01-03T11:41,177,213
SYN-0004994,Orthopedics,58,2025-09-03T13:16,2025-09-03T13:50,2025-09-03T16:28,34,192
SYN-0004995,Imaging,68,2025-03-08T12:48,2025-03-08T13:27,2025-03-08T14:04,39,76
SYN-0004996,Orthopedics,22,2025-01-12T15:40,2025-01-12T16:15,2025-01-12T18:07,35,147
SYN-0004997,General Medicine,51,2025-02-26T13:04,2025-02-26T14:10,2025-02-26T16:42,66,218
SYN-0004998,Imaging,70,2025-12-22T21:09,2025-12-22T21:20,2025-12-22T22:14,11,65
SYN-0004999,Emergency,82,2025-11-28T18:22,2025-11-28T19:47,2025-11-28T22:10,85,228
SYN-0005000,General Medicine,76,2025-06-04T13:50,2025-06-04T15:07,2025-06-04T16:47,77,177
SYN-0005001,Emergency,28,2025-10-01T04:41,2025-10-01T06:32,2025-10-01T13:14,111,513
SYN-0005002,General Medicine,71,2025-09-13T21:12,2025-09-13T23:17,2025-09-14T02:33,125,321
SYN-0005003,Orthopedics,34,2025-12-07T07:36,2025-12-07T09:35,2025-12-07T11:51,119,255
SYN-0005004,Imaging,65,2025-02-18T21:25,2025-02-18T21:59,2025-02-18T23:05,34,100
SYN-0005005,Orthopedics,84,2025-09-29T10:34,2025-09-29T12:31,2025-09-29T13:23,117,169
SYN-0005006,General Medicine,75,2025-04-19T14:37,2025-04-19T14:55,2025-04-19T15:40,18,63
SYN-0005007,Imaging,19,2025-03-22T02:19,2025-03-22T02:45,2025-03-22T04:13,26,114
SYN-0005008,General Medicine,76,2025-01-30T20:41,2025-01-30T22:09,2025-01-31T00:04,88,203
SYN-0005009,General Medicine,48,2025-07-31T05:05,2025-07-31T06:53,2025-07-31T07:28,108,143
SYN-0005010,Orthopedics,61,2025-01-25T05:22,2025-01-25T06:19,2025-01-25T08:38,57,196
SYN-0005011,Emergency,74,2025-06-30T13:44,2025-06-30T14:52,2025-06-30T21:23,68,459
SYN-0005012,Orthopedics,45,2025-06-28T20:59,2025-06-28T21:58,2025-06-29T00:38,59,219
SYN-0005013,Emergency,45,2025-11-17T10:06,2025-11-17T11:57,2025-11-17T16:34,111,388
SYN-0005014,Emergency,33,2025-12-09T23:22,2025-12-10T03:01,2025-12-10T06:58,219,456
SYN-0005015,General Medicine,71,2025-05-14T13:19,2025-05-14T14:03,2025-05-14T15:19,44,120
SYN-0005016,Imaging,28,2025-07-24T18:29,2025-07-24T19:34,2025-07-24T21:02,65,153
SYN-0005017,General Medicine,83,2025-11-26T05:24,2025-11-26T05:38,2025-11-26T09:25,14,241
SYN-0005018,General Medicine,82,2025-06-08T18:21,2025-06-08T20:21,2025-06-08T22:15,120,234
SYN-0005019,Orthopedics,78,2025-10-09T22:59,2025-10-10T00:30,2025-10-10T01:11,91,132
SYN-0005020,Cardiology,56,2025-05-29T19:16,2025-05-29T20:34,2025-05-29T23:05,78,229
SYN-0005021,Cardiology,69,2025-12-17T16:10,2025-12-17T17:20,2025-12-17T20:13,70,243
SYN-0005022,Emergency,59,2025-08-18T07:29,2025-08-18T10:48,2025-08-18T18:30,199,661
SYN-0005023,Emergency,91,2025-08-09T09:46,2025-08-09T13:32,2025-08-09T19:45,226,599
SYN-0005024,Cardiology,25,2025-11-28T14:53,2025-11-28T15:15,2025-11-28T16:30,22,97
SYN-0005025,Orthopedics,27,2025-11-04T17:15,2025-11-04T18:42,2025-11-04T21:35,87,260
SYN-0005026,General Medicine,21,2025-11-19T10:10,2025-11-19T12:02,2025-11-19T15:26,112,316
SYN-0005027,Imaging,25,2025-05-17T00:53,2025-05-17T01:48,2025-05-17T02:29,55,96
SYN-0005028,Emergency,91,2025-04-29T14:10,2025-04-29T16:02,2025-04-29T23:02,112,532
SYN-0005029,Emergency,83,2025-05-10T02:44,2025-05-10T04:55,2025-05-10T07:03,131,259
SYN-0005030,General Medicine,80,2025-04-27T07:37,2025-04-27T08:07,2025-04-27T11:29,30,232
SYN-0005031,Emergency,59,2025-11-01T20:57,2025-11-01T23:30,2025-11-02T01:18,153,261
SYN-0005032,Cardiology,76,2025-03-07T20:30,2025-03-07T21:04,2025-03-07T23:47,34,197
SYN-0005033,Emergency,51,2025-08-13T06:00,2025-08-13T08:26,2025-08-13T12:32,146,392
SYN-0005034,Cardiology,21,2025-04-25T20:37,2025-04-25T21:33,2025-04-25T23:32,56,175
SYN-0005035,Cardiology,48,2025-03-05T10:08,2025-03-05T11:28,2025-03-05T13:13,80,185
SYN-0005036,Orthopedics,54,2025-03-24T06:01,2025-03-24T06:44,2025-03-24T07:18,43,77
SYN-0005037,Orthopedics,75,2025-11-01T18:38,2025-11-01T20:22,2025-11-01T23:16,104,278
SYN-0005038,Emergency,26,2025-05-11T19:18,2025-05-11T21:05,2025-05-12T02:41,107,443
SYN-0005039,General Medicine,42,2025-11-16T19:23,2025-11-16T21:00,2025-11-17T00:59,97,336
SYN-0005040,Emergency,52,2025-04-29T06:15,2025-04-29T07:59,2025-04-29T10:41,104,266
SYN-0005041,Cardiology,49,2025-07-22T09:17,2025-07-22T10:33,2025-07-22T13:29,76,252
SYN-0005042,Emergency,77,2025-02-24T20:44,2025-02-24T23:52,2025-02-25T01:37,188,293
SYN-0005043,General Medicine,82,2025-12-10T07:38,2025-12-10T08:16,2025-12-10T10:32,38,174
SYN-0005044,Emergency,52,2025-10-02T10:53,2025-10-02T12:41,2025-10-02T18:35,108,462
SYN-0005045,Cardiology,31,2025-02-07T17:21,2025-02-07T17:40,2025-02-07T19:52,19,151
SYN-0005046,Imaging,83,2025-04-14T08:10,2025-04-14T08:47,2025-04-14T10:16,37,126
SYN-0005047,Emergency,75,2025-05-26T10:14,2025-05-26T11:48,2025-05-26T12:18,94,124
SYN-0005048,Emergency,94,2025-02-09T14:41,2025-02-09T15:20,2025-02-09T19:53,39,312
SYN-0005049,Cardiology,75,2025-01-31T23:17,2025-02-01T00:14,2025-02-01T02:15,57,178
SYN-0005050,Emergency,84,2025-01-23T21:32,2025-01-23T22:34,2025-01-23T23:19,62,107
SYN-0005051,Emergency,37,2025-10-20T19:24,2025-10-20T21:30,2025-10-20T23:21,126,237
SYN-0005052,General Medicine,88,2025-10-29T21:59,2025-10-29T22:51,2025-10-30T01:54,52,235
SYN-0005053,Cardiology,85,2025-08-06T19:58,2025-08-06T21:26,2025-08-06T23:26,88,208
SYN-0005054,Orthopedics,76,2025-01-15T00:15,2025-01-15T01:56,2025-01-15T02:33,101,138
SYN-0005055,Cardiology,90,2025-09-04T18:20,2025-09-04T19:31,2025-09-04T22:25,71,245
SYN-0005056,Cardiology,29,2025-07-20T16:38,2025-07-20T18:05,2025-07-20T20:49,87,251
SYN-0005057,Emergency,72,2025-01-02T14:08,2025-01-02T16:05,2025-01-02T21:11,117,423
SYN-0005058,General Medicine,32,2025-10-08T06:14,2025-10-08T06:52,2025-10-08T10:26,38,252
SYN-0005059,Cardiology,34,2025-10-13T09:10,2025-10-13T10:15,2025-10-13T12:43,65,213
SYN-0005060,Emergency,20,2025-04-08T04:32,2025-04-08T07:04,2025-04-08T07:50,152,198
SYN-0005061,Cardiology,25,2025-11-29T06:14,2025-11-29T07:38,2025-11-29T08:53,84,159
SYN-0005062,Cardiology,53,2025-07-12T15:33,2025-07-12T16:31,2025-07-12T18:05,58,152
SYN-0005063,Orthopedics,41,2025-10-05T18:56,2025-10-05T19:28,2025-10-05T21:21,32,145
SYN-0005064,Orthopedics,18,2025-12-19T20:10,2025-12-19T20:57,2025-12-19T23:40,47,210
SYN-0005065,Emergency,36,2025-08-03T23:36,2025-08-04T00:31,2025-08-04T01:06,55,90
SYN-0005066,Orthopedics,70,2025-06-06T12:31,2025-06-06T12:56,2025-06-06T15:01,25,150
SYN-0005067,General Medicine,37,2025-03-07T13:17,2025-03-07T13:31,2025-03-07T16:30,14,193
SYN-0005068,Cardiology,19,2025-07-01T01:22,2025-07-01T02:25,2025-07-01T04:43,63,201
SYN-0005069,Cardiology,69,2025-11-25T15:53,2025-11-25T17:08,2025-11-25T19:01,75,188
SYN-0005070,Emergency,75,2025-10-02T07:42,2025-10-02T08:55,2025-10-02T14:37,73,415
SYN-0005071,Emergency,49,2025-08-02T19:48,2025-08-02T20:31,2025-08-03T03:27,43,459
SYN-0005072,Imaging,23,2025-08-13T12:36,2025-08-13T13:21,2025-08-13T13:53,45,77
SYN-0005073,Orthopedics,50,2025-11-06T09:54,2025-11-06T10:44,2025-11-06T12:10,50,136
SYN-0005074,General Medicine,65,2025-11-17T02:50,2025-11-17T03:20,2025-11-17T06:49,30,239
SYN-0005075,Orthopedics,69,2025-06-26T23:59,2025-06-27T01:30,2025-06-27T02:04,91,125
SYN-0005076,Orthopedics,33,2025-04-17T22:44,2025-04-18T00:36,2025-04-18T03:16,112,272
SYN-0005077,Orthopedics,81,2025-11-25T23:14,2025-11-26T01:10,2025-11-26T04:05,116,291
SYN-0005078,Cardiology,69,2025-07-21T07:13,2025-07-21T08:24,2025-07-21T10:43,71,210
SYN-0005079,Imaging,47,2025-04-03T14:30,2025-04-03T14:54,2025-04-03T15:34,24,64
SYN-0005080,Imaging,77,2025-10-21T14:59,2025-10-21T15:08,2025-10-21T16:11,9,72
SYN-0005081,General Medicine,92,2025-07-26T14:05,2025-07-26T16:30,2025-07-26T18:44,145,279
SYN-0005082,Emergency,90,2025-08-15T00:50,2025-08-15T01:33,2025-08-15T05:13,43,263
SYN-0005083,Imaging,50,2025-02-06T18:30,2025-02-06T18:57,2025-02-06T19:29,27,59
SYN-0005084,Cardiology,41,2025-10-09T18:28,2025-10-09T19:50,2025-10-09T22:49,82,261
SYN-0005085,Cardiology,67,2025-01-09T01:37,2025-01-09T02:34,2025-01-09T03:51,57,134
SYN-0005086,Imaging,90,2025-11-27T09:04,2025-11-27T09:59,2025-11-27T10:23,55,79
SYN-0005087,General Medicine,62,2025-05-18T17:31,2025-05-18T19:25,2025-05-18T20:40,114,189
SYN-0005088,Imaging,45,2025-06-30T13:12,2025-06-30T13:36,2025-06-30T15:06,24,114
SYN-0005089,Orthopedics,69,2025-12-14T16:12,2025-12-14T17:53,2025-12-14T20:44,101,272
SYN-0005090,General Medicine,75,2025-12-27T18:18,2025-12-27T20:39,2025-12-27T23:07,141,289
SYN-0005091,General Medicine,19,2025-11-12T21:41,2025-11-12T22:38,2025-11-13T00:43,57,182
SYN-0005092,Orthopedics,85,2025-07-05T13:04,2025-07-05T13:24,2025-07-05T14:57,20,113
SYN-0005093,Cardiology,95,2025-07-03T02:44,2025-07-03T02:55,2025-07-03T05:53,11,189
SYN-0005094,Cardiology,95,2025-05-26T17:44,2025-05-26T18:01,2025-05-26T20:09,17,145
SYN-0005095,General Medicine,37,2025-03-03T15:09,2025-03-03T16:07,2025-03-03T19:52,58,283
SYN-0005096,Cardiology,18,2025-01-22T08:35,2025-01-22T09:31,2025-01-22T10:18,56,103
SYN-0005097,Emergency,77,2025-02-06T04:03,2025-02-06T05:27,2025-02-06T08:29,84,266
SYN-0005098,Imaging,47,2025-08-11T01:33,2025-08-11T01:56,2025-08-11T02:19,23,46
SYN-0005099,Emergency,45,2025-02-21T11:52,2025-02-21T15:44,2025-02-21T18:39,232,407
SYN-0005100,Orthopedics,84,2025-05-29T15:20,2025-05-29T15:40,2025-05-29T16:14,20,54
SYN-0005101,General Medicine,87,2025-04-21T21:44,2025-04-22T00:00,2025-04-22T01:52,136,248
SYN-0005102,Imaging,59,2025-11-13T14:18,2025-11-13T14:39,2025-11-13T14:58,21,40
SYN-0005103,Imaging,55,2025-04-09T14:51,2025-04-09T15:34,2025-04-09T16:09,43,78
SYN-0005104,Emergency,25,2025-04-21T04:42,2025-04-21T06:16,2025-04-21T12:03,94,441
SYN-0005105,General Medicine,47,2025-09-03T06:35,2025-09-03T07:31,2025-09-03T09:00,56,145
SYN-0005106,Emergency,72,2025-11-07T15:49,2025-11-07T18:24,2025-11-07T23:02,155,433
SYN-0005107,General Medicine,89,2025-07-10T01:38,2025-07-10T02:14,2025-07-10T05:23,36,225
SYN-0005108,General Medicine,65,2025-01-25T17:24,2025-01-25T19:16,2025-01-25T20:18,112,174
SYN-0005109,Imaging,28,2025-01-04T03:23,2025-01-04T04:36,2025-01-04T05:07,73,104
SYN-0005110,Imaging,75,2025-01-03T00:33,2025-01-03T01:24,2025-01-03T02:10,51,97
SYN-0005111,General Medicine,85,2025-03-15T04:26,2025-03-15T06:20,2025-03-15T08:34,114,248
SYN-0005112,Imaging,55,2025-04-22T08:44,2025-04-22T09:31,2025-04-22T10:47,47,123
SYN-0005113,Emergency,80,2025-08-12T19:23,2025-08-12T20:52,2025-08-12T23:28,89,245
SYN-0005114,Orthopedics,46,2025-08-20T13:14,2025-08-20T13:34,2025-08-20T14:45,20,91
SYN-0005115,Emergency,58,2025-12-18T02:23,2025-12-18T05:21,2025-12-18T07:30,178,307
SYN-0005116,Imaging,81,2025-02-07T17:47,2025-02-07T18:04,2025-02-07T18:20,17,33
SYN-0005117,Imaging,27,2025-05-04T11:14,2025-05-04T12:22,2025-05-04T13:02,68,108
SYN-0005118,Imaging,71,2025-06-14T09:22,2025-06-14T10:11,2025-06-14T10:33,49,71
SYN-0005119,Emergency,23,2025-05-11T14:10,2025-05-11T17:33,2025-05-11T22:57,203,527
SYN-0005120,Cardiology,84,2025-05-25T09:07,2025-05-25T09:54,2025-05-25T10:57,47,110
SYN-0005121,Imaging,23,2025-12-01T16:28,2025-12-01T16:57,2025-12-01T17:38,29,70
SYN-0005122,Cardiology,57,2025-08-03T00:40,2025-08-03T01:23,2025-08-03T02:55,43,135
SYN-0005123,Orthopedics,88,2025-07-28T16:53,2025-07-28T18:46,2025-07-28T21:10,113,257
SYN-0005124,General Medicine,81,2025-07-17T06:54,2025-07-17T07:04,2025-07-17T10:53,10,239
SYN-0005125,Imaging,34,2025-10-30T21:49,2025-10-30T21:57,2025-10-30T23:08,8,79
SYN-0005126,Cardiology,78,2025-01-04T17:47,2025-01-04T18:32,2025-01-04T19:33,45,106
SYN-0005127,Imaging,78,2025-02-21T21:55,2025-02-21T22:41,2025-02-21T23:05,46,70
SYN-0005128,Emergency,29,2025-09-18T03:55,2025-09-18T07:01,2025-09-18T12:16,186,501
SYN-0005129,Imaging,28,2025-09-10T18:14,2025-09-10T18:49,2025-09-10T19:25,35,71
SYN-0005130,Orthopedics,50,2025-05-21T05:40,2025-05-21T06:30,2025-05-21T08:38,50,178
SYN-0005131,Emergency,89,2025-02-23T10:18,2025-02-23T13:02,2025-02-23T20:28,164,610
SYN-0005132,Orthopedics,62,2025-09-08T17:18,2025-09-08T18:28,2025-09-08T18:58,70,100
SYN-0005133,General Medicine,59,2025-03-11T11:52,2025-03-11T12:22,2025-03-11T15:58,30,246
SYN-0005134,Imaging,64,2025-10-13T17:41,2025-10-13T18:19,2025-10-13T19:08,38,87
SYN-0005135,Cardiology,24,2025-10-18T02:02,2025-10-18T03:24,2025-10-18T04:38,82,156
SYN-0005136,Imaging,54,2025-02-06T19:55,2025-02-06T21:00,2025-02-06T21:15,65,80
SYN-0005137,Emergency,57,2025-01-10T04:13,2025-01-10T06:53,2025-01-10T09:28,160,315
SYN-0005138,Orthopedics,87,2025-03-27T08:44,2025-03-27T10:43,2025-03-27T12:32,119,228
SYN-0005139,Orthopedics,40,2025-04-19T22:38,2025-04-19T22:45,2025-04-20T00:18,7,100
SYN-0005140,Emergency,44,2025-01-18T13:45,2025-01-18T17:20,2025-01-18T22:26,215,521
SYN-0005141,General Medicine,23,2025-04-27T17:46,2025-04-27T19:33,2025-04-27T21:43,107,237
SYN-0005142,Cardiology,53,2025-10-18T18:58,2025-10-18T20:08,2025-10-18T22:28,70,210
SYN-0005143,Emergency,37,2025-01-10T01:32,2025-01-10T04:30,2025-01-10T08:47,178,435
SYN-0005144,Imaging,29,2025-09-04T02:02,2025-09-04T02:48,2025-09-04T03:23,46,81
SYN-0005145,Imaging,44,2025-05-31T11:24,2025-05-31T12:05,2025-05-31T13:15,41,111
SYN-0005146,Cardiology,43,2025-04-07T05:30,2025-04-07T06:18,2025-04-07T08:49,48,199
SYN-0005147,Emergency,56,2025-12-08T02:16,2025-12-08T03:14,2025-12-08T08:53,58,397
SYN-0005148,Orthopedics,73,2025-02-08T21:36,2025-02-08T23:29,2025-02-09T00:04,113,148
SYN-0005149,Imaging,23,2025-12-18T16:28,2025-12-18T16:38,2025-12-18T17:57,10,89
SYN-0005150,General Medicine,94,2025-03-27T13:11,2025-03-27T14:04,2025-03-27T14:44,53,93
SYN-0005151,General Medicine,46,2025-07-25T10:53,2025-07-25T11:26,2025-07-25T14:14,33,201
SYN-0005152,Emergency,67,2025-04-16T18:35,2025-04-16T19:08,2025-04-16T21:20,33,165
SYN-0005153,Imaging,86,2025-09-02T03:32,2025-09-02T03:49,2025-09-02T04:16,17,44
SYN-0005154,Orthopedics,61,2025-02-04T06:10,2025-02-04T07:25,2025-02-04T09:21,75,191
SYN-0005155,Cardiology,33,2025-05-16T18:48,2025-05-16T19:44,2025-05-16T21:30,56,162
SYN-0005156,Emergency,22,2025-10-21T15:47,2025-10-21T18:29,2025-10-22T00:34,162,527
SYN-0005157,Orthopedics,20,2025-04-17T20:28,2025-04-17T21:31,2025-04-17T22:41,63,133
SYN-0005158,Orthopedics,78,2025-01-06T02:30,2025-01-06T03:03,2025-01-06T05:33,33,183
SYN-0005159,Imaging,55,2025-07-22T19:25,2025-07-22T20:04,2025-07-22T21:05,39,100
SYN-0005160,Imaging,43,2025-04-11T04:30,2025-04-11T04:42,2025-04-11T06:05,12,95
SYN-0005161,Emergency,55,2025-02-16T06:09,2025-02-16T08:12,2025-02-16T15:06,123,537
SYN-0005162,Imaging,49,2025-09-04T19:43,2025-09-04T19:57,2025-09-04T21:25,14,102
SYN-0005163,General Medicine,67,2025-12-20T20:01,2025-12-20T21:20,2025-12-20T23:37,79,216
SYN-0005164,Imaging,49,2025-05-11T22:16,2025-05-11T22:37,2025-05-11T23:44,21,88
SYN-0005165,Orthopedics,18,2025-10-01T17:47,2025-10-01T19:21,2025-10-01T22:18,94,271
SYN-0005166,Orthopedics,67,2025-04-11T09:24,2025-04-11T09:58,2025-04-11T10:31,34,67
SYN-0005167,Emergency,20,2025-08-08T07:58,2025-08-08T11:17,2025-08-08T16:20,199,502
SYN-0005168,Cardiology,18,2025-11-23T12:47,2025-11-23T13:39,2025-11-23T16:28,52,221
SYN-0005169,Cardiology,24,2025-10-20T04:57,2025-10-20T05:51,2025-10-20T08:48,54,231
SYN-0005170,Orthopedics,48,2025-10-14T10:39,2025-10-14T12:28,2025-10-14T13:11,109,152
SYN-0005171,Emergency,73,2025-06-23T19:41,2025-06-23T21:32,2025-06-24T01:24,111,343
SYN-0005172,Emergency,85,2025-04-05T03:04,2025-04-05T04:48,2025-04-05T05:40,104,156
SYN-0005173,Emergency,52,2025-11-09T08:10,2025-11-09T11:05,2025-11-09T16:59,175,529
SYN-0005174,Emergency,19,2025-03-29T21:05,2025-03-29T23:54,2025-03-30T05:03,169,478
SYN-0005175,Cardiology,39,2025-03-28T02:50,2025-03-28T04:10,2025-03-28T05:06,80,136
SYN-0005176,Emergency,21,2025-06-22T18:22,2025-06-22T21:58,2025-06-23T04:47,216,625
SYN-0005177,Cardiology,95,2025-01-17T23:17,2025-01-18T00:08,2025-01-18T01:27,51,130
SYN-0005178,Orthopedics,76,2025-05-26T15:47,2025-05-26T16:35,2025-05-26T17:45,48,118
SYN-0005179,Orthopedics,47,2025-09-24T23:59,2025-09-25T01:16,2025-09-25T03:45,77,226
SYN-0005180,Emergency,68,2025-05-16T22:20,2025-05-17T00:57,2025-05-17T06:59,157,519
SYN-0005181,Emergency,23,2025-11-10T09:29,2025-11-10T09:51,2025-11-10T15:40,22,371
SYN-0005182,Cardiology,55,2025-12-25T23:44,2025-12-26T00:48,2025-12-26T03:02,64,198
SYN-0005183,Orthopedics,23,2025-04-10T19:20,2025-04-10T19:57,2025-04-10T21:36,37,136
SYN-0005184,Orthopedics,54,2025-07-24T23:50,2025-07-25T00:31,2025-07-25T03:23,41,213
SYN-0005185,Orthopedics,33,2025-03-07T22:42,2025-03-07T23:15,2025-03-08T01:56,33,194
SYN-0005186,General Medicine,88,2025-03-29T22:42,2025-03-29T22:56,2025-03-30T02:07,14,205
SYN-0005187,General Medicine,85,2025-09-13T03:31,2025-09-13T05:20,2025-09-13T07:19,109,228
SYN-0005188,Cardiology,68,2025-08-29T10:09,2025-08-29T10:50,2025-08-29T12:47,41,158
SYN-0005189,Imaging,37,2025-09-28T03:36,2025-09-28T04:01,2025-09-28T04:37,25,61
SYN-0005190,Emergency,24,2025-12-27T11:28,2025-12-27T13:44,2025-12-27T19:29,136,481
SYN-0005191,Orthopedics,19,2025-10-04T14:59,2025-10-04T16:33,2025-10-04T18:47,94,228
SYN-0005192,Cardiology,35,2025-11-02T20:00,2025-11-02T20:57,2025-11-02T22:08,57,128
SYN-0005193,Orthopedics,75,2025-01-23T04:44,2025-01-23T05:58,2025-01-23T08:16,74,212
SYN-0005194,Emergency,71,2025-04-23T07:56,2025-04-23T09:21,2025-04-23T13:40,85,344
SYN-0005195,Imaging,63,2025-05-24T06:17,2025-05-24T06:24,2025-05-24T06:55,7,38
SYN-0005196,Emergency,21,2025-09-23T21:44,2025-09-23T23:27,2025-09-24T04:15,103,391
SYN-0005197,Emergency,26,2025-01-04T04:20,2025-01-04T06:05,2025-01-04T08:16,105,236
SYN-0005198,Imaging,81,2025-11-05T03:15,2025-11-05T03:49,2025-11-05T04:15,34,60
SYN-0005199,Emergency,62,2025-02-09T07:10,2025-02-09T08:40,2025-02-09T12:46,90,336
SYN-0005200,General Medicine,65,2025-02-15T00:42,2025-02-15T02:44,2025-02-15T05:40,122,298
SYN-0005201,Cardiology,27,2025-08-09T01:42,2025-08-09T02:09,2025-08-09T03:59,27,137
SYN-0005202,Cardiology,74,2025-08-12T23:32,2025-08-13T00:08,2025-08-13T02:16,36,164
SYN-0005203,General Medicine,51,2025-10-01T08:10,2025-10-01T09:27,2025-10-01T10:11,77,121
SYN-0005204,Orthopedics,77,2025-08-21T22:12,2025-08-21T22:44,2025-08-21T23:38,32,86
SYN-0005205,General Medicine,33,2025-12-02T03:11,2025-12-02T03:34,2025-12-02T05:25,23,134
SYN-0005206,General Medicine,73,2025-10-17T17:06,2025-10-17T17:36,2025-10-17T21:20,30,254
SYN-0005207,Orthopedics,72,2025-06-06T10:02,2025-06-06T11:55,2025-06-06T14:08,113,246
SYN-0005208,Orthopedics,42,2025-06-21T03:49,2025-06-21T04:43,2025-06-21T05:44,54,115
SYN-0005209,Orthopedics,89,2025-07-12T02:59,2025-07-12T04:35,2025-07-12T07:11,96,252
SYN-0005210,Imaging,65,2025-01-06T00:51,2025-01-06T01:46,2025-01-06T03:11,55,140
SYN-0005211,Imaging,79,2025-06-26T20:45,2025-06-26T20:56,2025-06-26T21:34,11,49
SYN-0005212,Imaging,49,2025-07-13T05:29,2025-07-13T05:45,2025-07-13T07:09,16,100
SYN-0005213,Emergency,90,2025-03-15T00:11,2025-03-15T03:47,2025-03-15T09:45,216,574
SYN-0005214,Cardiology,73,2025-09-20T01:22,2025-09-20T01:47,2025-09-20T02:38,25,76
SYN-0005215,Imaging,36,2025-05-19T02:26,2025-05-19T03:01,2025-05-19T03:43,35,77
SYN-0005216,General Medicine,44,2025-04-08T00:54,2025-04-08T03:06,2025-04-08T04:30,132,216
SYN-0005217,General Medicine,23,2025-07-08T15:41,2025-07-08T17:34,2025-07-08T19:18,113,217
SYN-0005218,Cardiology,48,2025-08-23T14:09,2025-08-23T15:25,2025-08-23T16:44,76,155
SYN-0005219,Cardiology,93,2025-10-01T20:09,2025-10-01T21:04,2025-10-01T23:46,55,217
SYN-0005220,Cardiology,78,2025-11-16T21:15,2025-11-16T21:53,2025-11-16T23:20,38,125
SYN-0005221,Cardiology,86,2025-06-12T23:47,2025-06-13T01:11,2025-06-13T02:36,84,169
SYN-0005222,Orthopedics,35,2025-02-04T00:44,2025-02-04T02:12,2025-02-04T03:18,88,154
SYN-0005223,Cardiology,50,2025-03-10T09:23,2025-03-10T09:51,2025-03-10T10:41,28,78
SYN-0005224,Emergency,47,2025-05-18T13:14,2025-05-18T13:40,2025-05-18T17:46,26,272
SYN-0005225,Cardiology,35,2025-08-02T14:24,2025-08-02T15:35,2025-08-02T17:31,71,187
SYN-0005226,Cardiology,95,2025-02-21T09:51,2025-02-21T10:34,2025-02-21T13:25,43,214
SYN-0005227,General Medicine,79,2025-01-07T14:54,2025-01-07T17:18,2025-01-07T18:26,144,212
SYN-0005228,Orthopedics,60,2025-03-03T05:49,2025-03-03T07:38,2025-03-03T09:30,109,221
SYN-0005229,Orthopedics,67,2025-04-03T08:38,2025-04-03T10:11,2025-04-03T12:08,93,210
SYN-0005230,Emergency,90,2025-11-14T18:56,2025-11-14T20:59,2025-11-15T00:14,123,318
SYN-0005231,General Medicine,33,2025-06-11T00:39,2025-06-11T01:06,2025-06-11T02:27,27,108
SYN-0005232,Emergency,54,2025-10-14T10:14,2025-10-14T10:24,2025-10-14T17:00,10,406
SYN-0005233,Cardiology,73,2025-05-15T04:57,2025-05-15T05:29,2025-05-15T06:53,32,116
SYN-0005234,Cardiology,77,2025-11-24T05:50,2025-11-24T06:11,2025-11-24T09:02,21,192
SYN-0005235,Imaging,71,2025-02-24T22:16,2025-02-24T22:48,2025-02-24T23:29,32,73
SYN-0005236,General Medicine,56,2025-10-20T14:07,2025-10-20T14:25,2025-10-20T16:36,18,149
SYN-0005237,Imaging,44,2025-01-03T12:16,2025-01-03T12:24,2025-01-03T13:35,8,79
SYN-0005238,General Medicine,66,2025-06-23T08:03,2025-06-23T09:45,2025-06-23T10:28,102,145
SYN-0005239,Emergency,39,2025-08-17T01:25,2025-08-17T03:00,2025-08-17T08:44,95,439
SYN-0005240,General Medicine,35,2025-08-10T12:54,2025-08-10T15:12,2025-08-10T19:05,138,371
SYN-0005241,Orthopedics,56,2025-12-11T08:49,2025-12-11T09:04,2025-12-11T09:43,15,54
SYN-0005242,Emergency,20,2025-07-16T18:56,2025-07-16T19:39,2025-07-17T00:22,43,326
SYN-0005243,Imaging,72,2025-05-02T14:36,2025-05-02T15:41,2025-05-02T16:42,65,126
SYN-0005244,Imaging,90,2025-09-28T08:04,2025-09-28T09:02,2025-09-28T09:34,58,90
SYN-0005245,Emergency,19,2025-04-27T10:28,2025-04-27T14:13,2025-04-27T18:23,225,475
SYN-0005246,Emergency,42,2025-10-22T19:03,2025-10-22T20:15,2025-10-23T02:46,72,463
SYN-0005247,General Medicine,51,2025-10-21T20:22,2025-10-21T22:03,2025-10-22T01:15,101,293
SYN-0005248,Imaging,52,2025-11-23T02:09,2025-11-23T02:23,2025-11-23T03:14,14,65
SYN-0005249,Orthopedics,31,2025-06-02T02:11,2025-06-02T03:32,2025-06-02T06:06,81,235
SYN-0005250,General Medicine,91,2025-12-19T17:35,2025-12-19T18:40,2025-12-19T21:40,65,245
SYN-0005251,General Medicine,50,2025-02-26T08:25,2025-02-26T09:46,2025-02-26T12:49,81,264
SYN-0005252,General Medicine,93,2025-01-26T00:51,2025-01-26T03:10,2025-01-26T05:29,139,278
SYN-0005253,General Medicine,19,2025-08-17T08:15,2025-08-17T09:45,2025-08-17T13:43,90,328
SYN-0005254,Orthopedics,71,2025-04-15T01:45,2025-04-15T03:06,2025-04-15T04:29,81,164
SYN-0005255,Imaging,34,2025-04-03T21:15,2025-04-03T21:57,2025-04-03T22:39,42,84
SYN-0005256,Cardiology,30,2025-10-05T10:33,2025-10-05T11:53,2025-10-05T13:43,80,190
SYN-0005257,Cardiology,31,2025-02-24T08:15,2025-02-24T08:32,2025-02-24T09:57,17,102
SYN-0005258,Orthopedics,47,2025-09-05T04:02,2025-09-05T05:25,2025-09-05T07:08,83,186
SYN-0005259,Orthopedics,41,2025-02-23T07:51,2025-02-23T07:58,2025-02-23T08:29,7,38
SYN-0005260,Imaging,42,2025-04-11T02:28,2025-04-11T03:28,2025-04-11T04:03,60,95
SYN-0005261,General Medicine,81,2025-08-10T12:01,2025-08-10T14:26,2025-08-10T17:56,145,355
SYN-0005262,Orthopedics,68,2025-09-06T07:32,2025-09-06T07:59,2025-09-06T09:10,27,98
SYN-0005263,Imaging,83,2025-02-16T18:13,2025-02-16T19:22,2025-02-16T20:39,69,146
SYN-0005264,General Medicine,44,2025-04-04T18:22,2025-04-04T20:46,2025-04-04T21:52,144,210
SYN-0005265,Imaging,25,2025-12-18T18:24,2025-12-18T19:36,2025-12-18T21:00,72,156
SYN-0005266,Orthopedics,26,2025-07-31T06:16,2025-07-31T07:45,2025-07-31T10:34,89,258
SYN-0005267,Imaging,27,2025-10-07T22:13,2025-10-07T23:24,2025-10-07T23:45,71,92
SYN-0005268,Cardiology,57,2025-10-19T20:43,2025-10-19T21:20,2025-10-19T23:39,37,176
SYN-0005269,Imaging,21,2025-10-13T00:28,2025-10-13T01:41,2025-10-13T02:30,73,122
SYN-0005270,Orthopedics,52,2025-11-20T04:21,2025-11-20T05:31,2025-11-20T07:50,70,209
SYN-0005271,General Medicine,18,2025-06-25T19:30,2025-06-25T21:19,2025-06-25T22:38,109,188
SYN-0005272,General Medicine,68,2025-05-27T14:30,2025-05-27T16:33,2025-05-27T17:42,123,192
SYN-0005273,Emergency,91,2025-02-13T05:17,2025-02-13T05:39,2025-02-13T13:18,22,481
SYN-0005274,Cardiology,69,2025-10-07T18:13,2025-10-07T19:11,2025-10-07T20:17,58,124
SYN-0005275,Cardiology,59,2025-11-01T21:13,2025-11-01T21:18,2025-11-01T22:28,5,75
SYN-0005276,Orthopedics,82,2025-11-24T09:39,2025-11-24T11:39,2025-11-24T13:30,120,231
SYN-0005277,Imaging,84,2025-12-30T13:14,2025-12-30T13:54,2025-12-30T14:51,40,97
SYN-0005278,Imaging,81,2025-09-19T00:47,2025-09-19T01:33,2025-09-19T02:29,46,102
SYN-0005279,Orthopedics,78,2025-07-05T12:21,2025-07-05T12:38,2025-07-05T13:52,17,91
SYN-0005280,Imaging,24,2025-01-05T23:41,2025-01-06T00:21,2025-01-06T00:36,40,55
SYN-0005281,Imaging,84,2025-09-03T19:36,2025-09-03T20:48,2025-09-03T22:00,72,144
SYN-0005282,Imaging,25,2025-08-01T00:34,2025-08-01T01:46,2025-08-01T02:17,72,103
SYN-0005283,Orthopedics,63,2025-10-06T14:40,2025-10-06T14:54,2025-10-06T17:10,14,150
SYN-0005284,Orthopedics,40,2025-04-23T01:42,2025-04-23T02:28,2025-04-23T03:25,46,103
SYN-0005285,Orthopedics,26,2025-07-09T08:02,2025-07-09T09:57,2025-07-09T11:44,115,222
SYN-0005286,General Medicine,36,2025-01-04T14:18,2025-01-04T16:28,2025-01-04T18:13,130,235
SYN-0005287,Cardiology,86,2025-10-24T00:43,2025-10-24T01:13,2025-10-24T04:13,30,210
SYN-0005288,Imaging,58,2025-06-19T22:37,2025-06-19T22:44,2025-06-20T00:04,7,87
SYN-0005289,Imaging,20,2025-11-26T14:22,2025-11-26T14:32,2025-11-26T14:55,10,33
SYN-0005290,Cardiology,56,2025-02-03T04:36,2025-02-03T05:33,2025-02-03T07:07,57,151
SYN-0005291,Orthopedics,25,2025-10-27T10:27,2025-10-27T10:51,2025-10-27T12:15,24,108
SYN-0005292,Cardiology,87,2025-02-05T07:47,2025-02-05T07:57,2025-02-05T10:07,10,140
SYN-0005293,General Medicine,95,2025-01-23T03:13,2025-01-23T05:39,2025-01-23T07:06,146,233
SYN-0005294,Orthopedics,52,2025-06-04T19:17,2025-06-04T20:57,2025-06-04T21:44,100,147
SYN-0005295,General Medicine,26,2025-11-12T11:44,2025-11-12T11:57,2025-11-12T14:56,13,192
SYN-0005296,General Medicine,91,2025-12-20T00:20,2025-12-20T02:31,2025-12-20T05:33,131,313
SYN-0005297,Imaging,37,2025-09-03T03:07,2025-09-03T03:29,2025-09-03T04:18,22,71
SYN-0005298,General Medicine,64,2025-06-02T17:33,2025-06-02T18:51,2025-06-02T19:49,78,136
SYN-0005299,Imaging,56,2025-01-10T14:22,2025-01-10T15:01,2025-01-10T16:23,39,121
SYN-0005300,Orthopedics,63,2025-05-30T00:24,2025-05-30T00:34,2025-05-30T03:02,10,158
SYN-0005301,Imaging,91,2025-01-11T07:28,2025-01-11T08:35,2025-01-11T09:28,67,120
SYN-0005302,Orthopedics,20,2025-07-02T22:17,2025-07-02T23:25,2025-07-03T00:52,68,155
SYN-0005303,Orthopedics,35,2025-02-02T21:10,2025-02-02T22:29,2025-02-03T01:19,79,249
SYN-0005304,Imaging,52,2025-07-02T18:06,2025-07-02T18:11,2025-07-02T18:47,5,41
SYN-0005305,Cardiology,29,2025-06-19T20:39,2025-06-19T22:07,2025-06-19T23:03,88,144
SYN-0005306,Orthopedics,84,2025-08-30T20:16,2025-08-30T21:28,2025-08-30T22:33,72,137
SYN-0005307,Orthopedics,42,2025-12-08T06:08,2025-12-08T07:31,2025-12-08T08:05,83,117
SYN-0005308,Orthopedics,30,2025-06-15T13:21,2025-06-15T13:45,2025-06-15T14:25,24,64
SYN-0005309,General Medicine,78,2025-12-01T20:13,2025-12-01T22:15,2025-12-02T01:35,122,322
SYN-0005310,Orthopedics,64,2025-12-02T03:54,2025-12-02T05:07,2025-12-02T07:28,73,214
SYN-0005311,General Medicine,26,2025-08-13T20:01,2025-08-13T21:44,2025-08-13T22:43,103,162
SYN-0005312,General Medicine,84,2025-07-14T15:29,2025-07-14T17:27,2025-07-14T21:05,118,336
SYN-0005313,Cardiology,84,2025-12-31T17:10,2025-12-31T17:40,2025-12-31T18:25,30,75
SYN-0005314,Cardiology,83,2025-10-16T16:08,2025-10-16T17:30,2025-10-16T19:36,82,208
SYN-0005315,Orthopedics,38,2025-11-03T01:00,2025-11-03T01:18,2025-11-03T04:14,18,194
SYN-0005316,Cardiology,72,2025-05-03T13:31,2025-05-03T14:58,2025-05-03T16:39,87,188
SYN-0005317,Emergency,88,2025-09-20T13:50,2025-09-20T17:08,2025-09-20T23:07,198,557
SYN-0005318,Imaging,71,2025-12-01T09:54,2025-12-01T10:34,2025-12-01T11:10,40,76
SYN-0005319,Imaging,30,2025-06-02T18:17,2025-06-02T18:59,2025-06-02T20:20,42,123
SYN-0005320,Imaging,69,2025-10-07T13:59,2025-10-07T14:28,2025-10-07T14:43,29,44
SYN-0005321,Cardiology,65,2025-03-04T22:51,2025-03-05T00:11,2025-03-05T01:50,80,179
SYN-0005322,Emergency,77,2025-03-07T18:35,2025-03-07T22:12,2025-03-08T03:13,217,518
SYN-0005323,General Medicine,36,2025-08-03T17:46,2025-08-03T20:04,2025-08-03T21:12,138,206
SYN-0005324,Imaging,71,2025-08-16T11:44,2025-08-16T12:35,2025-08-16T13:33,51,109
SYN-0005325,General Medicine,71,2025-01-18T01:00,2025-01-18T03:30,2025-01-18T06:31,150,331
SYN-0005326,Cardiology,36,2025-12-02T02:01,2025-12-02T02:36,2025-12-02T03:55,35,114
SYN-0005327,Cardiology,75,2025-03-28T16:29,2025-03-28T17:57,2025-03-28T20:43,88,254
SYN-0005328,General Medicine,37,2025-01-20T15:25,2025-01-20T17:43,2025-01-20T20:41,138,316
SYN-0005329,Cardiology,22,2025-02-11T05:24,2025-02-11T05:58,2025-02-11T08:43,34,199
SYN-0005330,Imaging,25,2025-11-23T05:44,2025-11-23T06:29,2025-11-23T07:18,45,94
SYN-0005331,General Medicine,75,2025-12-06T08:12,2025-12-06T09:33,2025-12-06T13:30,81,318
SYN-0005332,General Medicine,27,2025-07-08T22:55,2025-07-09T00:27,2025-07-09T03:57,92,302
SYN-0005333,Imaging,58,2025-08-17T14:51,2025-08-17T15:49,2025-08-17T17:07,58,136
SYN-0005334,Cardiology,87,2025-02-26T08:33,2025-02-26T09:53,2025-02-26T12:52,80,259
SYN-0005335,General Medicine,77,2025-06-03T00:18,2025-06-03T00:38,2025-06-03T03:03,20,165
SYN-0005336,General Medicine,59,2025-02-17T04:29,2025-02-17T04:55,2025-02-17T06:55,26,146
SYN-0005337,Imaging,65,2025-08-09T06:34,2025-08-09T06:46,2025-08-09T08:12,12,98
SYN-0005338,General Medicine,88,2025-10-22T21:39,2025-10-22T23:28,2025-10-23T00:40,109,181
SYN-0005339,Cardiology,70,2025-11-19T19:07,2025-11-19T20:16,2025-11-19T22:08,69,181
SYN-0005340,Cardiology,20,2025-04-24T06:30,2025-04-24T07:42,2025-04-24T08:32,72,122
SYN-0005341,Imaging,48,2025-04-20T21:49,2025-04-20T22:45,2025-04-20T23:10,56,81
SYN-0005342,General Medicine,41,2025-03-21T04:58,2025-03-21T06:50,2025-03-21T10:14,112,316
SYN-0005343,Emergency,60,2025-01-21T06:50,2025-01-21T09:41,2025-01-21T16:53,171,603
SYN-0005344,Emergency,37,2025-03-14T15:34,2025-03-14T18:04,2025-03-15T02:03,150,629
SYN-0005345,General Medicine,30,2025-10-09T18:43,2025-10-09T21:11,2025-10-09T23:54,148,311
SYN-0005346,General Medicine,80,2025-01-20T08:02,2025-01-20T08:46,2025-01-20T12:44,44,282
SYN-0005347,Emergency,33,2025-01-27T16:28,2025-01-27T18:20,2025-01-27T22:08,112,340
SYN-0005348,Emergency,46,2025-04-07T02:05,2025-04-07T04:11,2025-04-07T09:41,126,456
SYN-0005349,Imaging,67,2025-04-15T20:12,2025-04-15T20:35,2025-04-15T22:05,23,113
SYN-0005350,General Medicine,83,2025-07-20T04:14,2025-07-20T05:23,2025-07-20T06:50,69,156
SYN-0005351,Imaging,49,2025-02-03T15:45,2025-02-03T16:28,2025-02-03T17:41,43,116
SYN-0005352,Orthopedics,59,2025-12-24T09:52,2025-12-24T10:02,2025-12-24T12:19,10,147
SYN-0005353,Imaging,42,2025-06-14T01:09,2025-06-14T02:19,2025-06-14T03:26,70,137
SYN-0005354,Orthopedics,80,2025-01-10T15:54,2025-01-10T16:44,2025-01-10T19:08,50,194
SYN-0005355,Imaging,45,2025-05-05T09:05,2025-05-05T09:40,2025-05-05T10:07,35,62
SYN-0005356,Emergency,23,2025-09-05T18:32,2025-09-05T20:04,2025-09-05T23:22,92,290
SYN-0005357,Orthopedics,34,2025-09-18T07:21,2025-09-18T08:22,2025-09-18T09:00,61,99
SYN-0005358,Emergency,84,2025-06-12T02:58,2025-06-12T05:22,2025-06-12T09:56,144,418
SYN-0005359,Orthopedics,23,2025-07-11T19:22,2025-07-11T20:57,2025-07-11T22:38,95,196
SYN-0005360,Orthopedics,31,2025-06-02T08:40,2025-06-02T09:32,2025-06-02T12:12,52,212
SYN-0005361,Emergency,79,2025-08-13T16:37,2025-08-13T18:06,2025-08-13T19:08,89,151
SYN-0005362,Emergency,37,2025-03-16T13:37,2025-03-16T16:33,2025-03-16T23:02,176,565
SYN-0005363,Cardiology,43,2025-02-05T20:10,2025-02-05T21:37,2025-02-05T23:44,87,214
SYN-0005364,Imaging,59,2025-03-24T21:20,2025-03-24T22:33,2025-03-24T23:44,73,144
SYN-0005365,Imaging,92,2025-01-28T06:54,2025-01-28T08:07,2025-01-28T08:31,73,97
SYN-0005366,Imaging,36,2025-02-08T21:52,2025-02-08T22:54,2025-02-09T00:06,62,134
SYN-0005367,Cardiology,63,2025-07-14T10:19,2025-07-14T11:45,2025-07-14T13:47,86,208
SYN-0005368,Imaging,70,2025-07-11T19:19,2025-07-11T20:29,2025-07-11T21:21,70,122
SYN-0005369,Imaging,72,2025-06-18T20:47,2025-06-18T21:29,2025-06-18T21:47,42,60
SYN-0005370,Imaging,73,2025-02-18T08:18,2025-02-18T09:01,2025-02-18T09:18,43,60
SYN-0005371,Cardiology,45,2025-12-16T08:30,2025-12-16T08:52,2025-12-16T10:58,22,148
SYN-0005372,Imaging,63,2025-03-28T16:06,2025-03-28T17:15,2025-03-28T17:56,69,110
SYN-0005373,General Medicine,38,2025-11-26T20:51,2025-11-26T23:08,2025-11-27T01:11,137,260
SYN-0005374,General Medicine,47,2025-11-16T19:15,2025-11-16T20:02,2025-11-16T23:21,47,246
SYN-0005375,Emergency,22,2025-06-01T17:39,2025-06-01T19:59,2025-06-01T23:50,140,371
SYN-0005376,Cardiology,89,2025-08-30T08:06,2025-08-30T09:23,2025-08-30T10:30,77,144
SYN-0005377,Orthopedics,47,2025-04-30T04:28,2025-04-30T06:03,2025-04-30T07:50,95,202
SYN-0005378,Cardiology,66,2025-03-07T21:04,2025-03-07T21:31,2025-03-07T23:32,27,148
SYN-0005379,Orthopedics,50,2025-09-10T15:33,2025-09-10T15:46,2025-09-10T18:36,13,183
SYN-0005380,General Medicine,67,2025-11-12T04:47,2025-11-12T06:00,2025-11-12T08:59,73,252
SYN-0005381,Emergency,55,2025-08-07T08:58,2025-08-07T11:07,2025-08-07T13:23,129,265
SYN-0005382,Imaging,40,2025-10-11T02:21,2025-10-11T03:26,2025-10-11T04:13,65,112
SYN-0005383,Emergency,87,2025-09-17T18:25,2025-09-17T20:03,2025-09-18T02:53,98,508
SYN-0005384,Orthopedics,52,2025-12-21T15:55,2025-12-21T17:23,2025-12-21T18:14,88,139
SYN-0005385,General Medicine,74,2025-02-16T08:13,2025-02-16T08:52,2025-02-16T11:10,39,177
SYN-0005386,Emergency,39,2025-04-28T15:29,2025-04-28T17:05,2025-04-28T17:41,96,132
SYN-0005387,Emergency,69,2025-03-10T11:31,2025-03-10T13:52,2025-03-10T20:02,141,511
SYN-0005388,General Medicine,30,2025-07-28T18:04,2025-07-28T18:32,2025-07-28T21:47,28,223
SYN-0005389,Cardiology,67,2025-12-16T04:05,2025-12-16T04:48,2025-12-16T06:43,43,158
SYN-0005390,Emergency,89,2025-07-05T18:59,2025-07-05T22:09,2025-07-06T03:41,190,522
SYN-0005391,Cardiology,21,2025-07-29T13:41,2025-07-29T14:48,2025-07-29T17:28,67,227
SYN-0005392,Cardiology,54,2025-10-22T23:04,2025-10-23T00:24,2025-10-23T01:41,80,157
SYN-0005393,Cardiology,72,2025-04-21T08:44,2025-04-21T09:14,2025-04-21T10:06,30,82
SYN-0005394,Orthopedics,41,2025-10-07T23:06,2025-10-08T00:46,2025-10-08T01:23,100,137
SYN-0005395,Emergency,66,2025-10-30T15:25,2025-10-30T17:57,2025-10-30T20:03,152,278
SYN-0005396,Imaging,71,2025-10-02T22:13,2025-10-02T23:16,2025-10-02T23:46,63,93
SYN-0005397,Imaging,35,2025-01-02T02:08,2025-01-02T03:08,2025-01-02T03:32,60,84
SYN-0005398,Orthopedics,53,2025-06-25T03:13,2025-06-25T04:53,2025-06-25T07:03,100,230
SYN-0005399,Cardiology,35,2025-04-04T05:03,2025-04-04T05:12,2025-04-04T06:31,9,88
SYN-0005400,Cardiology,44,2025-02-22T16:45,2025-02-22T17:24,2025-02-22T18:19,39,94
SYN-0005401,Imaging,71,2025-06-10T17:08,2025-06-10T18:07,2025-06-10T19:32,59,144
SYN-0005402,Imaging,78,2025-03-10T07:03,2025-03-10T07:53,2025-03-10T08:10,50,67
SYN-0005403,Imaging,56,2025-04-20T00:32,2025-04-20T00:46,2025-04-20T01:42,14,70
SYN-0005404,Orthopedics,53,2025-03-29T14:21,2025-03-29T16:10,2025-03-29T18:23,109,242
SYN-0005405,Orthopedics,49,2025-06-03T20:32,2025-06-03T20:40,2025-06-03T21:52,8,80
SYN-0005406,Orthopedics,68,2025-08-10T09:34,2025-08-10T09:47,2025-08-10T12:14,13,160
SYN-0005407,Orthopedics,66,2025-04-13T00:38,2025-04-13T01:38,2025-04-13T03:26,60,168
SYN-0005408,Emergency,49,2025-10-07T10:10,2025-10-07T10:48,2025-10-07T15:59,38,349
SYN-0005409,Imaging,26,2025-06-08T21:03,2025-06-08T21:24,2025-06-08T22:27,21,84
SYN-0005410,General Medicine,60,2025-10-05T17:18,2025-10-05T18:59,2025-10-05T22:37,101,319
SYN-0005411,Orthopedics,80,2025-05-14T01:02,2025-05-14T02:21,2025-05-14T03:31,79,149
SYN-0005412,Imaging,56,2025-03-09T11:43,2025-03-09T12:36,2025-03-09T13:24,53,101
SYN-0005413,General Medicine,88,2025-06-07T12:40,2025-06-07T13:01,2025-06-07T13:37,21,57
SYN-0005414,Orthopedics,61,2025-09-01T14:12,2025-09-01T14:17,2025-09-01T15:32,5,80
SYN-0005415,Emergency,52,2025-06-01T16:03,2025-06-01T19:19,2025-06-02T01:58,196,595
SYN-0005416,Orthopedics,79,2025-10-18T18:48,2025-10-18T20:20,2025-10-18T21:55,92,187
SYN-0005417,Cardiology,56,2025-01-01T13:52,2025-01-01T14:20,2025-01-01T16:03,28,131
SYN-0005418,Imaging,50,2025-02-18T03:15,2025-02-18T03:50,2025-02-18T04:34,35,79
SYN-0005419,Orthopedics,65,2025-03-02T22:37,2025-03-02T23:17,2025-03-03T01:23,40,166
SYN-0005420,Imaging,37,2025-05-25T03:49,2025-05-25T04:31,2025-05-25T06:00,42,131
SYN-0005421,Orthopedics,93,2025-07-09T20:18,2025-07-09T20:34,2025-07-09T21:33,16,75
SYN-0005422,Imaging,93,2025-12-06T17:40,2025-12-06T18:52,2025-12-06T20:13,72,153
SYN-0005423,Orthopedics,19,2025-04-08T14:02,2025-04-08T14:34,2025-04-08T15:20,32,78
SYN-0005424,Orthopedics,54,2025-08-23T15:23,2025-08-23T15:29,2025-08-23T18:28,6,185
SYN-0005425,Cardiology,72,2025-11-14T01:58,2025-11-14T02:59,2025-11-14T05:50,61,232
SYN-0005426,Emergency,85,2025-02-07T16:42,2025-02-07T19:03,2025-02-07T21:12,141,270
SYN-0005427,Orthopedics,30,2025-02-13T12:38,2025-02-13T13:47,2025-02-13T14:30,69,112
SYN-0005428,General Medicine,57,2025-03-04T11:00,2025-03-04T13:12,2025-03-04T14:44,132,224
SYN-0005429,Cardiology,29,2025-08-25T08:18,2025-08-25T09:37,2025-08-25T10:43,79,145
SYN-0005430,Emergency,79,2025-11-12T09:34,2025-11-12T10:48,2025-11-12T13:15,74,221
SYN-0005431,General Medicine,19,2025-03-17T15:31,2025-03-17T17:26,2025-03-17T18:39,115,188
SYN-0005432,Imaging,30,2025-11-29T03:03,2025-11-29T04:18,2025-11-29T04:42,75,99
SYN-0005433,Emergency,85,2025-10-23T04:41,2025-10-23T07:28,2025-10-23T13:41,167,540
SYN-0005434,Orthopedics,60,2025-04-04T20:14,2025-04-04T21:13,2025-04-04T23:00,59,166
SYN-0005435,Imaging,36,2025-01-02T16:11,2025-01-02T16:22,2025-01-02T17:29,11,78
SYN-0005436,Imaging,65,2025-02-22T12:04,2025-02-22T12:34,2025-02-22T13:20,30,76
SYN-0005437,Orthopedics,69,2025-01-09T21:51,2025-01-09T22:18,2025-01-09T23:38,27,107
SYN-0005438,Emergency,24,2025-05-23T04:01,2025-05-23T04:24,2025-05-23T06:28,23,147
SYN-0005439,Cardiology,60,2025-09-02T02:45,2025-09-02T03:54,2025-09-02T06:29,69,224
SYN-0005440,Emergency,39,2025-04-11T13:34,2025-04-11T16:36,2025-04-11T19:53,182,379
SYN-0005441,Orthopedics,55,2025-03-11T18:53,2025-03-11T20:32,2025-03-11T21:26,99,153
SYN-0005442,Cardiology,79,2025-10-25T17:18,2025-10-25T17:26,2025-10-25T19:54,8,156
SYN-0005443,Emergency,50,2025-02-24T21:29,2025-02-24T22:05,2025-02-25T01:16,36,227
SYN-0005444,Orthopedics,20,2025-04-14T03:49,2025-04-14T05:28,2025-04-14T08:28,99,279
SYN-0005445,Emergency,49,2025-11-06T01:11,2025-11-06T05:01,2025-11-06T08:56,230,465
SYN-0005446,Cardiology,35,2025-04-04T17:37,2025-04-04T18:48,2025-04-04T20:09,71,152
SYN-0005447,Cardiology,58,2025-01-23T22:37,2025-01-23T23:17,2025-01-24T00:11,40,94
SYN-0005448,Cardiology,40,2025-05-15T02:56,2025-05-15T04:16,2025-05-15T05:34,80,158
SYN-0005449,Emergency,21,2025-04-12T19:50,2025-04-12T21:35,2025-04-13T01:18,105,328
SYN-0005450,Emergency,27,2025-02-03T18:08,2025-02-03T21:07,2025-02-04T03:55,179,587
SYN-0005451,Emergency,86,2025-07-06T10:22,2025-07-06T13:46,2025-07-06T16:02,204,340
SYN-0005452,Orthopedics,42,2025-03-15T13:36,2025-03-15T14:07,2025-03-15T15:34,31,118
SYN-0005453,Cardiology,41,2025-09-22T18:40,2025-09-22T20:07,2025-09-22T21:36,87,176
SYN-0005454,General Medicine,38,2025-06-06T07:45,2025-06-06T09:31,2025-06-06T10:30,106,165
SYN-0005455,Cardiology,70,2025-09-02T07:54,2025-09-02T09:15,2025-09-02T11:05,81,191
SYN-0005456,Orthopedics,56,2025-06-07T16:58,2025-06-07T17:45,2025-06-07T18:47,47,109
SYN-0005457,Cardiology,56,2025-08-06T06:56,2025-08-06T08:05,2025-08-06T10:32,69,216
SYN-0005458,General Medicine,40,2025-01-04T14:58,2025-01-04T17:01,2025-01-04T19:20,123,262
SYN-0005459,Orthopedics,72,2025-11-10T03:38,2025-11-10T04:57,2025-11-10T07:38,79,240
SYN-0005460,Cardiology,92,2025-02-09T16:36,2025-02-09T17:15,2025-02-09T18:44,39,128
SYN-0005461,Orthopedics,78,2025-11-27T11:01,2025-11-27T11:37,2025-11-27T13:58,36,177
SYN-0005462,Cardiology,78,2025-05-10T03:21,2025-05-10T04:01,2025-05-10T06:18,40,177
SYN-0005463,Cardiology,60,2025-03-09T01:49,2025-03-09T02:39,2025-03-09T05:07,50,198
SYN-0005464,Cardiology,60,2025-09-28T02:24,2025-09-28T03:18,2025-09-28T05:46,54,202
SYN-0005465,General Medicine,67,2025-12-22T07:06,2025-12-22T07:32,2025-12-22T09:10,26,124
SYN-0005466,Cardiology,71,2025-02-14T02:41,2025-02-14T03:33,2025-02-14T05:21,52,160
SYN-0005467,Imaging,78,2025-07-14T03:11,2025-07-14T03:54,2025-07-14T04:22,43,71
SYN-0005468,Orthopedics,92,2025-10-22T10:00,2025-10-22T10:33,2025-10-22T12:06,33,126
SYN-0005469,Orthopedics,52,2025-11-18T12:19,2025-11-18T12:44,2025-11-18T14:27,25,128
SYN-0005470,Imaging,61,2025-06-19T21:39,2025-06-19T22:39,2025-06-19T23:34,60,115
SYN-0005471,Cardiology,91,2025-04-03T16:24,2025-04-03T17:40,2025-04-03T20:09,76,225
SYN-0005472,General Medicine,37,2025-07-01T22:17,2025-07-01T23:53,2025-07-02T03:34,96,317
SYN-0005473,Orthopedics,93,2025-12-26T14:43,2025-12-26T15:13,2025-12-26T17:22,30,159
SYN-0005474,Cardiology,78,2025-09-04T16:10,2025-09-04T16:53,2025-09-04T18:04,43,114
SYN-0005475,Emergency,71,2025-11-30T06:18,2025-11-30T07:08,2025-11-30T13:06,50,408
SYN-0005476,Cardiology,52,2025-08-24T21:59,2025-08-24T23:24,2025-08-25T01:06,85,187
SYN-0005477,Cardiology,88,2025-10-27T03:40,2025-10-27T05:09,2025-10-27T07:07,89,207
SYN-0005478,Orthopedics,91,2025-06-29T09:17,2025-06-29T10:26,2025-06-29T12:45,69,208
SYN-0005479,Emergency,68,2025-03-15T17:47,2025-03-15T19:42,2025-03-16T02:53,115,546
SYN-0005480,General Medicine,93,2025-12-09T12:38,2025-12-09T13:25,2025-12-09T15:10,47,152
SYN-0005481,Cardiology,30,2025-10-30T09:33,2025-10-30T10:56,2025-10-30T12:00,83,147
SYN-0005482,Orthopedics,28,2025-12-31T03:45,2025-12-31T05:40,2025-12-31T07:07,115,202
SYN-0005483,Emergency,77,2025-05-24T06:10,2025-05-24T08:00,2025-05-24T15:10,110,540
SYN-0005484,Emergency,81,2025-01-17T20:04,2025-01-17T20:21,2025-01-17T22:56,17,172
SYN-0005485,Cardiology,25,2025-10-04T08:56,2025-10-04T10:01,2025-10-04T11:19,65,143
SYN-0005486,Imaging,53,2025-03-11T11:33,2025-03-11T11:59,2025-03-11T12:14,26,41
SYN-0005487,General Medicine,88,2025-12-17T23:05,2025-12-18T01:03,2025-12-18T05:01,118,356
SYN-0005488,Emergency,53,2025-10-09T12:16,2025-10-09T14:48,2025-10-09T16:29,152,253
SYN-0005489,General Medicine,33,2025-04-06T23:37,2025-04-07T00:40,2025-04-07T01:40,63,123
SYN-0005490,Orthopedics,74,2025-08-05T21:18,2025-08-05T22:13,2025-08-05T23:33,55,135
SYN-0005491,Imaging,36,2025-07-22T09:53,2025-07-22T10:21,2025-07-22T11:17,28,84
SYN-0005492,General Medicine,62,2025-08-04T22:22,2025-08-04T23:14,2025-08-05T01:23,52,181
SYN-0005493,Imaging,76,2025-03-21T06:53,2025-03-21T07:24,2025-03-21T08:03,31,70
SYN-0005494,Cardiology,45,2025-01-09T06:19,2025-01-09T07:38,2025-01-09T09:39,79,200
SYN-0005495,Imaging,32,2025-02-28T04:46,2025-02-28T05:24,2025-02-28T06:43,38,117
SYN-0005496,Cardiology,55,2025-10-07T02:05,2025-10-07T03:32,2025-10-07T06:02,87,237
SYN-0005497,General Medicine,75,2025-10-26T13:14,2025-10-26T15:21,2025-10-26T16:13,127,179
SYN-0005498,Emergency,45,2025-06-13T06:06,2025-06-13T08:01,2025-06-13T14:20,115,494
SYN-0005499,Orthopedics,31,2025-01-24T22:17,2025-01-24T22:50,2025-01-24T23:48,33,91
SYN-0005500,Imaging,91,2025-09-12T19:01,2025-09-12T19:19,2025-09-12T19:55,18,54
SYN-0005501,Emergency,90,2025-06-29T18:51,2025-06-29T19:30,2025-06-29T23:25,39,274
SYN-0005502,General Medicine,28,2025-01-25T16:13,2025-01-25T17:32,2025-01-25T21:09,79,296
SYN-0005503,Cardiology,52,2025-07-18T04:36,2025-07-18T05:09,2025-07-18T06:53,33,137
SYN-0005504,Cardiology,44,2025-12-18T00:06,2025-12-18T01:11,2025-12-18T03:43,65,217
SYN-0005505,Orthopedics,23,2025-07-24T22:38,2025-07-24T23:51,2025-07-25T00:46,73,128
SYN-0005506,General Medicine,29,2025-07-13T04:29,2025-07-13T06:58,2025-07-13T10:52,149,383
SYN-0005507,Emergency,81,2025-11-13T03:30,2025-11-13T03:58,2025-11-13T11:50,28,500
SYN-0005508,General Medicine,50,2025-02-23T19:43,2025-02-23T20:48,2025-02-23T21:27,65,104
SYN-0005509,General Medicine,19,2025-10-19T14:29,2025-10-19T15:02,2025-10-19T15:58,33,89
SYN-0005510,Orthopedics,24,2025-01-19T03:25,2025-01-19T04:44,2025-01-19T05:35,79,130
SYN-0005511,Orthopedics,37,2025-01-29T03:30,2025-01-29T04:58,2025-01-29T06:09,88,159
SYN-0005512,General Medicine,69,2025-03-28T16:53,2025-03-28T18:49,2025-03-28T21:05,116,252
SYN-0005513,General Medicine,95,2025-02-22T16:28,2025-02-22T16:46,2025-02-22T20:27,18,239
SYN-0005514,Emergency,33,2025-04-16T03:12,2025-04-16T04:25,2025-04-16T07:24,73,252
SYN-0005515,Cardiology,56,2025-08-28T15:54,2025-08-28T16:32,2025-08-28T19:25,38,211
SYN-0005516,General Medicine,44,2025-02-13T15:04,2025-02-13T16:20,2025-02-13T17:29,76,145
SYN-0005517,Orthopedics,25,2025-11-06T19:34,2025-11-06T20:04,2025-11-06T20:53,30,79
SYN-0005518,Imaging,44,2025-03-14T14:11,2025-03-14T14:28,2025-03-14T15:45,17,94
SYN-0005519,General Medicine,59,2025-02-28T03:15,2025-02-28T05:02,2025-02-28T05:47,107,152
SYN-0005520,Imaging,32,2025-12-27T19:42,2025-12-27T19:59,2025-12-27T20:25,17,43
SYN-0005521,Cardiology,20,2025-08-14T07:48,2025-08-14T08:10,2025-08-14T09:20,22,92
SYN-0005522,Cardiology,38,2025-01-04T03:17,2025-01-04T04:00,2025-01-04T06:43,43,206
SYN-0005523,General Medicine,33,2025-03-09T00:05,2025-03-09T00:37,2025-03-09T02:21,32,136
SYN-0005524,Cardiology,58,2025-08-06T18:41,2025-08-06T19:54,2025-08-06T22:36,73,235
SYN-0005525,Cardiology,73,2025-06-05T04:39,2025-06-05T05:46,2025-06-05T06:50,67,131
SYN-0005526,Imaging,66,2025-12-24T10:23,2025-12-24T11:33,2025-12-24T12:35,70,132
SYN-0005527,Orthopedics,95,2025-05-17T13:11,2025-05-17T15:06,2025-05-17T17:25,115,254
SYN-0005528,Emergency,22,2025-02-28T00:42,2025-02-28T01:53,2025-02-28T07:06,71,384
SYN-0005529,Imaging,33,2025-10-03T22:38,2025-10-03T23:21,2025-10-03T23:50,43,72
SYN-0005530,General Medicine,37,2025-07-01T16:23,2025-07-01T17:46,2025-07-01T18:59,83,156
SYN-0005531,Emergency,27,2025-02-04T20:51,2025-02-04T22:30,2025-02-05T01:25,99,274
SYN-0005532,Cardiology,60,2025-06-08T14:14,2025-06-08T14:29,2025-06-08T16:39,15,145
SYN-0005533,Emergency,41,2025-11-12T13:12,2025-11-12T15:07,2025-11-12T20:42,115,450
SYN-0005534,Imaging,62,2025-07-04T10:13,2025-07-04T10:26,2025-07-04T11:33,13,80
SYN-0005535,Orthopedics,81,2025-05-08T19:05,2025-05-08T19:31,2025-05-08T21:23,26,138
SYN-0005536,Orthopedics,35,2025-01-02T11:14,2025-01-02T13:13,2025-01-02T14:02,119,168
SYN-0005537,Orthopedics,77,2025-02-17T08:02,2025-02-17T08:43,2025-02-17T11:17,41,195
SYN-0005538,General Medicine,84,2025-07-20T22:00,2025-07-21T00:28,2025-07-21T03:30,148,330
SYN-0005539,General Medicine,95,2025-10-12T07:12,2025-10-12T08:53,2025-10-12T11:12,101,240
SYN-0005540,Orthopedics,25,2025-06-10T20:36,2025-06-10T21:45,2025-06-11T00:40,69,244
SYN-0005541,Emergency,73,2025-09-06T02:44,2025-09-06T04:28,2025-09-06T05:52,104,188
SYN-0005542,Imaging,64,2025-06-01T14:41,2025-06-01T15:30,2025-06-01T16:36,49,115
SYN-0005543,Orthopedics,36,2025-08-04T17:14,2025-08-04T18:58,2025-08-04T21:37,104,263
SYN-0005544,Cardiology,37,2025-11-28T19:40,2025-11-28T20:42,2025-11-28T21:49,62,129
SYN-0005545,Imaging,69,2025-09-21T07:51,2025-09-21T08:47,2025-09-21T09:19,56,88
SYN-0005546,Orthopedics,19,2025-10-06T17:35,2025-10-06T17:43,2025-10-06T19:19,8,104
SYN-0005547,Imaging,55,2025-03-02T10:35,2025-03-02T10:42,2025-03-02T11:02,7,27
SYN-0005548,Orthopedics,66,2025-01-04T17:01,2025-01-04T17:20,2025-01-04T18:46,19,105
SYN-0005549,General Medicine,23,2025-07-09T19:39,2025-07-09T21:36,2025-07-09T22:52,117,193
SYN-0005550,General Medicine,18,2025-03-16T17:11,2025-03-16T19:14,2025-03-16T23:03,123,352
SYN-0005551,Emergency,70,2025-10-27T21:36,2025-10-28T00:29,2025-10-28T07:55,173,619
SYN-0005552,General Medicine,30,2025-07-18T00:33,2025-07-18T00:58,2025-07-18T04:20,25,227
SYN-0005553,Imaging,18,2025-04-13T11:14,2025-04-13T11:36,2025-04-13T12:59,22,105
SYN-0005554,Imaging,82,2025-05-20T22:29,2025-05-20T23:26,2025-05-21T00:02,57,93
SYN-0005555,Emergency,35,2025-04-28T11:34,2025-04-28T12:15,2025-04-28T15:44,41,250
SYN-0005556,Cardiology,40,2025-05-12T18:52,2025-05-12T19:15,2025-05-12T20:37,23,105
SYN-0005557,General Medicine,86,2025-01-10T14:10,2025-01-10T14:59,2025-01-10T16:41,49,151
SYN-0005558,Orthopedics,85,2025-04-24T06:20,2025-04-24T07:25,2025-04-24T09:18,65,178
SYN-0005559,Cardiology,18,2025-01-24T06:21,2025-01-24T07:11,2025-01-24T09:12,50,171
SYN-0005560,Orthopedics,75,2025-07-15T03:13,2025-07-15T03:29,2025-07-15T04:08,16,55
SYN-0005561,General Medicine,31,2025-09-29T15:05,2025-09-29T15:44,2025-09-29T17:12,39,127
SYN-0005562,Emergency,58,2025-01-22T15:04,2025-01-22T16:17,2025-01-22T19:44,73,280
SYN-0005563,Cardiology,39,2025-04-17T00:52,2025-04-17T01:37,2025-04-17T04:15,45,203
SYN-0005564,General Medicine,55,2025-11-14T23:32,2025-11-15T00:15,2025-11-15T00:46,43,74
SYN-0005565,Emergency,80,2025-09-19T16:41,2025-09-19T19:34,2025-09-20T02:02,173,561
SYN-0005566,General Medicine,85,2025-12-05T03:18,2025-12-05T03:38,2025-12-05T06:41,20,203
SYN-0005567,Cardiology,27,2025-01-13T12:28,2025-01-13T12:36,2025-01-13T13:53,8,85
SYN-0005568,Emergency,54,2025-03-16T12:17,2025-03-16T16:16,2025-03-16T19:19,239,422
SYN-0005569,Orthopedics,60,2025-02-26T05:11,2025-02-26T05:47,2025-02-26T07:34,36,143
SYN-0005570,Cardiology,54,2025-07-11T05:54,2025-07-11T07:04,2025-07-11T08:13,70,139
SYN-0005571,Imaging,34,2025-07-29T14:19,2025-07-29T15:16,2025-07-29T16:29,57,130
SYN-0005572,General Medicine,83,2025-03-03T21:31,2025-03-03T21:50,2025-03-03T23:04,19,93
SYN-0005573,General Medicine,46,2025-10-08T17:33,2025-10-08T18:40,2025-10-08T19:15,67,102
SYN-0005574,Orthopedics,47,2025-01-19T03:48,2025-01-19T04:56,2025-01-19T07:49,68,241
SYN-0005575,Imaging,46,2025-03-12T21:15,2025-03-12T21:34,2025-03-12T22:07,19,52
SYN-0005576,General Medicine,69,2025-06-24T10:27,2025-06-24T12:30,2025-06-24T14:04,123,217
SYN-0005577,General Medicine,88,2025-08-30T16:57,2025-08-30T17:10,2025-08-30T19:01,13,124
SYN-0005578,Orthopedics,93,2025-09-28T22:35,2025-09-28T23:24,2025-09-29T02:00,49,205
SYN-0005579,General Medicine,87,2025-01-16T04:28,2025-01-16T05:56,2025-01-16T09:24,88,296
SYN-0005580,Orthopedics,71,2025-01-01T11:34,2025-01-01T12:02,2025-01-01T14:59,28,205
SYN-0005581,General Medicine,56,2025-02-05T13:31,2025-02-05T15:31,2025-02-05T18:26,120,295
SYN-0005582,Orthopedics,19,2025-11-09T11:57,2025-11-09T13:56,2025-11-09T15:05,119,188
SYN-0005583,Imaging,60,2025-10-10T21:39,2025-10-10T21:52,2025-10-10T22:13,13,34
SYN-0005584,Imaging,75,2025-06-20T01:12,2025-06-20T02:15,2025-06-20T03:00,63,108
SYN-0005585,Orthopedics,28,2025-02-01T11:31,2025-02-01T12:23,2025-02-01T14:46,52,195
SYN-0005586,Imaging,71,2025-11-20T10:14,2025-11-20T10:59,2025-11-20T11:32,45,78
SYN-0005587,Emergency,56,2025-02-20T07:49,2025-02-20T08:56,2025-02-20T13:00,67,311
SYN-0005588,General Medicine,46,2025-09-18T11:30,2025-09-18T11:54,2025-09-18T12:59,24,89
SYN-0005589,Emergency,79,2025-05-22T14:16,2025-05-22T16:37,2025-05-22T19:30,141,314
SYN-0005590,Imaging,52,2025-08-04T08:47,2025-08-04T09:12,2025-08-04T10:17,25,90
SYN-0005591,Orthopedics,59,2025-05-12T07:50,2025-05-12T08:53,2025-05-12T11:30,63,220
SYN-0005592,Emergency,48,2025-05-15T02:52,2025-05-15T05:18,2025-05-15T08:12,146,320
SYN-0005593,Cardiology,56,2025-06-04T19:18,2025-06-04T19:55,2025-06-04T21:24,37,126
SYN-0005594,General Medicine,53,2025-01-24T05:39,2025-01-24T05:50,2025-01-24T09:36,11,237
SYN-0005595,Emergency,57,2025-04-02T18:20,2025-04-02T20:26,2025-04-03T02:59,126,519
SYN-0005596,Emergency,49,2025-09-07T01:01,2025-09-07T04:15,2025-09-07T07:34,194,393
SYN-0005597,Imaging,58,2025-09-04T03:37,2025-09-04T03:55,2025-09-04T04:51,18,74
SYN-0005598,Imaging,67,2025-01-21T23:12,2025-01-21T23:53,2025-01-22T01:22,41,130
SYN-0005599,Cardiology,38,2025-01-11T21:12,2025-01-11T22:20,2025-01-12T00:41,68,209
SYN-0005600,Orthopedics,25,2025-11-26T06:23,2025-11-26T06:49,2025-11-26T08:53,26,150
SYN-0005601,Cardiology,61,2025-04-16T03:33,2025-04-16T04:05,2025-04-16T05:46,32,133
SYN-0005602,General Medicine,46,2025-05-13T00:09,2025-05-13T01:33,2025-05-13T03:34,84,205
SYN-0005603,Emergency,85,2025-04-12T10:26,2025-04-12T11:58,2025-04-12T17:55,92,449
SYN-0005604,Imaging,20,2025-07-23T13:12,2025-07-23T13:45,2025-07-23T14:05,33,53
SYN-0005605,Cardiology,41,2025-10-13T16:06,2025-10-13T17:28,2025-10-13T20:04,82,238
SYN-0005606,General Medicine,30,2025-04-26T00:03,2025-04-26T00:36,2025-04-26T02:59,33,176
SYN-0005607,Imaging,34,2025-04-12T02:18,2025-04-12T03:00,2025-04-12T03:35,42,77
SYN-0005608,Emergency,77,2025-10-24T13:34,2025-10-24T15:01,2025-10-24T16:15,87,161
SYN-0005609,General Medicine,48,2025-09-19T13:10,2025-09-19T14:05,2025-09-19T15:05,55,115
SYN-0005610,General Medicine,95,2025-10-06T11:47,2025-10-06T12:42,2025-10-06T14:55,55,188
SYN-0005611,Cardiology,46,2025-10-16T12:21,2025-10-16T13:26,2025-10-16T14:12,65,111
SYN-0005612,Cardiology,33,2025-06-06T21:14,2025-06-06T22:04,2025-06-06T22:57,50,103
SYN-0005613,Cardiology,23,2025-12-31T04:05,2025-12-31T05:25,2025-12-31T06:50,80,165
SYN-0005614,Orthopedics,41,2025-01-06T12:38,2025-01-06T13:51,2025-01-06T15:52,73,194
SYN-0005615,Cardiology,92,2025-03-11T08:05,2025-03-11T08:15,2025-03-11T10:47,10,162
SYN-0005616,Emergency,49,2025-06-24T07:06,2025-06-24T07:43,2025-06-24T13:08,37,362
SYN-0005617,Cardiology,95,2025-12-23T09:02,2025-12-23T09:54,2025-12-23T11:36,52,154
SYN-0005618,Imaging,25,2025-01-02T12:01,2025-01-02T12:16,2025-01-02T12:38,15,37
SYN-0005619,Emergency,73,2025-09-06T17:44,2025-09-06T18:41,2025-09-07T01:13,57,449
SYN-0005620,Emergency,61,2025-05-15T03:13,2025-05-15T04:59,2025-05-15T06:43,106,210
SYN-0005621,Imaging,83,2025-02-16T14:18,2025-02-16T14:58,2025-02-16T16:16,40,118
SYN-0005622,Orthopedics,75,2025-01-02T18:56,2025-01-02T19:46,2025-01-02T21:35,50,159
SYN-0005623,General Medicine,54,2025-01-01T08:13,2025-01-01T08:59,2025-01-01T10:27,46,134
SYN-0005624,Orthopedics,47,2025-04-10T13:17,2025-04-10T14:55,2025-04-10T16:20,98,183
SYN-0005625,Emergency,77,2025-12-08T07:31,2025-12-08T09:19,2025-12-08T15:22,108,471
SYN-0005626,General Medicine,66,2025-08-30T09:20,2025-08-30T09:49,2025-08-30T11:31,29,131
SYN-0005627,Orthopedics,74,2025-06-28T10:47,2025-06-28T11:48,2025-06-28T13:31,61,164
SYN-0005628,Emergency,55,2025-03-28T02:54,2025-03-28T06:24,2025-03-28T13:12,210,618
SYN-0005629,Orthopedics,75,2025-02-28T10:59,2025-02-28T11:29,2025-02-28T12:25,30,86
SYN-0005630,Imaging,61,2025-11-08T16:02,2025-11-08T17:01,2025-11-08T18:09,59,127
SYN-0005631,Emergency,71,2025-12-09T22:07,2025-12-09T23:45,2025-12-10T01:45,98,218
SYN-0005632,Emergency,88,2025-04-27T14:19,2025-04-27T15:01,2025-04-27T15:44,42,85
SYN-0005633,Emergency,79,2025-08-22T20:32,2025-08-23T00:12,2025-08-23T06:40,220,608
SYN-0005634,General Medicine,25,2025-02-24T00:22,2025-02-24T00:46,2025-02-24T03:00,24,158
SYN-0005635,Cardiology,32,2025-02-20T10:11,2025-02-20T10:32,2025-02-20T12:19,21,128
SYN-0005636,Imaging,21,2025-11-18T16:59,2025-11-18T18:05,2025-11-18T19:30,66,151
SYN-0005637,Imaging,60,2025-05-29T21:51,2025-05-29T22:57,2025-05-30T00:06,66,135
SYN-0005638,Cardiology,80,2025-05-25T11:41,2025-05-25T12:03,2025-05-25T13:26,22,105
SYN-0005639,Emergency,27,2025-04-24T02:16,2025-04-24T04:44,2025-04-24T08:16,148,360
SYN-0005640,Cardiology,83,2025-07-27T03:42,2025-07-27T04:35,2025-07-27T07:32,53,230
SYN-0005641,Orthopedics,28,2025-12-29T14:50,2025-12-29T15:48,2025-12-29T17:14,58,144
SYN-0005642,Emergency,95,2025-04-21T20:16,2025-04-21T21:39,2025-04-22T05:22,83,546
SYN-0005643,Orthopedics,21,2025-01-30T03:47,2025-01-30T04:16,2025-01-30T04:51,29,64
SYN-0005644,Cardiology,90,2025-06-28T21:11,2025-06-28T22:14,2025-06-29T00:25,63,194
SYN-0005645,General Medicine,44,2025-02-23T06:22,2025-02-23T07:10,2025-02-23T08:42,48,140
SYN-0005646,Cardiology,94,2025-09-08T21:57,2025-09-08T22:35,2025-09-09T01:11,38,194
SYN-0005647,General Medicine,34,2025-06-01T23:09,2025-06-02T00:56,2025-06-02T03:03,107,234
SYN-0005648,Imaging,80,2025-03-17T04:58,2025-03-17T06:11,2025-03-17T06:59,73,121
SYN-0005649,General Medicine,70,2025-12-28T20:31,2025-12-28T21:32,2025-12-29T01:27,61,296
SYN-0005650,Orthopedics,44,2025-09-06T04:23,2025-09-06T05:40,2025-09-06T06:28,77,125
SYN-0005651,General Medicine,30,2025-03-10T15:05,2025-03-10T15:50,2025-03-10T16:30,45,85
SYN-0005652,Orthopedics,63,2025-10-10T09:54,2025-10-10T11:24,2025-10-10T12:01,90,127
SYN-0005653,Cardiology,41,2025-08-02T05:41,2025-08-02T06:40,2025-08-02T09:05,59,204
SYN-0005654,Imaging,26,2025-09-26T13:15,2025-09-26T14:16,2025-09-26T14:59,61,104
SYN-0005655,Cardiology,58,2025-07-23T15:14,2025-07-23T16:21,2025-07-23T17:52,67,158
SYN-0005656,Orthopedics,64,2025-12-23T02:03,2025-12-23T02:36,2025-12-23T04:09,33,126
SYN-0005657,Imaging,70,2025-12-08T16:56,2025-12-08T17:41,2025-12-08T18:45,45,109
SYN-0005658,Orthopedics,93,2025-08-02T17:22,2025-08-02T18:34,2025-08-02T20:56,72,214
SYN-0005659,Imaging,91,2025-07-22T22:19,2025-07-22T22:44,2025-07-22T23:20,25,61
SYN-0005660,Orthopedics,20,2025-03-29T14:38,2025-03-29T16:13,2025-03-29T18:17,95,219
SYN-0005661,Orthopedics,18,2025-08-18T07:18,2025-08-18T08:15,2025-08-18T09:20,57,122
SYN-0005662,Imaging,59,2025-11-01T23:10,2025-11-01T23:31,2025-11-02T00:58,21,108
SYN-0005663,Imaging,36,2025-03-21T23:53,2025-03-22T01:06,2025-03-22T02:03,73,130
SYN-0005664,Emergency,75,2025-04-03T00:32,2025-04-03T04:23,2025-04-03T08:28,231,476
SYN-0005665,Imaging,58,2025-06-18T12:16,2025-06-18T13:24,2025-06-18T14:01,68,105
SYN-0005666,Emergency,50,2025-06-06T22:19,2025-06-07T01:06,2025-06-07T05:21,167,422
SYN-0005667,Orthopedics,34,2025-02-23T02:52,2025-02-23T04:47,2025-02-23T05:52,115,180
SYN-0005668,General Medicine,65,2025-11-15T06:38,2025-11-15T07:16,2025-11-15T09:03,38,145
SYN-0005669,Emergency,55,2025-05-23T15:18,2025-05-23T16:15,2025-05-23T18:00,57,162
SYN-0005670,Imaging,54,2025-01-05T13:16,2025-01-05T14:20,2025-01-05T15:45,64,149
SYN-0005671,Orthopedics,35,2025-12-04T14:42,2025-12-04T15:50,2025-12-04T18:45,68,243
SYN-0005672,Orthopedics,24,2025-08-01T02:57,2025-08-01T03:16,2025-08-01T05:59,19,182
SYN-0005673,Imaging,85,2025-06-17T14:39,2025-06-17T14:47,2025-06-17T15:28,8,49
SYN-0005674,Cardiology,89,2025-11-26T16:57,2025-11-26T17:13,2025-11-26T19:12,16,135
SYN-0005675,Cardiology,37,2025-11-20T19:49,2025-11-20T20:25,2025-11-20T21:59,36,130
SYN-0005676,Emergency,58,2025-07-16T09:48,2025-07-16T12:23,2025-07-16T18:50,155,542
SYN-0005677,Emergency,69,2025-12-22T12:34,2025-12-22T15:47,2025-12-22T19:39,193,425
SYN-0005678,Imaging,70,2025-05-24T13:06,2025-05-24T13:12,2025-05-24T14:17,6,71
SYN-0005679,Cardiology,43,2025-11-07T10:48,2025-11-07T12:18,2025-11-07T13:38,90,170
SYN-0005680,Emergency,37,2025-04-11T17:17,2025-04-11T17:55,2025-04-11T18:59,38,102
SYN-0005681,Emergency,84,2025-02-05T16:31,2025-02-05T20:11,2025-02-06T03:51,220,680
SYN-0005682,Orthopedics,67,2025-04-03T02:45,2025-04-03T03:54,2025-04-03T05:32,69,167
SYN-0005683,Orthopedics,44,2025-05-29T05:07,2025-05-29T06:50,2025-05-29T09:39,103,272
SYN-0005684,Cardiology,20,2025-10-05T10:54,2025-10-05T11:53,2025-10-05T14:33,59,219
SYN-0005685,General Medicine,81,2025-10-23T06:07,2025-10-23T06:59,2025-10-23T10:25,52,258
SYN-0005686,Emergency,19,2025-10-05T13:47,2025-10-05T16:55,2025-10-05T19:10,188,323
SYN-0005687,Orthopedics,73,2025-07-28T06:54,2025-07-28T08:20,2025-07-28T09:54,86,180
SYN-0005688,General Medicine,71,2025-09-27T18:27,2025-09-27T19:11,2025-09-27T19:47,44,80
SYN-0005689,Orthopedics,42,2025-03-24T19:28,2025-03-24T20:45,2025-03-24T21:28,77,120
SYN-0005690,Cardiology,90,2025-03-10T03:27,2025-03-10T04:05,2025-03-10T06:24,38,177
SYN-0005691,Cardiology,27,2025-01-01T15:58,2025-01-01T16:50,2025-01-01T17:47,52,109
SYN-0005692,Emergency,68,2025-08-01T11:06,2025-08-01T15:06,2025-08-01T18:25,240,439
SYN-0005693,Emergency,87,2025-02-13T16:49,2025-02-13T19:00,2025-02-13T22:26,131,337
SYN-0005694,Emergency,54,2025-01-27T00:17,2025-01-27T01:22,2025-01-27T06:20,65,363
SYN-0005695,Orthopedics,54,2025-02-14T14:26,2025-02-14T15:52,2025-02-14T16:39,86,133
SYN-0005696,Emergency,62,2025-02-16T12:17,2025-02-16T13:36,2025-02-16T16:09,79,232
SYN-0005697,Imaging,27,2025-09-05T12:42,2025-09-05T13:36,2025-09-05T14:56,54,134
SYN-0005698,Cardiology,53,2025-03-17T00:32,2025-03-17T01:19,2025-03-17T02:52,47,140
SYN-0005699,General Medicine,76,2025-08-14T22:47,2025-08-14T23:52,2025-08-15T02:24,65,217
SYN-0005700,Orthopedics,43,2025-02-06T08:44,2025-02-06T09:34,2025-02-06T12:13,50,209
SYN-0005701,Emergency,31,2025-01-09T18:06,2025-01-09T20:55,2025-01-10T02:52,169,526
SYN-0005702,Imaging,54,2025-10-05T18:01,2025-10-05T19:12,2025-10-05T20:07,71,126
SYN-0005703,Imaging,88,2025-11-25T06:21,2025-11-25T06:40,2025-11-25T07:57,19,96
SYN-0005704,Orthopedics,37,2025-01-28T02:08,2025-01-28T02:17,2025-01-28T03:10,9,62
SYN-0005705,Imaging,79,2025-05-29T16:45,2025-05-29T17:03,2025-05-29T18:09,18,84
SYN-0005706,Emergency,64,2025-03-19T16:46,2025-03-19T18:47,2025-03-19T20:04,121,198
SYN-0005707,General Medicine,32,2025-11-04T13:53,2025-11-04T15:42,2025-11-04T18:00,109,247
SYN-0005708,Emergency,67,2025-12-09T06:14,2025-12-09T08:49,2025-12-09T14:11,155,477
SYN-0005709,Imaging,43,2025-05-28T01:35,2025-05-28T02:25,2025-05-28T03:54,50,139
SYN-0005710,Cardiology,23,2025-12-13T23:16,2025-12-14T00:13,2025-12-14T01:14,57,118
SYN-0005711,Orthopedics,86,2025-08-31T08:47,2025-08-31T10:42,2025-08-31T11:19,115,152
SYN-0005712,Cardiology,63,2025-07-06T02:38,2025-07-06T03:30,2025-07-06T05:03,52,145
SYN-0005713,General Medicine,72,2025-09-11T05:51,2025-09-11T06:18,2025-09-11T09:18,27,207
SYN-0005714,Orthopedics,49,2025-09-27T03:32,2025-09-27T04:33,2025-09-27T05:41,61,129
SYN-0005715,Orthopedics,54,2025-04-29T18:16,2025-04-29T18:51,2025-04-29T20:24,35,128
SYN-0005716,Cardiology,30,2025-04-14T10:05,2025-04-14T10:59,2025-04-14T13:26,54,201
SYN-0005717,Imaging,26,2025-02-01T12:58,2025-02-01T14:04,2025-02-01T15:01,66,123
SYN-0005718,Orthopedics,72,2025-11-06T17:02,2025-11-06T18:16,2025-11-06T19:54,74,172
SYN-0005719,General Medicine,18,2025-06-01T11:22,2025-06-01T13:36,2025-06-01T16:40,134,318
SYN-0005720,Cardiology,44,2025-09-06T06:55,2025-09-06T07:00,2025-09-06T08:23,5,88
SYN-0005721,Cardiology,67,2025-12-15T18:57,2025-12-15T20:01,2025-12-15T21:31,64,154
SYN-0005722,Imaging,26,2025-08-19T13:57,2025-08-19T14:30,2025-08-19T15:17,33,80
SYN-0005723,Orthopedics,58,2025-04-30T20:42,2025-04-30T22:30,2025-04-30T23:15,108,153
SYN-0005724,Cardiology,72,2025-08-07T07:48,2025-08-07T08:59,2025-08-07T11:18,71,210
SYN-0005725,Emergency,42,2025-12-07T03:26,2025-12-07T04:37,2025-12-07T05:09,71,103
SYN-0005726,Emergency,34,2025-12-10T15:04,2025-12-10T17:31,2025-12-10T22:49,147,465
SYN-0005727,Emergency,89,2025-06-12T22:29,2025-06-13T01:22,2025-06-13T05:45,173,436
SYN-0005728,Cardiology,76,2025-12-08T14:51,2025-12-08T15:57,2025-12-08T18:43,66,232
SYN-0005729,Emergency,35,2025-08-01T23:37,2025-08-02T00:17,2025-08-02T08:16,40,519
SYN-0005730,Orthopedics,43,2025-10-11T22:37,2025-10-11T22:58,2025-10-12T01:31,21,174
SYN-0005731,Emergency,19,2025-02-14T18:24,2025-02-14T21:53,2025-02-15T03:31,209,547
SYN-0005732,Imaging,24,2025-02-23T06:58,2025-02-23T07:13,2025-02-23T07:46,15,48
SYN-0005733,Cardiology,55,2025-05-21T20:59,2025-05-21T21:39,2025-05-21T23:00,40,121
SYN-0005734,Orthopedics,62,2025-02-07T17:46,2025-02-07T18:53,2025-02-07T20:18,67,152
SYN-0005735,Imaging,72,2025-03-10T09:38,2025-03-10T10:40,2025-03-10T11:55,62,137
SYN-0005736,Emergency,31,2025-12-12T16:37,2025-12-12T19:40,2025-12-13T01:06,183,509
SYN-0005737,Imaging,69,2025-09-12T18:22,2025-09-12T19:13,2025-09-12T20:23,51,121
SYN-0005738,Imaging,23,2025-08-04T12:53,2025-08-04T13:56,2025-08-04T15:03,63,130
SYN-0005739,General Medicine,42,2025-06-20T18:41,2025-06-20T20:27,2025-06-20T23:11,106,270
SYN-0005740,Orthopedics,20,2025-01-12T16:58,2025-01-12T18:42,2025-01-12T20:20,104,202
SYN-0005741,General Medicine,54,2025-04-28T14:00,2025-04-28T15:43,2025-04-28T16:51,103,171
SYN-0005742,Cardiology,76,2025-05-23T22:10,2025-05-23T23:03,2025-05-24T01:21,53,191
SYN-0005743,General Medicine,34,2025-05-13T17:54,2025-05-13T18:55,2025-05-13T22:22,61,268
SYN-0005744,Emergency,49,2025-07-08T03:23,2025-07-08T06:01,2025-07-08T07:09,158,226
SYN-0005745,General Medicine,64,2025-01-16T11:23,2025-01-16T11:36,2025-01-16T14:03,13,160
SYN-0005746,Orthopedics,24,2025-11-03T19:20,2025-11-03T20:26,2025-11-03T21:58,66,158
SYN-0005747,Emergency,28,2025-03-25T05:21,2025-03-25T06:56,2025-03-25T11:38,95,377
SYN-0005748,Orthopedics,26,2025-02-01T22:26,2025-02-01T22:35,2025-02-01T23:29,9,63
SYN-0005749,Imaging,21,2025-01-07T11:46,2025-01-07T12:10,2025-01-07T13:18,24,92
SYN-0005750,General Medicine,62,2025-10-20T05:40,2025-10-20T05:58,2025-10-20T07:02,18,82
SYN-0005751,General Medicine,77,2025-07-10T12:44,2025-07-10T13:47,2025-07-10T17:08,63,264
SYN-0005752,Orthopedics,46,2025-05-29T01:03,2025-05-29T02:24,2025-05-29T04:50,81,227
SYN-0005753,Orthopedics,44,2025-12-31T09:00,2025-12-31T09:41,2025-12-31T12:20,41,200
SYN-0005754,Orthopedics,31,2025-05-17T02:09,2025-05-17T03:16,2025-05-17T04:08,67,119
SYN-0005755,Orthopedics,90,2025-12-10T16:41,2025-12-10T17:59,2025-12-10T20:12,78,211
SYN-0005756,Emergency,49,2025-10-07T21:56,2025-10-08T01:35,2025-10-08T04:14,219,378
SYN-0005757,General Medicine,54,2025-10-10T01:13,2025-10-10T03:08,2025-10-10T06:20,115,307
SYN-0005758,Cardiology,29,2025-06-01T05:16,2025-06-01T05:40,2025-06-01T06:30,24,74
SYN-0005759,Imaging,64,2025-11-05T05:23,2025-11-05T05:45,2025-11-05T06:52,22,89
SYN-0005760,Cardiology,68,2025-08-15T00:14,2025-08-15T01:25,2025-08-15T02:46,71,152
SYN-0005761,General Medicine,81,2025-05-02T04:51,2025-05-02T06:26,2025-05-02T08:03,95,192
SYN-0005762,Cardiology,22,2025-01-29T16:31,2025-01-29T17:13,2025-01-29T17:58,42,87
SYN-0005763,Cardiology,29,2025-02-06T03:20,2025-02-06T03:27,2025-02-06T05:52,7,152
SYN-0005764,Orthopedics,58,2025-01-13T17:16,2025-01-13T18:46,2025-01-13T20:52,90,216
SYN-0005765,Emergency,53,2025-09-04T01:35,2025-09-04T04:15,2025-09-04T04:57,160,202
SYN-0005766,Cardiology,69,2025-03-25T09:45,2025-03-25T10:08,2025-03-25T12:59,23,194
SYN-0005767,Cardiology,58,2025-06-20T17:41,2025-06-20T17:53,2025-06-20T19:28,12,107
SYN-0005768,Imaging,19,2025-05-27T04:45,2025-05-27T05:17,2025-05-27T06:20,32,95
SYN-0005769,Emergency,93,2025-01-28T11:08,2025-01-28T11:32,2025-01-28T12:31,24,83
SYN-0005770,Emergency,26,2025-06-20T23:21,2025-06-21T01:45,2025-06-21T09:15,144,594
SYN-0005771,General Medicine,18,2025-03-24T23:33,2025-03-25T01:36,2025-03-25T04:19,123,286
SYN-0005772,Orthopedics,40,2025-02-02T15:53,2025-02-02T17:47,2025-02-02T20:33,114,280
SYN-0005773,General Medicine,26,2025-07-22T22:16,2025-07-22T23:25,2025-07-23T01:20,69,184
SYN-0005774,Orthopedics,47,2025-02-06T19:48,2025-02-06T21:02,2025-02-06T22:18,74,150
SYN-0005775,Emergency,74,2025-06-10T15:42,2025-06-10T16:59,2025-06-10T23:30,77,468
SYN-0005776,Imaging,71,2025-06-26T12:58,2025-06-26T13:57,2025-06-26T14:23,59,85
SYN-0005777,Imaging,83,2025-01-19T00:13,2025-01-19T00:39,2025-01-19T02:02,26,109
SYN-0005778,Emergency,84,2025-11-09T10:52,2025-11-09T11:37,2025-11-09T13:17,45,145
SYN-0005779,Emergency,76,2025-08-09T17:03,2025-08-09T18:42,2025-08-10T02:28,99,565
SYN-0005780,Orthopedics,62,2025-01-03T17:27,2025-01-03T19:10,2025-01-03T21:37,103,250
SYN-0005781,Cardiology,62,2025-01-27T11:00,2025-01-27T11:14,2025-01-27T12:21,14,81
SYN-0005782,General Medicine,19,2025-06-28T01:04,2025-06-28T02:08,2025-06-28T05:30,64,266
SYN-0005783,General Medicine,95,2025-05-28T16:14,2025-05-28T18:14,2025-05-28T20:51,120,277
SYN-0005784,Imaging,30,2025-04-12T14:04,2025-04-12T15:13,2025-04-12T16:05,69,121
SYN-0005785,General Medicine,35,2025-08-13T14:06,2025-08-13T14:47,2025-08-13T18:28,41,262
SYN-0005786,Imaging,63,2025-10-25T05:40,2025-10-25T06:14,2025-10-25T07:29,34,109
SYN-0005787,Emergency,69,2025-03-17T14:50,2025-03-17T18:13,2025-03-18T00:55,203,605
SYN-0005788,Imaging,83,2025-03-13T13:48,2025-03-13T14:47,2025-03-13T16:03,59,135
SYN-0005789,Imaging,85,2025-04-02T05:10,2025-04-02T06:16,2025-04-02T07:21,66,131
SYN-0005790,General Medicine,73,2025-06-21T23:40,2025-06-22T00:45,2025-06-22T02:59,65,199
SYN-0005791,General Medicine,21,2025-09-18T08:22,2025-09-18T10:46,2025-09-18T14:06,144,344
SYN-0005792,Emergency,38,2025-10-16T17:33,2025-10-16T20:49,2025-10-17T02:54,196,561
SYN-0005793,Imaging,41,2025-04-26T17:14,2025-04-26T18:10,2025-04-26T18:47,56,93
SYN-0005794,Imaging,83,2025-11-20T04:53,2025-11-20T05:53,2025-11-20T07:03,60,130
SYN-0005795,General Medicine,75,2025-05-22T18:54,2025-05-22T19:06,2025-05-22T22:01,12,187
SYN-0005796,Imaging,39,2025-08-25T13:25,2025-08-25T13:40,2025-08-25T14:45,15,80
SYN-0005797,Cardiology,55,2025-12-04T17:29,2025-12-04T18:44,2025-12-04T19:29,75,120
SYN-0005798,General Medicine,90,2025-08-20T13:17,2025-08-20T14:28,2025-08-20T18:24,71,307
SYN-0005799,General Medicine,61,2025-08-24T12:51,2025-08-24T13:28,2025-08-24T14:32,37,101
SYN-0005800,General Medicine,37,2025-12-05T11:53,2025-12-05T14:05,2025-12-05T16:37,132,284
SYN-0005801,Imaging,55,2025-10-04T20:09,2025-10-04T20:55,2025-10-04T22:13,46,124
SYN-0005802,Emergency,89,2025-05-17T20:51,2025-05-17T23:21,2025-05-18T07:00,150,609
SYN-0005803,Orthopedics,58,2025-01-18T22:33,2025-01-19T00:12,2025-01-19T02:58,99,265
SYN-0005804,Emergency,33,2025-07-31T19:59,2025-07-31T20:27,2025-08-01T03:00,28,421
SYN-0005805,Imaging,79,2025-08-29T01:15,2025-08-29T01:33,2025-08-29T02:37,18,82
SYN-0005806,General Medicine,35,2025-02-20T22:49,2025-02-20T23:47,2025-02-21T02:43,58,234
SYN-0005807,General Medicine,29,2025-09-13T12:45,2025-09-13T14:25,2025-09-13T16:36,100,231
SYN-0005808,General Medicine,32,2025-02-28T10:58,2025-02-28T13:24,2025-02-28T15:46,146,288
SYN-0005809,Orthopedics,25,2025-01-29T16:10,2025-01-29T17:22,2025-01-29T19:41,72,211
SYN-0005810,Orthopedics,95,2025-01-04T04:14,2025-01-04T05:58,2025-01-04T06:39,104,145
SYN-0005811,Cardiology,84,2025-05-12T18:16,2025-05-12T18:54,2025-05-12T20:48,38,152
SYN-0005812,Imaging,24,2025-12-04T04:28,2025-12-04T05:35,2025-12-04T06:34,67,126
SYN-0005813,Cardiology,93,2025-04-13T21:19,2025-04-13T22:46,2025-04-13T23:35,87,136
SYN-0005814,Cardiology,37,2025-03-16T00:54,2025-03-16T01:01,2025-03-16T02:17,7,83
SYN-0005815,Orthopedics,82,2025-02-16T11:07,2025-02-16T12:33,2025-02-16T13:06,86,119
SYN-0005816,Imaging,39,2025-07-20T10:06,2025-07-20T10:15,2025-07-20T11:33,9,87
SYN-0005817,General Medicine,37,2025-09-08T22:50,2025-09-08T23:05,2025-09-09T01:17,15,147
SYN-0005818,Cardiology,70,2025-05-18T15:35,2025-05-18T16:00,2025-05-18T17:43,25,128
SYN-0005819,General Medicine,89,2025-03-28T16:49,2025-03-28T17:52,2025-03-28T21:52,63,303
SYN-0005820,Emergency,19,2025-01-31T11:20,2025-01-31T13:08,2025-01-31T15:04,108,224
SYN-0005821,Imaging,51,2025-04-10T02:32,2025-04-10T03:02,2025-04-10T03:19,30,47
SYN-0005822,Cardiology,51,2025-04-12T03:19,2025-04-12T04:13,2025-04-12T06:46,54,207
SYN-0005823,General Medicine,78,2025-06-24T04:38,2025-06-24T06:43,2025-06-24T08:46,125,248
SYN-0005824,Orthopedics,29,2025-12-27T07:34,2025-12-27T07:42,2025-12-27T09:35,8,121
SYN-0005825,Orthopedics,70,2025-09-25T14:09,2025-09-25T14:53,2025-09-25T17:03,44,174
SYN-0005826,Imaging,87,2025-10-05T00:29,2025-10-05T01:06,2025-10-05T01:27,37,58
SYN-0005827,Imaging,50,2025-08-10T07:32,2025-08-10T08:03,2025-08-10T09:04,31,92
SYN-0005828,Orthopedics,26,2025-08-29T12:31,2025-08-29T13:04,2025-08-29T14:39,33,128
SYN-0005829,Orthopedics,63,2025-11-01T23:38,2025-11-02T00:31,2025-11-02T02:50,53,192
SYN-0005830,General Medicine,82,2025-07-14T21:50,2025-07-14T22:50,2025-07-15T02:10,60,260
SYN-0005831,Cardiology,88,2025-09-15T04:09,2025-09-15T04:51,2025-09-15T06:34,42,145
SYN-0005832,Imaging,45,2025-12-27T02:25,2025-12-27T02:50,2025-12-27T03:58,25,93
SYN-0005833,Imaging,48,2025-08-17T01:23,2025-08-17T02:18,2025-08-17T03:11,55,108
SYN-0005834,Cardiology,64,2025-12-11T06:07,2025-12-11T06:15,2025-12-11T08:57,8,170
SYN-0005835,General Medicine,49,2025-07-31T16:50,2025-07-31T19:00,2025-07-31T19:31,130,161
SYN-0005836,Cardiology,50,2025-06-09T01:34,2025-06-09T03:02,2025-06-09T05:31,88,237
SYN-0005837,Orthopedics,86,2025-09-03T13:17,2025-09-03T13:53,2025-09-03T16:13,36,176
SYN-0005838,Emergency,58,2025-08-11T12:46,2025-08-11T14:27,2025-08-11T15:09,101,143
SYN-0005839,Emergency,94,2025-01-24T05:09,2025-01-24T06:51,2025-01-24T13:30,102,501
SYN-0005840,Cardiology,77,2025-10-19T22:06,2025-10-19T23:19,2025-10-20T01:12,73,186
SYN-0005841,Cardiology,43,2025-11-30T10:07,2025-11-30T10:13,2025-11-30T11:11,6,64
SYN-0005842,Orthopedics,77,2025-02-03T06:17,2025-02-03T06:44,2025-02-03T08:04,27,107
SYN-0005843,Imaging,93,2025-04-14T07:30,2025-04-14T08:04,2025-04-14T09:21,34,111
SYN-0005844,Orthopedics,48,2025-01-04T11:39,2025-01-04T12:18,2025-01-04T14:16,39,157
SYN-0005845,General Medicine,35,2025-11-04T01:55,2025-11-04T02:12,2025-11-04T02:58,17,63
SYN-0005846,Orthopedics,63,2025-03-22T01:19,2025-03-22T02:35,2025-03-22T04:34,76,195
SYN-0005847,Emergency,56,2025-01-04T13:01,2025-01-04T16:04,2025-01-04T17:41,183,280
SYN-0005848,Orthopedics,57,2025-03-10T14:29,2025-03-10T14:36,2025-03-10T15:53,7,84
SYN-0005849,Cardiology,35,2025-02-17T03:14,2025-02-17T04:02,2025-02-17T05:45,48,151
SYN-0005850,Imaging,80,2025-06-12T23:08,2025-06-12T23:46,2025-06-13T00:30,38,82
SYN-0005851,General Medicine,30,2025-02-27T06:50,2025-02-27T08:24,2025-02-27T09:42,94,172
SYN-0005852,Emergency,91,2025-09-14T18:00,2025-09-14T18:46,2025-09-14T21:18,46,198
SYN-0005853,Emergency,69,2025-05-02T12:15,2025-05-02T13:35,2025-05-02T21:29,80,554
SYN-0005854,Orthopedics,37,2025-07-12T09:05,2025-07-12T09:33,2025-07-12T12:00,28,175
SYN-0005855,General Medicine,41,2025-10-04T22:17,2025-10-05T00:18,2025-10-05T03:40,121,323
SYN-0005856,Orthopedics,81,2025-09-22T16:13,2025-09-22T16:32,2025-09-22T17:15,19,62
SYN-0005857,Cardiology,62,2025-09-12T22:23,2025-09-12T23:35,2025-09-13T01:09,72,166
SYN-0005858,Orthopedics,73,2025-07-08T23:51,2025-07-09T00:39,2025-07-09T01:29,48,98
SYN-0005859,Emergency,92,2025-02-28T20:27,2025-03-01T00:01,2025-03-01T05:40,214,553
SYN-0005860,Cardiology,79,2025-02-27T02:00,2025-02-27T02:46,2025-02-27T03:55,46,115
SYN-0005861,Orthopedics,46,2025-08-16T16:12,2025-08-16T17:01,2025-08-16T19:02,49,170
SYN-0005862,Imaging,78,2025-04-09T19:44,2025-04-09T19:53,2025-04-09T21:01,9,77
SYN-0005863,Cardiology,76,2025-10-30T17:27,2025-10-30T18:41,2025-10-30T19:53,74,146
SYN-0005864,Cardiology,67,2025-07-02T04:12,2025-07-02T04:48,2025-07-02T07:26,36,194
SYN-0005865,Emergency,58,2025-03-05T06:08,2025-03-05T09:53,2025-03-05T11:34,225,326
SYN-0005866,Imaging,72,2025-05-02T10:47,2025-05-02T11:39,2025-05-02T12:48,52,121
SYN-0005867,Orthopedics,72,2025-05-07T13:22,2025-05-07T15:20,2025-05-07T16:15,118,173
SYN-0005868,Emergency,83,2025-03-28T07:25,2025-03-28T09:46,2025-03-28T12:27,141,302
SYN-0005869,Imaging,93,2025-01-11T06:41,2025-01-11T07:36,2025-01-11T08:11,55,90
SYN-0005870,General Medicine,28,2025-06-20T10:10,2025-06-20T10:35,2025-06-20T12:53,25,163
SYN-0005871,General Medicine,48,2025-01-15T16:37,2025-01-15T18:37,2025-01-15T20:08,120,211
SYN-0005872,General Medicine,81,2025-11-14T08:37,2025-11-14T10:13,2025-11-14T11:01,96,144
SYN-0005873,Emergency,60,2025-01-24T15:44,2025-01-24T17:13,2025-01-24T20:34,89,290
SYN-0005874,General Medicine,71,2025-04-02T01:16,2025-04-02T03:44,2025-04-02T04:50,148,214
SYN-0005875,Imaging,45,2025-05-07T03:38,2025-05-07T04:12,2025-05-07T04:39,34,61
SYN-0005876,Orthopedics,57,2025-01-29T00:27,2025-01-29T02:12,2025-01-29T03:40,105,193
SYN-0005877,General Medicine,37,2025-08-01T10:44,2025-08-01T12:22,2025-08-01T13:15,98,151
SYN-0005878,Emergency,69,2025-06-26T10:21,2025-06-26T11:08,2025-06-26T14:47,47,266
SYN-0005879,Orthopedics,88,2025-04-16T09:44,2025-04-16T10:35,2025-04-16T11:16,51,92
SYN-0005880,Cardiology,50,2025-06-29T08:41,2025-06-29T09:16,2025-06-29T10:28,35,107
SYN-0005881,Cardiology,74,2025-09-28T05:11,2025-09-28T06:16,2025-09-28T08:33,65,202
SYN-0005882,Imaging,32,2025-02-16T13:08,2025-02-16T14:12,2025-02-16T14:50,64,102
SYN-0005883,Orthopedics,51,2025-07-27T16:53,2025-07-27T17:35,2025-07-27T18:11,42,78
SYN-0005884,Cardiology,56,2025-05-28T21:50,2025-05-28T22:05,2025-05-29T01:03,15,193
SYN-0005885,Cardiology,28,2025-06-13T20:34,2025-06-13T21:34,2025-06-13T23:54,60,200
SYN-0005886,Emergency,92,2025-04-25T03:59,2025-04-25T07:04,2025-04-25T13:08,185,549
SYN-0005887,Imaging,59,2025-03-20T01:30,2025-03-20T02:36,2025-03-20T03:06,66,96
SYN-0005888,Emergency,77,2025-03-25T12:23,2025-03-25T14:17,2025-03-25T16:02,114,219
SYN-0005889,General Medicine,26,2025-09-05T09:14,2025-09-05T09:56,2025-09-05T12:05,42,171
SYN-0005890,Imaging,72,2025-03-23T05:21,2025-03-23T05:53,2025-03-23T06:28,32,67
SYN-0005891,Cardiology,82,2025-02-09T00:17,2025-02-09T01:40,2025-02-09T02:46,83,149
SYN-0005892,Imaging,30,2025-04-25T03:04,2025-04-25T03:38,2025-04-25T04:12,34,68
SYN-0005893,General Medicine,90,2025-10-17T03:18,2025-10-17T05:48,2025-10-17T07:21,150,243
SYN-0005894,Emergency,45,2025-11-19T07:55,2025-11-19T11:26,2025-11-19T14:40,211,405
SYN-0005895,Imaging,21,2025-03-24T22:41,2025-03-24T23:41,2025-03-25T00:57,60,136
SYN-0005896,Orthopedics,80,2025-11-25T13:39,2025-11-25T14:01,2025-11-25T16:55,22,196
SYN-0005897,Emergency,62,2025-08-01T15:22,2025-08-01T17:25,2025-08-01T23:24,123,482
SYN-0005898,General Medicine,25,2025-05-24T02:01,2025-05-24T02:31,2025-05-24T04:36,30,155
SYN-0005899,Orthopedics,19,2025-02-07T05:21,2025-02-07T06:01,2025-02-07T07:52,40,151
SYN-0005900,Cardiology,84,2025-10-02T17:30,2025-10-02T17:35,2025-10-02T18:53,5,83
SYN-0005901,Cardiology,45,2025-01-25T21:57,2025-01-25T23:13,2025-01-26T02:04,76,247
SYN-0005902,Orthopedics,39,2025-02-10T06:15,2025-02-10T07:41,2025-02-10T09:39,86,204
SYN-0005903,General Medicine,75,2025-10-19T02:24,2025-10-19T03:54,2025-10-19T06:32,90,248
SYN-0005904,Imaging,52,2025-02-04T14:32,2025-02-04T14:43,2025-02-04T15:28,11,56
SYN-0005905,Emergency,52,2025-05-30T19:08,2025-05-30T21:52,2025-05-31T05:01,164,593
SYN-0005906,Imaging,26,2025-08-05T16:53,2025-08-05T17:56,2025-08-05T18:55,63,122
SYN-0005907,General Medicine,87,2025-11-05T17:18,2025-11-05T18:05,2025-11-05T19:36,47,138
SYN-0005908,General Medicine,49,2025-02-24T23:45,2025-02-25T00:19,2025-02-25T01:00,34,75
SYN-0005909,General Medicine,27,2025-05-06T15:03,2025-05-06T15:46,2025-05-06T18:10,43,187
SYN-0005910,Emergency,30,2025-08-17T08:04,2025-08-17T11:57,2025-08-17T18:51,233,647
SYN-0005911,Cardiology,25,2025-10-01T06:47,2025-10-01T07:23,2025-10-01T09:19,36,152
SYN-0005912,Emergency,37,2025-04-27T06:39,2025-04-27T09:08,2025-04-27T12:16,149,337
SYN-0005913,Emergency,64,2025-05-04T02:31,2025-05-04T03:06,2025-05-04T05:36,35,185
SYN-0005914,Cardiology,27,2025-05-24T10:35,2025-05-24T11:02,2025-05-24T11:55,27,80
SYN-0005915,Imaging,46,2025-10-27T08:03,2025-10-27T09:14,2025-10-27T09:44,71,101
SYN-0005916,Imaging,79,2025-03-04T14:08,2025-03-04T14:14,2025-03-04T14:59,6,51
SYN-0005917,Cardiology,83,2025-12-06T05:26,2025-12-06T06:19,2025-12-06T07:07,53,101
SYN-0005918,General Medicine,72,2025-12-20T23:04,2025-12-21T00:32,2025-12-21T03:47,88,283
SYN-0005919,Imaging,20,2025-02-01T02:57,2025-02-01T03:25,2025-02-01T03:45,28,48
SYN-0005920,Orthopedics,30,2025-07-07T03:02,2025-07-07T03:23,2025-07-07T04:13,21,71
SYN-0005921,Emergency,32,2025-11-29T14:19,2025-11-29T16:30,2025-11-29T17:04,131,165
SYN-0005922,Imaging,21,2025-09-23T22:03,2025-09-23T22:38,2025-09-23T23:27,35,84
SYN-0005923,General Medicine,45,2025-05-12T07:01,2025-05-12T08:33,2025-05-12T09:29,92,148
SYN-0005924,Imaging,28,2025-09-28T09:11,2025-09-28T09:16,2025-09-28T10:38,5,87
SYN-0005925,Emergency,51,2025-02-28T14:53,2025-02-28T18:48,2025-03-01T01:57,235,664
SYN-0005926,Orthopedics,71,2025-09-22T14:19,2025-09-22T15:10,2025-09-22T16:46,51,147
SYN-0005927,General Medicine,62,2025-10-15T22:36,2025-10-16T00:46,2025-10-16T01:52,130,196
SYN-0005928,Orthopedics,76,2025-05-16T11:42,2025-05-16T12:36,2025-05-16T13:35,54,113
SYN-0005929,Imaging,74,2025-06-22T02:07,2025-06-22T03:15,2025-06-22T03:40,68,93
SYN-0005930,Imaging,71,2025-12-31T10:27,2025-12-31T10:46,2025-12-31T12:05,19,98
SYN-0005931,Cardiology,69,2025-09-16T01:09,2025-09-16T02:08,2025-09-16T03:54,59,165
SYN-0005932,Emergency,66,2025-10-20T12:39,2025-10-20T13:23,2025-10-20T20:12,44,453
SYN-0005933,Imaging,65,2025-01-19T09:26,2025-01-19T10:40,2025-01-19T11:23,74,117
SYN-0005934,Orthopedics,30,2025-12-01T01:31,2025-12-01T02:39,2025-12-01T04:02,68,151
SYN-0005935,Cardiology,54,2025-12-14T22:38,2025-12-14T23:52,2025-12-15T02:51,74,253
SYN-0005936,Emergency,45,2025-04-12T19:00,2025-04-12T19:52,2025-04-13T02:35,52,455
SYN-0005937,Orthopedics,56,2025-02-20T03:11,2025-02-20T04:41,2025-02-20T06:48,90,217
SYN-0005938,Orthopedics,40,2025-10-05T15:03,2025-10-05T16:48,2025-10-05T18:58,105,235
SYN-0005939,Imaging,18,2025-06-09T01:01,2025-06-09T02:00,2025-06-09T02:41,59,100
SYN-0005940,Orthopedics,76,2025-02-22T03:37,2025-02-22T05:09,2025-02-22T06:07,92,150
SYN-0005941,Imaging,31,2025-05-07T18:53,2025-05-07T19:10,2025-05-07T20:03,17,70
SYN-0005942,Orthopedics,32,2025-06-15T02:59,2025-06-15T03:27,2025-06-15T05:12,28,133
SYN-0005943,General Medicine,44,2025-11-03T22:12,2025-11-04T00:03,2025-11-04T02:49,111,277
SYN-0005944,Imaging,50,2025-01-20T19:35,2025-01-20T20:13,2025-01-20T21:29,38,114
SYN-0005945,Imaging,93,2025-10-10T04:02,2025-10-10T04:47,2025-10-10T05:50,45,108
SYN-0005946,General Medicine,66,2025-06-07T14:44,2025-06-07T16:57,2025-06-07T17:32,133,168
SYN-0005947,General Medicine,53,2025-01-21T14:41,2025-01-21T15:50,2025-01-21T16:20,69,99
SYN-0005948,General Medicine,69,2025-06-15T21:44,2025-06-15T22:50,2025-06-16T01:24,66,220
SYN-0005949,Cardiology,36,2025-05-12T21:23,2025-05-12T21:38,2025-05-12T23:51,15,148
SYN-0005950,General Medicine,79,2025-05-03T02:11,2025-05-03T02:50,2025-05-03T06:09,39,238
SYN-0005951,Emergency,53,2025-06-12T10:09,2025-06-12T11:57,2025-06-12T15:15,108,306
SYN-0005952,Emergency,66,2025-02-06T07:42,2025-02-06T08:03,2025-02-06T10:48,21,186
SYN-0005953,Cardiology,87,2025-03-01T16:17,2025-03-01T17:36,2025-03-01T18:45,79,148
SYN-0005954,Imaging,53,2025-04-25T05:38,2025-04-25T06:04,2025-04-25T06:35,26,57
SYN-0005955,Imaging,20,2025-05-21T05:34,2025-05-21T05:54,2025-05-21T07:15,20,101
SYN-0005956,Emergency,92,2025-11-22T00:31,2025-11-22T02:58,2025-11-22T04:26,147,235
SYN-0005957,Imaging,75,2025-09-01T16:42,2025-09-01T16:53,2025-09-01T18:09,11,87
SYN-0005958,General Medicine,91,2025-07-03T12:47,2025-07-03T15:10,2025-07-03T18:27,143,340
SYN-0005959,Imaging,94,2025-11-23T19:16,2025-11-23T19:57,2025-11-23T21:26,41,130
SYN-0005960,Emergency,31,2025-04-09T04:10,2025-04-09T05:40,2025-04-09T07:32,90,202
SYN-0005961,Imaging,87,2025-07-23T06:39,2025-07-23T06:59,2025-07-23T07:28,20,49
SYN-0005962,Imaging,84,2025-09-17T04:36,2025-09-17T05:23,2025-09-17T06:31,47,115
SYN-0005963,Emergency,19,2025-03-16T06:40,2025-03-16T09:11,2025-03-16T14:58,151,498
SYN-0005964,Imaging,58,2025-06-03T20:01,2025-06-03T20:15,2025-06-03T21:33,14,92
SYN-0005965,Imaging,43,2025-10-25T01:10,2025-10-25T01:46,2025-10-25T02:13,36,63
SYN-0005966,Emergency,64,2025-12-02T16:31,2025-12-02T17:24,2025-12-02T22:59,53,388
SYN-0005967,Orthopedics,31,2025-10-29T18:28,2025-10-29T19:30,2025-10-29T20:45,62,137
SYN-0005968,Imaging,80,2025-06-08T16:24,2025-06-08T17:08,2025-06-08T18:15,44,111
SYN-0005969,General Medicine,91,2025-03-06T13:47,2025-03-06T16:06,2025-03-06T16:54,139,187
SYN-0005970,Cardiology,85,2025-10-13T10:03,2025-10-13T11:15,2025-10-13T12:13,72,130
SYN-0005971,Cardiology,19,2025-05-31T20:45,2025-05-31T20:56,2025-05-31T22:10,11,85
SYN-0005972,Imaging,62,2025-12-26T12:56,2025-12-26T13:10,2025-12-26T14:19,14,83
SYN-0005973,Cardiology,46,2025-10-11T06:34,2025-10-11T07:00,2025-10-11T08:14,26,100
SYN-0005974,Cardiology,27,2025-06-26T06:36,2025-06-26T07:34,2025-06-26T08:49,58,133
SYN-0005975,Imaging,92,2025-07-14T23:27,2025-07-15T00:39,2025-07-15T01:36,72,129
SYN-0005976,Emergency,57,2025-02-03T01:34,2025-02-03T04:57,2025-02-03T12:41,203,667
SYN-0005977,General Medicine,38,2025-12-13T18:34,2025-12-13T18:58,2025-12-13T20:30,24,116
SYN-0005978,General Medicine,65,2025-08-04T10:24,2025-08-04T12:05,2025-08-04T15:46,101,322
SYN-0005979,General Medicine,61,2025-06-13T18:32,2025-06-13T20:07,2025-06-13T22:45,95,253
SYN-0005980,Imaging,37,2025-04-01T01:09,2025-04-01T01:44,2025-04-01T03:14,35,125
SYN-0005981,Imaging,36,2025-04-23T05:34,2025-04-23T06:14,2025-04-23T06:56,40,82
SYN-0005982,Orthopedics,74,2025-03-19T01:42,2025-03-19T03:26,2025-03-19T05:23,104,221
SYN-0005983,Orthopedics,89,2025-08-23T23:05,2025-08-23T23:18,2025-08-24T00:35,13,90
SYN-0005984,Emergency,81,2025-07-05T00:02,2025-07-05T02:53,2025-07-05T09:41,171,579
SYN-0005985,Imaging,42,2025-05-13T16:07,2025-05-13T16:34,2025-05-13T17:02,27,55
SYN-0005986,Imaging,47,2025-10-15T18:00,2025-10-15T18:09,2025-10-15T18:39,9,39
SYN-0005987,General Medicine,30,2025-07-08T00:30,2025-07-08T01:46,2025-07-08T03:47,76,197
SYN-0005988,Cardiology,47,2025-08-20T19:22,2025-08-20T20:38,2025-08-20T22:27,76,185
SYN-0005989,Emergency,24,2025-06-08T11:19,2025-06-08T12:49,2025-06-08T16:38,90,319
SYN-0005990,General Medicine,94,2025-12-09T10:58,2025-12-09T12:10,2025-12-09T12:42,72,104
SYN-0005991,Imaging,93,2025-02-03T14:22,2025-02-03T15:33,2025-02-03T16:31,71,129
SYN-0005992,Imaging,35,2025-12-05T11:12,2025-12-05T11:56,2025-12-05T12:57,44,105
SYN-0005993,Orthopedics,31,2025-05-09T01:03,2025-05-09T02:41,2025-05-09T03:19,98,136
SYN-0005994,Imaging,29,2025-08-28T07:05,2025-08-28T08:11,2025-08-28T08:50,66,105
SYN-0005995,Imaging,26,2025-02-16T20:58,2025-02-16T21:54,2025-02-16T23:14,56,136
SYN-0005996,Cardiology,72,2025-05-20T21:21,2025-05-20T21:53,2025-05-21T00:38,32,197
SYN-0005997,Imaging,33,2025-04-10T02:15,2025-04-10T02:23,2025-04-10T03:39,8,84
SYN-0005998,Imaging,41,2025-01-09T03:49,2025-01-09T04:22,2025-01-09T05:14,33,85
SYN-0005999,Orthopedics,52,2025-05-05T07:49,2025-05-05T08:10,2025-05-05T09:23,21,94
SYN-0006000,Emergency,25,2025-06-17T03:23,2025-06-17T06:29,2025-06-17T12:14,186,531
SYN-0006001,Imaging,73,2025-06-20T21:28,2025-06-20T22:04,2025-06-20T22:42,36,74
SYN-0006002,Orthopedics,87,2025-03-10T13:17,2025-03-10T14:01,2025-03-10T14:34,44,77
SYN-0006003,Emergency,55,2025-08-14T17:42,2025-08-14T20:38,2025-08-15T03:52,176,610
SYN-0006004,Orthopedics,37,2025-07-17T03:43,2025-07-17T04:09,2025-07-17T05:54,26,131
SYN-0006005,Emergency,49,2025-07-23T12:48,2025-07-23T13:38,2025-07-23T20:02,50,434
SYN-0006006,Orthopedics,70,2025-11-16T19:53,2025-11-16T19:58,2025-11-16T21:46,5,113
SYN-0006007,Orthopedics,83,2025-03-27T22:28,2025-03-28T00:02,2025-03-28T00:55,94,147
SYN-0006008,Imaging,53,2025-10-31T07:21,2025-10-31T07:34,2025-10-31T08:32,13,71
SYN-0006009,Emergency,31,2025-07-27T12:51,2025-07-27T15:37,2025-07-27T22:57,166,606
SYN-0006010,Orthopedics,87,2025-05-21T02:31,2025-05-21T03:39,2025-05-21T05:38,68,187
SYN-0006011,General Medicine,22,2025-12-07T09:25,2025-12-07T09:51,2025-12-07T11:10,26,105
SYN-0006012,Orthopedics,59,2025-08-07T12:18,2025-08-07T13:02,2025-08-07T14:06,44,108
SYN-0006013,Emergency,83,2025-02-10T15:13,2025-02-10T18:18,2025-02-11T00:12,185,539
SYN-0006014,Cardiology,21,2025-02-21T09:48,2025-02-21T10:42,2025-02-21T11:46,54,118
SYN-0006015,Cardiology,52,2025-08-21T16:06,2025-08-21T16:51,2025-08-21T19:14,45,188
SYN-0006016,Cardiology,40,2025-01-26T15:44,2025-01-26T17:02,2025-01-26T18:31,78,167
SYN-0006017,Cardiology,73,2025-10-05T21:01,2025-10-05T22:07,2025-10-06T00:29,66,208
SYN-0006018,General Medicine,39,2025-05-07T04:05,2025-05-07T06:03,2025-05-07T09:06,118,301
SYN-0006019,General Medicine,86,2025-06-18T17:28,2025-06-18T19:06,2025-06-18T20:35,98,187
SYN-0006020,Imaging,29,2025-07-02T01:54,2025-07-02T02:10,2025-07-02T03:37,16,103
SYN-0006021,Emergency,95,2025-05-20T17:15,2025-05-20T20:05,2025-05-21T03:36,170,621
SYN-0006022,Emergency,57,2025-06-17T20:11,2025-06-17T23:54,2025-06-18T05:42,223,571
SYN-0006023,Cardiology,18,2025-08-03T03:00,2025-08-03T03:40,2025-08-03T05:03,40,123
SYN-0006024,Imaging,52,2025-05-17T18:24,2025-05-17T19:23,2025-05-17T20:00,59,96
SYN-0006025,Imaging,84,2025-08-07T09:16,2025-08-07T09:45,2025-08-07T10:25,29,69
SYN-0006026,General Medicine,44,2025-07-07T09:35,2025-07-07T10:43,2025-07-07T12:13,68,158
SYN-0006027,Imaging,73,2025-10-05T14:48,2025-10-05T15:40,2025-10-05T16:08,52,80
SYN-0006028,General Medicine,82,2025-01-28T03:33,2025-01-28T04:48,2025-01-28T08:25,75,292
SYN-0006029,Imaging,54,2025-05-08T23:04,2025-05-08T23:55,2025-05-09T00:46,51,102
SYN-0006030,Cardiology,35,2025-10-07T09:58,2025-10-07T11:14,2025-10-07T12:44,76,166
SYN-0006031,General Medicine,75,2025-01-16T03:55,2025-01-16T05:29,2025-01-16T07:26,94,211
SYN-0006032,Orthopedics,91,2025-01-16T19:23,2025-01-16T19:54,2025-01-16T21:51,31,148
SYN-0006033,Orthopedics,95,2025-09-29T18:27,2025-09-29T18:52,2025-09-29T21:45,25,198
SYN-0006034,Orthopedics,49,2025-01-07T00:17,2025-01-07T02:14,2025-01-07T04:46,117,269
SYN-0006035,General Medicine,54,2025-11-04T06:06,2025-11-04T08:05,2025-11-04T12:01,119,355
SYN-0006036,Orthopedics,78,2025-03-11T23:55,2025-03-12T00:26,2025-03-12T02:18,31,143
SYN-0006037,Imaging,76,2025-07-08T07:36,2025-07-08T08:23,2025-07-08T08:43,47,67
SYN-0006038,Emergency,18,2025-05-27T15:52,2025-05-27T19:27,2025-05-28T00:38,215,526
SYN-0006039,Emergency,53,2025-09-05T17:49,2025-09-05T21:14,2025-09-06T02:47,205,538
SYN-0006040,Cardiology,45,2025-11-28T13:27,2025-11-28T14:42,2025-11-28T17:37,75,250
SYN-0006041,Orthopedics,84,2025-10-02T17:38,2025-10-02T18:19,2025-10-02T20:31,41,173
SYN-0006042,Imaging,76,2025-07-08T00:37,2025-07-08T01:37,2025-07-08T02:49,60,132
SYN-0006043,Emergency,76,2025-03-19T13:04,2025-03-19T14:58,2025-03-19T21:26,114,502
SYN-0006044,Emergency,92,2025-11-12T11:14,2025-11-12T15:07,2025-11-12T22:59,233,705
SYN-0006045,Emergency,74,2025-07-09T22:53,2025-07-09T23:24,2025-07-10T07:07,31,494
SYN-0006046,Emergency,85,2025-06-06T11:31,2025-06-06T12:01,2025-06-06T12:44,30,73
SYN-0006047,Orthopedics,61,2025-03-16T17:34,2025-03-16T19:20,2025-03-16T21:44,106,250
SYN-0006048,Imaging,73,2025-11-01T23:36,2025-11-02T00:42,2025-11-02T01:42,66,126
SYN-0006049,Orthopedics,87,2025-02-25T18:13,2025-02-25T18:18,2025-02-25T20:14,5,121
SYN-0006050,General Medicine,67,2025-03-11T20:21,2025-03-11T22:19,2025-03-11T22:54,118,153
SYN-0006051,Imaging,44,2025-05-12T13:59,2025-05-12T14:41,2025-05-12T15:29,42,90
SYN-0006052,Orthopedics,73,2025-09-25T22:10,2025-09-25T23:43,2025-09-26T01:06,93,176
SYN-0006053,General Medicine,53,2025-01-14T13:52,2025-01-14T16:14,2025-01-14T18:07,142,255
SYN-0006054,Orthopedics,70,2025-09-02T00:42,2025-09-02T02:24,2025-09-02T02:58,102,136
SYN-0006055,Imaging,57,2025-09-07T21:04,2025-09-07T21:38,2025-09-07T22:55,34,111
SYN-0006056,Emergency,40,2025-07-12T10:51,2025-07-12T11:35,2025-07-12T19:07,44,496
SYN-0006057,General Medicine,86,2025-12-10T10:18,2025-12-10T12:19,2025-12-10T13:07,121,169
SYN-0006058,General Medicine,33,2025-11-21T13:13,2025-11-21T14:05,2025-11-21T15:59,52,166
SYN-0006059,Orthopedics,25,2025-08-29T14:49,2025-08-29T14:58,2025-08-29T16:01,9,72
SYN-0006060,Cardiology,72,2025-12-24T04:08,2025-12-24T05:21,2025-12-24T07:28,73,200
SYN-0006061,Cardiology,70,2025-02-21T22:50,2025-02-21T23:43,2025-02-22T01:45,53,175
SYN-0006062,Cardiology,70,2025-06-28T00:50,2025-06-28T02:01,2025-06-28T03:59,71,189
SYN-0006063,General Medicine,43,2025-10-08T14:41,2025-10-08T15:04,2025-10-08T18:25,23,224
SYN-0006064,Orthopedics,20,2025-06-10T17:37,2025-06-10T18:47,2025-06-10T20:46,70,189
SYN-0006065,Emergency,36,2025-02-27T20:46,2025-02-27T21:01,2025-02-28T04:05,15,439
SYN-0006066,Imaging,94,2025-10-02T19:03,2025-10-02T20:18,2025-10-02T21:46,75,163
SYN-0006067,Orthopedics,55,2025-01-02T02:48,2025-01-02T03:03,2025-01-02T04:26,15,98
SYN-0006068,General Medicine,76,2025-12-23T14:34,2025-12-23T16:18,2025-12-23T17:25,104,171
SYN-0006069,Orthopedics,24,2025-12-12T18:34,2025-12-12T19:46,2025-12-12T21:52,72,198
SYN-0006070,Cardiology,36,2025-10-30T03:50,2025-10-30T04:44,2025-10-30T06:52,54,182
SYN-0006071,Emergency,45,2025-11-04T15:03,2025-11-04T16:02,2025-11-04T22:54,59,471
SYN-0006072,Orthopedics,94,2025-06-03T20:28,2025-06-03T21:11,2025-06-03T22:53,43,145
SYN-0006073,Orthopedics,49,2025-10-02T21:38,2025-10-02T22:34,2025-10-03T01:14,56,216
SYN-0006074,Cardiology,43,2025-04-20T14:51,2025-04-20T15:09,2025-04-20T16:12,18,81
SYN-0006075,Cardiology,29,2025-11-04T01:22,2025-11-04T02:14,2025-11-04T04:51,52,209
SYN-0006076,Imaging,33,2025-06-10T01:59,2025-06-10T02:10,2025-06-10T03:22,11,83
SYN-0006077,Imaging,77,2025-09-18T04:45,2025-09-18T05:28,2025-09-18T06:18,43,93
SYN-0006078,Imaging,35,2025-10-29T02:01,2025-10-29T03:00,2025-10-29T03:37,59,96
SYN-0006079,Imaging,86,2025-11-20T16:08,2025-11-20T16:44,2025-11-20T17:49,36,101
SYN-0006080,Orthopedics,81,2025-12-22T15:08,2025-12-22T16:42,2025-12-22T17:22,94,134
SYN-0006081,Orthopedics,52,2025-09-30T13:57,2025-09-30T15:42,2025-09-30T18:18,105,261
SYN-0006082,Orthopedics,82,2025-07-27T17:16,2025-07-27T18:44,2025-07-27T20:15,88,179
SYN-0006083,Orthopedics,42,2025-09-15T21:04,2025-09-15T21:26,2025-09-16T00:26,22,202
SYN-0006084,Imaging,48,2025-01-21T00:32,2025-01-21T01:35,2025-01-21T02:22,63,110
SYN-0006085,Imaging,89,2025-11-02T18:08,2025-11-02T19:02,2025-11-02T20:16,54,128
SYN-0006086,Imaging,37,2025-07-13T01:37,2025-07-13T02:18,2025-07-13T02:36,41,59
SYN-0006087,Emergency,77,2025-11-03T17:53,2025-11-03T21:44,2025-11-04T02:19,231,506
SYN-0006088,Orthopedics,62,2025-11-21T03:35,2025-11-21T03:50,2025-11-21T05:38,15,123
SYN-0006089,Cardiology,58,2025-02-25T08:44,2025-02-25T09:27,2025-02-25T10:34,43,110
SYN-0006090,Imaging,93,2025-02-13T06:00,2025-02-13T06:31,2025-02-13T07:12,31,72
SYN-0006091,Emergency,91,2025-02-03T20:50,2025-02-04T00:21,2025-02-04T01:07,211,257
SYN-0006092,Orthopedics,65,2025-10-25T20:30,2025-10-25T22:09,2025-10-25T22:47,99,137
SYN-0006093,Imaging,48,2025-04-20T05:42,2025-04-20T06:32,2025-04-20T07:51,50,129
SYN-0006094,Orthopedics,49,2025-09-08T01:26,2025-09-08T03:03,2025-09-08T04:40,97,194
SYN-0006095,General Medicine,64,2025-11-04T18:37,2025-11-04T20:12,2025-11-04T23:29,95,292
SYN-0006096,Cardiology,34,2025-05-26T20:13,2025-05-26T21:01,2025-05-26T22:32,48,139
SYN-0006097,Imaging,22,2025-01-10T19:33,2025-01-10T20:33,2025-01-10T20:52,60,79
SYN-0006098,Orthopedics,26,2025-02-27T07:03,2025-02-27T08:07,2025-02-27T08:44,64,101
SYN-0006099,Emergency,92,2025-08-13T00:50,2025-08-13T04:08,2025-08-13T06:43,198,353
SYN-0006100,Orthopedics,28,2025-02-26T15:35,2025-02-26T17:25,2025-02-26T19:42,110,247
SYN-0006101,General Medicine,58,2025-10-18T14:49,2025-10-18T17:07,2025-10-18T20:02,138,313
SYN-0006102,Emergency,58,2025-03-16T03:07,2025-03-16T03:39,2025-03-16T08:49,32,342
SYN-0006103,General Medicine,53,2025-11-23T02:15,2025-11-23T03:20,2025-11-23T07:01,65,286
SYN-0006104,Imaging,57,2025-08-16T03:52,2025-08-16T04:51,2025-08-16T05:15,59,83
SYN-0006105,Imaging,83,2025-03-09T17:27,2025-03-09T18:29,2025-03-09T19:38,62,131
SYN-0006106,Imaging,53,2025-01-01T01:02,2025-01-01T02:12,2025-01-01T03:29,70,147
SYN-0006107,Imaging,88,2025-10-07T04:23,2025-10-07T05:20,2025-10-07T06:26,57,123
SYN-0006108,Cardiology,35,2025-09-29T12:16,2025-09-29T13:39,2025-09-29T14:28,83,132
SYN-0006109,Orthopedics,20,2025-10-01T00:19,2025-10-01T01:15,2025-10-01T03:12,56,173
SYN-0006110,General Medicine,47,2025-04-30T11:21,2025-04-30T11:48,2025-04-30T13:28,27,127
SYN-0006111,Cardiology,81,2025-05-16T09:27,2025-05-16T09:32,2025-05-16T11:03,5,96
SYN-0006112,Imaging,53,2025-08-18T18:33,2025-08-18T19:14,2025-08-18T19:31,41,58
SYN-0006113,Imaging,40,2025-11-04T12:46,2025-11-04T13:21,2025-11-04T14:44,35,118
SYN-0006114,Cardiology,63,2025-02-09T21:36,2025-02-09T21:49,2025-02-09T23:38,13,122
SYN-0006115,Emergency,86,2025-03-06T06:05,2025-03-06T07:10,2025-03-06T15:08,65,543
SYN-0006116,Imaging,80,2025-08-13T12:24,2025-08-13T13:17,2025-08-13T13:36,53,72
SYN-0006117,Orthopedics,88,2025-06-05T06:11,2025-06-05T07:13,2025-06-05T08:45,62,154
SYN-0006118,General Medicine,82,2025-11-27T10:25,2025-11-27T10:58,2025-11-27T12:32,33,127
SYN-0006119,Orthopedics,56,2025-11-28T11:19,2025-11-28T11:45,2025-11-28T13:21,26,122
SYN-0006120,Orthopedics,42,2025-01-02T22:32,2025-01-03T00:22,2025-01-03T01:24,110,172
SYN-0006121,Orthopedics,31,2025-07-25T08:45,2025-07-25T10:07,2025-07-25T11:44,82,179
SYN-0006122,Emergency,46,2025-05-02T05:30,2025-05-02T09:29,2025-05-02T16:21,239,651
SYN-0006123,General Medicine,63,2025-06-14T07:41,2025-06-14T09:54,2025-06-14T13:09,133,328
SYN-0006124,Emergency,70,2025-10-23T20:23,2025-10-23T22:50,2025-10-24T05:42,147,559
SYN-0006125,Orthopedics,56,2025-12-15T20:17,2025-12-15T22:12,2025-12-16T00:49,115,272
SYN-0006126,Emergency,64,2025-05-29T05:23,2025-05-29T06:25,2025-05-29T07:41,62,138
SYN-0006127,Emergency,19,2025-05-17T19:45,2025-05-17T22:04,2025-05-18T04:19,139,514
SYN-0006128,Cardiology,43,2025-09-30T06:10,2025-09-30T07:00,2025-09-30T09:56,50,226
SYN-0006129,Orthopedics,86,2025-08-20T18:20,2025-08-20T20:20,2025-08-20T22:37,120,257
SYN-0006130,Emergency,39,2025-09-23T13:14,2025-09-23T14:53,2025-09-23T17:10,99,236
SYN-0006131,Emergency,61,2025-08-27T17:54,2025-08-27T20:09,2025-08-28T01:20,135,446
SYN-0006132,General Medicine,27,2025-08-10T01:35,2025-08-10T01:59,2025-08-10T05:56,24,261
SYN-0006133,Cardiology,64,2025-08-29T12:16,2025-08-29T13:31,2025-08-29T15:52,75,216
SYN-0006134,General Medicine,62,2025-12-02T11:35,2025-12-02T12:13,2025-12-02T14:19,38,164
SYN-0006135,General Medicine,30,2025-05-30T15:58,2025-05-30T16:53,2025-05-30T18:18,55,140
SYN-0006136,General Medicine,88,2025-03-08T18:34,2025-03-08T19:40,2025-03-08T21:29,66,175
SYN-0006137,Emergency,86,2025-05-23T18:42,2025-05-23T21:59,2025-05-23T22:57,197,255
SYN-0006138,Emergency,42,2025-10-08T11:29,2025-10-08T15:08,2025-10-08T17:50,219,381
SYN-0006139,Orthopedics,38,2025-08-16T00:20,2025-08-16T00:41,2025-08-16T01:55,21,95
SYN-0006140,Emergency,91,2025-09-27T09:47,2025-09-27T12:53,2025-09-27T18:34,186,527
SYN-0006141,Imaging,40,2025-03-15T23:40,2025-03-16T00:15,2025-03-16T00:36,35,56
SYN-0006142,Emergency,78,2025-04-23T16:14,2025-04-23T18:35,2025-04-23T21:45,141,331
SYN-0006143,Cardiology,55,2025-03-05T11:09,2025-03-05T11:51,2025-03-05T12:59,42,110
SYN-0006144,Imaging,28,2025-07-01T15:36,2025-07-01T15:52,2025-07-01T16:32,16,56
SYN-0006145,Orthopedics,43,2025-09-21T22:09,2025-09-22T00:06,2025-09-22T02:07,117,238
SYN-0006146,Emergency,22,2025-06-12T17:11,2025-06-12T17:37,2025-06-12T20:51,26,220
SYN-0006147,Cardiology,19,2025-08-05T03:31,2025-08-05T03:43,2025-08-05T05:46,12,135
SYN-0006148,Imaging,30,2025-03-06T01:03,2025-03-06T02:04,2025-03-06T03:27,61,144
SYN-0006149,Emergency,64,2025-10-24T13:30,2025-10-24T16:17,2025-10-24T23:06,167,576
SYN-0006150,General Medicine,58,2025-08-16T19:39,2025-08-16T22:09,2025-08-16T23:56,150,257
SYN-0006151,Imaging,57,2025-06-22T20:31,2025-06-22T21:28,2025-06-22T22:38,57,127
SYN-0006152,Orthopedics,89,2025-03-29T03:32,2025-03-29T05:30,2025-03-29T07:17,118,225
SYN-0006153,Cardiology,70,2025-04-13T22:25,2025-04-13T23:46,2025-04-14T00:56,81,151
SYN-0006154,General Medicine,25,2025-04-22T04:38,2025-04-22T05:56,2025-04-22T07:53,78,195
SYN-0006155,Imaging,20,2025-03-16T23:41,2025-03-17T00:25,2025-03-17T00:50,44,69
SYN-0006156,Imaging,29,2025-10-05T02:20,2025-10-05T02:38,2025-10-05T03:41,18,81
SYN-0006157,Emergency,38,2025-04-07T10:06,2025-04-07T10:31,2025-04-07T17:26,25,440
SYN-0006158,Orthopedics,86,2025-10-22T13:06,2025-10-22T13:28,2025-10-22T14:29,22,83
SYN-0006159,Cardiology,37,2025-04-02T17:03,2025-04-02T18:01,2025-04-02T20:54,58,231
SYN-0006160,Emergency,63,2025-12-30T12:31,2025-12-30T15:23,2025-12-30T22:48,172,617
SYN-0006161,Imaging,36,2025-10-05T18:28,2025-10-05T18:54,2025-10-05T19:57,26,89
SYN-0006162,Emergency,81,2025-07-17T07:53,2025-07-17T10:18,2025-07-17T12:27,145,274
SYN-0006163,General Medicine,19,2025-01-03T19:50,2025-01-03T20:22,2025-01-04T00:02,32,252
SYN-0006164,Orthopedics,63,2025-04-12T07:51,2025-04-12T09:08,2025-04-12T10:36,77,165
SYN-0006165,Imaging,24,2025-11-28T22:49,2025-11-28T23:10,2025-11-28T23:41,21,52
SYN-0006166,Cardiology,23,2025-01-23T05:07,2025-01-23T05:32,2025-01-23T06:54,25,107
SYN-0006167,Imaging,81,2025-09-05T06:56,2025-09-05T07:35,2025-09-05T09:01,39,125
SYN-0006168,Cardiology,33,2025-12-04T04:55,2025-12-04T05:32,2025-12-04T07:05,37,130
SYN-0006169,Cardiology,55,2025-03-06T08:25,2025-03-06T09:48,2025-03-06T12:02,83,217
SYN-0006170,Orthopedics,83,2025-08-30T03:50,2025-08-30T04:18,2025-08-30T04:59,28,69
SYN-0006171,Emergency,20,2025-10-18T20:36,2025-10-18T23:46,2025-10-19T01:31,190,295
SYN-0006172,Imaging,40,2025-01-21T21:13,2025-01-21T21:23,2025-01-21T22:14,10,61
SYN-0006173,Cardiology,63,2025-11-01T17:58,2025-11-01T18:36,2025-11-01T19:24,38,86
SYN-0006174,Orthopedics,75,2025-07-11T20:49,2025-07-11T22:47,2025-07-12T01:19,118,270
SYN-0006175,Imaging,50,2025-01-17T23:05,2025-01-17T23:53,2025-01-18T00:13,48,68
SYN-0006176,Emergency,73,2025-08-29T15:35,2025-08-29T18:27,2025-08-29T23:14,172,459
SYN-0006177,Imaging,30,2025-01-26T16:30,2025-01-26T17:08,2025-01-26T17:49,38,79
SYN-0006178,Imaging,35,2025-11-11T03:31,2025-11-11T04:18,2025-11-11T05:18,47,107
SYN-0006179,Cardiology,66,2025-11-19T10:26,2025-11-19T11:36,2025-11-19T14:26,70,240
SYN-0006180,Orthopedics,44,2025-02-23T22:26,2025-02-23T23:25,2025-02-24T00:55,59,149
SYN-0006181,Imaging,35,2025-04-04T04:33,2025-04-04T04:44,2025-04-04T05:52,11,79
SYN-0006182,General Medicine,42,2025-03-13T03:12,2025-03-13T03:27,2025-03-13T04:19,15,67
SYN-0006183,General Medicine,79,2025-07-23T11:36,2025-07-23T13:23,2025-07-23T13:55,107,139
SYN-0006184,General Medicine,28,2025-11-22T15:40,2025-11-22T17:00,2025-11-22T20:20,80,280
SYN-0006185,General Medicine,44,2025-01-13T03:26,2025-01-13T03:39,2025-01-13T05:03,13,97
SYN-0006186,Orthopedics,49,2025-08-23T22:45,2025-08-23T23:05,2025-08-24T00:40,20,115
SYN-0006187,General Medicine,57,2025-07-31T01:27,2025-07-31T02:20,2025-07-31T05:53,53,266
SYN-0006188,Emergency,51,2025-03-30T20:43,2025-03-30T23:23,2025-03-31T05:57,160,554
SYN-0006189,Imaging,57,2025-06-19T22:14,2025-06-19T22:25,2025-06-19T23:26,11,72
SYN-0006190,Imaging,93,2025-06-24T07:16,2025-06-24T07:37,2025-06-24T09:03,21,107
SYN-0006191,Orthopedics,78,2025-10-25T16:59,2025-10-25T18:56,2025-10-25T19:49,117,170
SYN-0006192,Cardiology,46,2025-08-30T07:18,2025-08-30T08:44,2025-08-30T09:43,86,145
SYN-0006193,Cardiology,19,2025-12-26T07:12,2025-12-26T08:41,2025-12-26T11:06,89,234
SYN-0006194,General Medicine,85,2025-10-22T04:37,2025-10-22T05:52,2025-10-22T08:32,75,235
SYN-0006195,Imaging,93,2025-04-19T16:19,2025-04-19T17:06,2025-04-19T18:09,47,110
SYN-0006196,Cardiology,85,2025-04-26T16:06,2025-04-26T16:58,2025-04-26T18:30,52,144
SYN-0006197,Cardiology,85,2025-03-22T16:04,2025-03-22T17:17,2025-03-22T18:02,73,118
SYN-0006198,Cardiology,44,2025-09-29T23:40,2025-09-30T00:04,2025-09-30T01:51,24,131
SYN-0006199,Emergency,72,2025-09-07T15:42,2025-09-07T17:43,2025-09-07T22:34,121,412
SYN-0006200,General Medicine,80,2025-11-04T14:04,2025-11-04T15:30,2025-11-04T18:54,86,290
SYN-0006201,Imaging,69,2025-01-14T10:49,2025-01-14T11:57,2025-01-14T13:16,68,147
SYN-0006202,Orthopedics,79,2025-06-09T07:59,2025-06-09T08:45,2025-06-09T11:36,46,217
SYN-0006203,Orthopedics,91,2025-08-25T23:43,2025-08-26T01:21,2025-08-26T03:02,98,199
SYN-0006204,Imaging,47,2025-02-27T18:43,2025-02-27T19:30,2025-02-27T20:03,47,80
SYN-0006205,Orthopedics,79,2025-03-01T02:23,2025-03-01T03:49,2025-03-01T05:10,86,167
SYN-0006206,Orthopedics,94,2025-08-29T02:51,2025-08-29T04:50,2025-08-29T06:48,119,237
SYN-0006207,Cardiology,86,2025-07-19T21:53,2025-07-19T23:02,2025-07-20T01:52,69,239
SYN-0006208,Imaging,55,2025-02-16T20:56,2025-02-16T21:36,2025-02-16T22:02,40,66
SYN-0006209,General Medicine,72,2025-04-24T22:51,2025-04-25T00:39,2025-04-25T04:04,108,313
SYN-0006210,Imaging,81,2025-03-27T18:59,2025-03-27T19:45,2025-03-27T20:15,46,76
SYN-0006211,Imaging,52,2025-06-13T03:01,2025-06-13T03:38,2025-06-13T04:35,37,94
SYN-0006212,General Medicine,27,2025-08-20T18:34,2025-08-20T20:28,2025-08-20T22:29,114,235
SYN-0006213,Orthopedics,32,2025-08-15T05:32,2025-08-15T07:16,2025-08-15T09:37,104,245
SYN-0006214,General Medicine,48,2025-11-07T18:18,2025-11-07T20:11,2025-11-07T22:33,113,255
SYN-0006215,Emergency,62,2025-05-31T09:38,2025-05-31T13:15,2025-05-31T14:10,217,272
SYN-0006216,General Medicine,68,2025-03-22T06:53,2025-03-22T07:50,2025-03-22T08:35,57,102
SYN-0006217,Cardiology,91,2025-08-27T07:39,2025-08-27T07:48,2025-08-27T08:54,9,75
SYN-0006218,Imaging,36,2025-07-24T11:01,2025-07-24T11:25,2025-07-24T12:02,24,61
SYN-0006219,Cardiology,57,2025-06-06T12:48,2025-06-06T14:00,2025-06-06T15:56,72,188
SYN-0006220,General Medicine,70,2025-10-05T20:25,2025-10-05T21:17,2025-10-05T23:49,52,204
SYN-0006221,General Medicine,73,2025-07-04T23:40,2025-07-05T00:02,2025-07-05T02:57,22,197
SYN-0006222,Emergency,53,2025-01-25T10:57,2025-01-25T11:28,2025-01-25T18:49,31,472
SYN-0006223,Emergency,56,2025-05-24T02:41,2025-05-24T06:14,2025-05-24T08:28,213,347
SYN-0006224,General Medicine,46,2025-08-31T22:50,2025-08-31T23:01,2025-08-31T23:49,11,59
SYN-0006225,Imaging,69,2025-10-18T15:20,2025-10-18T15:55,2025-10-18T16:57,35,97
SYN-0006226,Imaging,51,2025-08-26T14:26,2025-08-26T14:44,2025-08-26T15:43,18,77
SYN-0006227,Orthopedics,49,2025-09-09T06:11,2025-09-09T07:09,2025-09-09T07:43,58,92
SYN-0006228,General Medicine,73,2025-01-30T18:49,2025-01-30T19:38,2025-01-30T21:48,49,179
SYN-0006229,Imaging,81,2025-04-11T07:59,2025-04-11T08:38,2025-04-11T09:44,39,105
SYN-0006230,Cardiology,68,2025-05-31T03:47,2025-05-31T03:58,2025-05-31T06:08,11,141
SYN-0006231,Orthopedics,31,2025-02-15T20:25,2025-02-15T21:49,2025-02-16T00:45,84,260
SYN-0006232,General Medicine,70,2025-09-12T03:38,2025-09-12T04:27,2025-09-12T07:58,49,260
SYN-0006233,Imaging,23,2025-09-23T08:53,2025-09-23T09:17,2025-09-23T10:36,24,103
SYN-0006234,Cardiology,45,2025-08-22T17:34,2025-08-22T17:49,2025-08-22T20:05,15,151
SYN-0006235,General Medicine,76,2025-12-28T23:55,2025-12-29T01:07,2025-12-29T01:42,72,107
SYN-0006236,Orthopedics,29,2025-04-12T01:00,2025-04-12T02:56,2025-04-12T04:47,116,227
SYN-0006237,Cardiology,51,2025-10-31T11:50,2025-10-31T12:44,2025-10-31T14:15,54,145
SYN-0006238,Cardiology,79,2025-10-17T13:41,2025-10-17T15:03,2025-10-17T17:22,82,221
SYN-0006239,General Medicine,18,2025-10-15T22:32,2025-10-15T23:50,2025-10-16T01:33,78,181
SYN-0006240,Imaging,28,2025-09-08T01:14,2025-09-08T01:21,2025-09-08T02:37,7,83
SYN-0006241,General Medicine,76,2025-02-17T02:15,2025-02-17T02:50,2025-02-17T05:55,35,220
SYN-0006242,Imaging,37,2025-02-19T21:30,2025-02-19T22:22,2025-02-19T23:24,52,114
SYN-0006243,General Medicine,57,2025-03-11T21:19,2025-03-11T22:39,2025-03-12T00:25,80,186
SYN-0006244,General Medicine,30,2025-05-31T00:15,2025-05-31T01:07,2025-05-31T03:03,52,168
SYN-0006245,Imaging,84,2025-05-10T12:01,2025-05-10T12:41,2025-05-10T14:05,40,124
SYN-0006246,Cardiology,52,2025-12-13T12:24,2025-12-13T13:35,2025-12-13T15:46,71,202
SYN-0006247,Imaging,66,2025-09-13T05:31,2025-09-13T06:32,2025-09-13T07:42,61,131
SYN-0006248,Orthopedics,20,2025-12-17T13:13,2025-12-17T14:32,2025-12-17T15:11,79,118
SYN-0006249,Orthopedics,44,2025-07-11T17:55,2025-07-11T18:41,2025-07-11T20:28,46,153
SYN-0006250,Orthopedics,81,2025-12-09T18:57,2025-12-09T19:30,2025-12-09T21:50,33,173
SYN-0006251,Emergency,90,2025-10-26T22:28,2025-10-27T00:04,2025-10-27T07:54,96,566
SYN-0006252,Cardiology,24,2025-07-13T10:14,2025-07-13T10:37,2025-07-13T11:22,23,68
SYN-0006253,Imaging,32,2025-08-06T07:56,2025-08-06T08:52,2025-08-06T09:37,56,101
SYN-0006254,Orthopedics,77,2025-12-04T17:43,2025-12-04T18:14,2025-12-04T20:16,31,153
SYN-0006255,Emergency,32,2025-02-04T18:17,2025-02-04T18:40,2025-02-05T00:49,23,392
SYN-0006256,Emergency,77,2025-07-03T16:34,2025-07-03T18:09,2025-07-04T00:08,95,454
SYN-0006257,Imaging,48,2025-07-11T09:17,2025-07-11T09:51,2025-07-11T10:42,34,85
SYN-0006258,Emergency,86,2025-07-11T02:02,2025-07-11T05:41,2025-07-11T11:48,219,586
SYN-0006259,Imaging,64,2025-09-14T14:35,2025-09-14T14:57,2025-09-14T15:34,22,59
SYN-0006260,Imaging,50,2025-10-20T05:03,2025-10-20T06:12,2025-10-20T07:10,69,127
SYN-0006261,Emergency,80,2025-07-16T20:56,2025-07-16T22:03,2025-07-17T01:28,67,272
SYN-0006262,Orthopedics,65,2025-08-28T10:10,2025-08-28T10:27,2025-08-28T12:37,17,147
SYN-0006263,Imaging,48,2025-04-21T10:15,2025-04-21T10:47,2025-04-21T11:42,32,87
SYN-0006264,Cardiology,62,2025-09-29T12:32,2025-09-29T13:45,2025-09-29T16:03,73,211
SYN-0006265,General Medicine,80,2025-09-08T12:01,2025-09-08T12:15,2025-09-08T16:03,14,242
SYN-0006266,General Medicine,82,2025-09-21T16:35,2025-09-21T18:02,2025-09-21T20:36,87,241
SYN-0006267,Emergency,23,2025-10-21T01:21,2025-10-21T04:18,2025-10-21T08:17,177,416
SYN-0006268,Cardiology,42,2025-03-27T14:28,2025-03-27T15:40,2025-03-27T17:32,72,184
SYN-0006269,Imaging,56,2025-06-05T09:31,2025-06-05T09:57,2025-06-05T10:42,26,71
SYN-0006270,Imaging,77,2025-01-14T06:49,2025-01-14T06:54,2025-01-14T07:47,5,58
SYN-0006271,Emergency,30,2025-11-20T17:44,2025-11-20T18:58,2025-11-20T22:53,74,309
SYN-0006272,Orthopedics,49,2025-12-23T04:20,2025-12-23T05:58,2025-12-23T08:34,98,254
SYN-0006273,Orthopedics,58,2025-09-12T08:27,2025-09-12T08:47,2025-09-12T11:39,20,192
SYN-0006274,General Medicine,81,2025-06-07T20:01,2025-06-07T21:38,2025-06-07T22:18,97,137
SYN-0006275,Orthopedics,33,2025-01-28T00:00,2025-01-28T00:52,2025-01-28T03:05,52,185
SYN-0006276,Imaging,30,2025-10-10T18:06,2025-10-10T18:14,2025-10-10T18:53,8,47
SYN-0006277,Emergency,21,2025-09-11T08:35,2025-09-11T09:04,2025-09-11T13:29,29,294
SYN-0006278,Emergency,22,2025-11-16T04:21,2025-11-16T07:45,2025-11-16T09:08,204,287
SYN-0006279,Imaging,91,2025-07-16T09:31,2025-07-16T10:34,2025-07-16T12:02,63,151
SYN-0006280,Emergency,94,2025-11-11T22:04,2025-11-12T00:19,2025-11-12T05:27,135,443
SYN-0006281,Cardiology,30,2025-08-17T12:19,2025-08-17T13:31,2025-08-17T15:36,72,197
SYN-0006282,Imaging,92,2025-09-23T21:43,2025-09-23T22:07,2025-09-23T22:36,24,53
SYN-0006283,Cardiology,69,2025-11-21T03:54,2025-11-21T05:24,2025-11-21T07:57,90,243
SYN-0006284,Cardiology,80,2025-11-08T23:28,2025-11-09T00:18,2025-11-09T01:53,50,145
SYN-0006285,Cardiology,23,2025-10-24T17:54,2025-10-24T18:46,2025-10-24T21:02,52,188
SYN-0006286,Imaging,35,2025-04-04T06:29,2025-04-04T06:41,2025-04-04T07:54,12,85
SYN-0006287,General Medicine,28,2025-07-16T16:10,2025-07-16T18:37,2025-07-16T20:01,147,231
SYN-0006288,Cardiology,42,2025-03-19T12:42,2025-03-19T13:16,2025-03-19T15:29,34,167
SYN-0006289,General Medicine,42,2025-07-18T03:22,2025-07-18T03:33,2025-07-18T04:22,11,60
SYN-0006290,Emergency,39,2025-08-14T15:40,2025-08-14T18:24,2025-08-14T22:53,164,433
SYN-0006291,Imaging,69,2025-11-11T17:28,2025-11-11T18:12,2025-11-11T18:56,44,88
SYN-0006292,Cardiology,74,2025-10-29T11:59,2025-10-29T12:44,2025-10-29T15:31,45,212
SYN-0006293,Emergency,43,2025-01-17T06:32,2025-01-17T09:39,2025-01-17T12:26,187,354
SYN-0006294,Emergency,47,2025-11-29T06:01,2025-11-29T09:01,2025-11-29T09:57,180,236
SYN-0006295,Orthopedics,89,2025-09-23T14:35,2025-09-23T16:19,2025-09-23T18:40,104,245
SYN-0006296,Cardiology,61,2025-05-07T18:43,2025-05-07T19:37,2025-05-07T20:28,54,105
SYN-0006297,Cardiology,78,2025-06-22T18:50,2025-06-22T20:20,2025-06-22T22:51,90,241
SYN-0006298,General Medicine,36,2025-02-19T17:47,2025-02-19T19:04,2025-02-19T22:35,77,288
SYN-0006299,General Medicine,92,2025-11-09T12:11,2025-11-09T14:34,2025-11-09T16:43,143,272
SYN-0006300,Emergency,34,2025-04-02T22:28,2025-04-02T23:00,2025-04-03T06:24,32,476
SYN-0006301,Cardiology,39,2025-07-12T03:11,2025-07-12T03:37,2025-07-12T04:41,26,90
SYN-0006302,Orthopedics,28,2025-10-02T23:13,2025-10-03T01:08,2025-10-03T02:18,115,185
SYN-0006303,Emergency,60,2025-04-17T20:35,2025-04-17T23:14,2025-04-18T03:54,159,439
SYN-0006304,General Medicine,75,2025-08-20T21:43,2025-08-20T23:11,2025-08-21T01:21,88,218
SYN-0006305,Orthopedics,65,2025-10-02T22:01,2025-10-02T23:26,2025-10-03T01:05,85,184
SYN-0006306,Cardiology,53,2025-08-19T20:25,2025-08-19T20:53,2025-08-19T23:13,28,168
SYN-0006307,Orthopedics,86,2025-03-13T00:54,2025-03-13T01:08,2025-03-13T02:06,14,72
SYN-0006308,Orthopedics,75,2025-10-06T04:44,2025-10-06T04:59,2025-10-06T06:23,15,99
SYN-0006309,Cardiology,36,2025-09-04T05:12,2025-09-04T06:22,2025-09-04T07:11,70,119
SYN-0006310,Emergency,93,2025-03-15T00:17,2025-03-15T01:19,2025-03-15T06:31,62,374
SYN-0006311,Cardiology,30,2025-08-08T02:45,2025-08-08T03:46,2025-08-08T06:20,61,215
SYN-0006312,General Medicine,51,2025-02-28T10:50,2025-02-28T12:11,2025-02-28T14:48,81,238
SYN-0006313,Imaging,27,2025-01-21T07:36,2025-01-21T07:58,2025-01-21T08:34,22,58
SYN-0006314,Orthopedics,43,2025-06-27T13:14,2025-06-27T14:43,2025-06-27T17:26,89,252
SYN-0006315,Cardiology,30,2025-02-13T10:43,2025-02-13T11:29,2025-02-13T13:22,46,159
SYN-0006316,Emergency,87,2025-05-04T01:12,2025-05-04T02:09,2025-05-04T06:25,57,313
SYN-0006317,Cardiology,18,2025-05-23T10:16,2025-05-23T11:10,2025-05-23T11:57,54,101
SYN-0006318,General Medicine,55,2025-10-15T13:14,2025-10-15T15:27,2025-10-15T19:16,133,362
SYN-0006319,Imaging,71,2025-01-08T16:40,2025-01-08T17:46,2025-01-08T18:06,66,86
SYN-0006320,Imaging,77,2025-06-22T18:02,2025-06-22T19:02,2025-06-22T19:30,60,88
SYN-0006321,Imaging,79,2025-01-02T21:09,2025-01-02T21:32,2025-01-02T22:34,23,85
SYN-0006322,Imaging,41,2025-10-30T22:45,2025-10-30T23:51,2025-10-31T00:14,66,89
SYN-0006323,Emergency,54,2025-01-31T10:26,2025-01-31T12:43,2025-01-31T14:28,137,242
SYN-0006324,General Medicine,89,2025-10-15T10:47,2025-10-15T13:11,2025-10-15T15:53,144,306
SYN-0006325,Emergency,82,2025-03-16T23:40,2025-03-17T02:38,2025-03-17T05:41,178,361
SYN-0006326,Imaging,38,2025-06-14T16:55,2025-06-14T17:28,2025-06-14T17:48,33,53
SYN-0006327,Imaging,50,2025-10-19T17:05,2025-10-19T17:48,2025-10-19T18:45,43,100
SYN-0006328,General Medicine,31,2025-08-06T08:51,2025-08-06T10:50,2025-08-06T13:19,119,268
SYN-0006329,General Medicine,59,2025-01-27T22:42,2025-01-27T23:13,2025-01-28T01:25,31,163
SYN-0006330,Cardiology,50,2025-10-09T17:37,2025-10-09T18:59,2025-10-09T19:49,82,132
SYN-0006331,General Medicine,19,2025-12-21T06:57,2025-12-21T07:15,2025-12-21T10:09,18,192
SYN-0006332,Cardiology,32,2025-09-02T21:08,2025-09-02T21:51,2025-09-02T23:09,43,121
SYN-0006333,General Medicine,33,2025-02-08T15:38,2025-02-08T17:43,2025-02-08T21:07,125,329
SYN-0006334,General Medicine,89,2025-09-30T03:59,2025-09-30T04:26,2025-09-30T08:04,27,245
SYN-0006335,General Medicine,87,2025-10-17T03:55,2025-10-17T04:30,2025-10-17T05:48,35,113
SYN-0006336,Cardiology,19,2025-12-05T06:32,2025-12-05T07:51,2025-12-05T10:16,79,224
SYN-0006337,Imaging,60,2025-03-27T19:51,2025-03-27T20:31,2025-03-27T21:08,40,77
SYN-0006338,Cardiology,35,2025-10-17T19:05,2025-10-17T19:18,2025-10-17T21:06,13,121
SYN-0006339,Orthopedics,35,2025-01-03T12:14,2025-01-03T12:40,2025-01-03T14:52,26,158
SYN-0006340,Cardiology,88,2025-01-19T06:22,2025-01-19T06:41,2025-01-19T09:14,19,172
SYN-0006341,General Medicine,83,2025-07-21T05:28,2025-07-21T07:34,2025-07-21T09:37,126,249
SYN-0006342,Emergency,43,2025-06-18T20:50,2025-06-18T21:36,2025-06-19T05:28,46,518
SYN-0006343,Orthopedics,42,2025-08-06T00:40,2025-08-06T01:54,2025-08-06T03:23,74,163
SYN-0006344,General Medicine,64,2025-10-25T06:44,2025-10-25T07:15,2025-10-25T07:46,31,62
SYN-0006345,Imaging,79,2025-03-03T12:03,2025-03-03T12:38,2025-03-03T13:34,35,91
SYN-0006346,Orthopedics,91,2025-10-02T19:13,2025-10-02T20:01,2025-10-02T21:35,48,142
SYN-0006347,Cardiology,38,2025-01-19T22:21,2025-01-19T23:10,2025-01-20T00:26,49,125
SYN-0006348,Emergency,37,2025-03-06T09:22,2025-03-06T10:49,2025-03-06T11:43,87,141
SYN-0006349,General Medicine,91,2025-03-05T04:36,2025-03-05T05:48,2025-03-05T07:06,72,150
SYN-0006350,Orthopedics,90,2025-12-18T02:53,2025-12-18T03:45,2025-12-18T06:26,52,213
SYN-0006351,General Medicine,95,2025-09-04T18:15,2025-09-04T18:28,2025-09-04T19:54,13,99
SYN-0006352,Imaging,28,2025-12-25T22:49,2025-12-25T23:06,2025-12-26T00:24,17,95
SYN-0006353,Imaging,62,2025-01-24T18:44,2025-01-24T18:52,2025-01-24T19:31,8,47
SYN-0006354,Imaging,91,2025-02-11T11:51,2025-02-11T13:00,2025-02-11T14:12,69,141
SYN-0006355,Orthopedics,66,2025-07-04T16:50,2025-07-04T17:04,2025-07-04T18:07,14,77
SYN-0006356,Emergency,50,2025-10-13T13:29,2025-10-13T15:03,2025-10-13T16:20,94,171
SYN-0006357,General Medicine,44,2025-08-22T13:41,2025-08-22T14:50,2025-08-22T18:34,69,293
SYN-0006358,Cardiology,32,2025-07-08T12:02,2025-07-08T13:04,2025-07-08T15:27,62,205
SYN-0006359,General Medicine,76,2025-10-21T23:22,2025-10-22T01:28,2025-10-22T05:13,126,351
SYN-0006360,Imaging,67,2025-01-07T20:06,2025-01-07T21:06,2025-01-07T21:28,60,82
SYN-0006361,Orthopedics,93,2025-08-25T08:45,2025-08-25T09:18,2025-08-25T11:07,33,142
SYN-0006362,Imaging,48,2025-12-11T00:07,2025-12-11T00:41,2025-12-11T01:06,34,59
SYN-0006363,Emergency,51,2025-05-09T22:07,2025-05-09T23:15,2025-05-10T01:40,68,213
SYN-0006364,General Medicine,60,2025-11-25T13:05,2025-11-25T15:02,2025-11-25T18:43,117,338
SYN-0006365,Imaging,18,2025-03-26T16:40,2025-03-26T17:18,2025-03-26T18:16,38,96
SYN-0006366,Orthopedics,93,2025-02-01T10:47,2025-02-01T12:01,2025-02-01T13:42,74,175
SYN-0006367,Orthopedics,32,2025-06-08T04:08,2025-06-08T05:42,2025-06-08T08:04,94,236
SYN-0006368,General Medicine,20,2025-10-09T19:36,2025-10-09T20:09,2025-10-09T22:07,33,151
SYN-0006369,Orthopedics,79,2025-04-29T02:36,2025-04-29T04:29,2025-04-29T06:13,113,217
SYN-0006370,Emergency,92,2025-09-20T01:20,2025-09-20T03:26,2025-09-20T09:00,126,460
SYN-0006371,Orthopedics,33,2025-10-29T03:25,2025-10-29T05:12,2025-10-29T07:44,107,259
SYN-0006372,Emergency,91,2025-12-19T12:33,2025-12-19T13:10,2025-12-19T14:06,37,93
SYN-0006373,Imaging,64,2025-11-24T08:53,2025-11-24T09:48,2025-11-24T10:42,55,109
SYN-0006374,Orthopedics,61,2025-11-01T14:48,2025-11-01T16:19,2025-11-01T18:18,91,210
SYN-0006375,Imaging,37,2025-11-28T23:43,2025-11-29T00:07,2025-11-29T01:27,24,104
SYN-0006376,Cardiology,82,2025-08-04T13:43,2025-08-04T14:37,2025-08-04T16:15,54,152
SYN-0006377,Orthopedics,92,2025-05-28T23:29,2025-05-29T00:08,2025-05-29T00:44,39,75
SYN-0006378,Emergency,66,2025-07-07T17:45,2025-07-07T20:30,2025-07-08T01:19,165,454
SYN-0006379,General Medicine,19,2025-10-31T13:11,2025-10-31T14:50,2025-10-31T18:29,99,318
SYN-0006380,Imaging,70,2025-05-13T12:36,2025-05-13T13:29,2025-05-13T14:59,53,143
SYN-0006381,Emergency,70,2025-04-07T06:39,2025-04-07T07:44,2025-04-07T12:39,65,360
SYN-0006382,General Medicine,74,2025-11-19T11:31,2025-11-19T13:42,2025-11-19T14:20,131,169
SYN-0006383,Imaging,23,2025-12-08T01:39,2025-12-08T02:40,2025-12-08T03:42,61,123
SYN-0006384,Cardiology,66,2025-04-16T02:05,2025-04-16T03:22,2025-04-16T05:51,77,226
SYN-0006385,Cardiology,74,2025-05-14T19:02,2025-05-14T20:10,2025-05-14T22:54,68,232
SYN-0006386,Emergency,25,2025-03-04T04:27,2025-03-04T07:28,2025-03-04T14:40,181,613
SYN-0006387,Imaging,34,2025-03-31T17:07,2025-03-31T17:42,2025-03-31T18:42,35,95
SYN-0006388,General Medicine,22,2025-05-17T11:36,2025-05-17T13:33,2025-05-17T14:47,117,191
SYN-0006389,Imaging,43,2025-07-29T07:01,2025-07-29T08:15,2025-07-29T08:51,74,110
SYN-0006390,Cardiology,24,2025-06-26T02:44,2025-06-26T03:18,2025-06-26T04:52,34,128
SYN-0006391,Cardiology,53,2025-07-03T16:03,2025-07-03T16:35,2025-07-03T18:18,32,135
SYN-0006392,Imaging,66,2025-01-21T01:07,2025-01-21T01:14,2025-01-21T02:20,7,73
SYN-0006393,General Medicine,18,2025-06-14T23:31,2025-06-15T00:47,2025-06-15T04:18,76,287
SYN-0006394,Imaging,61,2025-05-19T21:14,2025-05-19T22:03,2025-05-19T22:34,49,80
SYN-0006395,Imaging,35,2025-08-24T06:54,2025-08-24T08:07,2025-08-24T09:12,73,138
SYN-0006396,General Medicine,82,2025-04-10T10:12,2025-04-10T11:40,2025-04-10T12:33,88,141
SYN-0006397,Orthopedics,22,2025-02-05T08:39,2025-02-05T09:15,2025-02-05T11:48,36,189
SYN-0006398,Imaging,54,2025-09-02T21:49,2025-09-02T22:27,2025-09-02T23:14,38,85
SYN-0006399,General Medicine,49,2025-09-06T01:09,2025-09-06T03:21,2025-09-06T07:10,132,361
SYN-0006400,Emergency,50,2025-01-08T03:22,2025-01-08T04:01,2025-01-08T09:27,39,365
SYN-0006401,Cardiology,36,2025-08-15T11:26,2025-08-15T12:17,2025-08-15T14:31,51,185
SYN-0006402,General Medicine,74,2025-06-30T06:47,2025-06-30T06:58,2025-06-30T08:50,11,123
SYN-0006403,Imaging,60,2025-09-23T21:41,2025-09-23T22:24,2025-09-23T22:55,43,74
SYN-0006404,Emergency,88,2025-11-05T22:46,2025-11-06T00:58,2025-11-06T06:13,132,447
SYN-0006405,General Medicine,21,2025-10-17T00:06,2025-10-17T02:10,2025-10-17T04:59,124,293
SYN-0006406,Cardiology,39,2025-04-05T16:59,2025-04-05T17:09,2025-04-05T18:52,10,113
SYN-0006407,Emergency,22,2025-12-16T21:58,2025-12-16T23:11,2025-12-17T00:19,73,141
SYN-0006408,Emergency,89,2025-08-26T09:45,2025-08-26T12:34,2025-08-26T19:11,169,566
SYN-0006409,Imaging,87,2025-04-06T21:56,2025-04-06T22:54,2025-04-06T23:35,58,99
SYN-0006410,Imaging,84,2025-04-27T03:06,2025-04-27T04:18,2025-04-27T05:34,72,148
SYN-0006411,Imaging,38,2025-07-03T04:59,2025-07-03T05:29,2025-07-03T05:53,30,54
SYN-0006412,Orthopedics,40,2025-10-25T14:24,2025-10-25T15:41,2025-10-25T17:43,77,199
SYN-0006413,General Medicine,57,2025-10-13T15:58,2025-10-13T16:36,2025-10-13T19:07,38,189
SYN-0006414,Orthopedics,48,2025-01-07T01:47,2025-01-07T02:06,2025-01-07T04:25,19,158
SYN-0006415,Cardiology,78,2025-01-05T19:51,2025-01-05T20:19,2025-01-05T23:13,28,202
SYN-0006416,Emergency,23,2025-02-27T05:18,2025-02-27T05:32,2025-02-27T08:47,14,209
SYN-0006417,Cardiology,61,2025-08-16T08:25,2025-08-16T09:37,2025-08-16T12:26,72,241
SYN-0006418,Emergency,38,2025-04-18T03:27,2025-04-18T04:15,2025-04-18T04:55,48,88
SYN-0006419,Emergency,64,2025-12-23T03:36,2025-12-23T04:07,2025-12-23T10:47,31,431
SYN-0006420,Orthopedics,68,2025-02-18T15:49,2025-02-18T16:40,2025-02-18T18:19,51,150
SYN-0006421,Orthopedics,26,2025-04-11T02:47,2025-04-11T03:59,2025-04-11T06:36,72,229
SYN-0006422,Emergency,71,2025-10-23T11:42,2025-10-23T15:34,2025-10-23T18:21,232,399
SYN-0006423,Cardiology,30,2025-01-14T00:56,2025-01-14T02:00,2025-01-14T04:06,64,190
SYN-0006424,Orthopedics,50,2025-11-22T17:25,2025-11-22T17:51,2025-11-22T20:04,26,159
SYN-0006425,Orthopedics,68,2025-06-17T08:15,2025-06-17T08:41,2025-06-17T09:24,26,69
SYN-0006426,Emergency,55,2025-09-06T18:50,2025-09-06T21:03,2025-09-07T02:06,133,436
SYN-0006427,General Medicine,91,2025-01-10T18:07,2025-01-10T19:05,2025-01-10T20:26,58,139
SYN-0006428,Orthopedics,48,2025-04-14T05:24,2025-04-14T06:33,2025-04-14T09:09,69,225
SYN-0006429,General Medicine,72,2025-01-08T14:54,2025-01-08T15:59,2025-01-08T18:10,65,196
SYN-0006430,Emergency,60,2025-07-09T01:06,2025-07-09T04:39,2025-07-09T05:54,213,288
SYN-0006431,Imaging,69,2025-04-08T23:59,2025-04-09T00:23,2025-04-09T01:07,24,68
SYN-0006432,Imaging,82,2025-09-07T05:05,2025-09-07T05:19,2025-09-07T06:08,14,63
SYN-0006433,Emergency,18,2025-12-02T04:23,2025-12-02T07:11,2025-12-02T13:05,168,522
SYN-0006434,Emergency,90,2025-03-19T19:28,2025-03-19T21:11,2025-03-19T22:03,103,155
SYN-0006435,Imaging,21,2025-04-07T06:57,2025-04-07T08:05,2025-04-07T09:21,68,144
SYN-0006436,General Medicine,91,2025-02-23T14:29,2025-02-23T15:12,2025-02-23T17:11,43,162
SYN-0006437,Cardiology,88,2025-04-23T16:13,2025-04-23T16:23,2025-04-23T17:38,10,85
SYN-0006438,Orthopedics,37,2025-06-15T04:23,2025-06-15T04:44,2025-06-15T06:14,21,111
SYN-0006439,General Medicine,91,2025-07-15T15:02,2025-07-15T17:07,2025-07-15T17:37,125,155
SYN-0006440,Cardiology,93,2025-04-28T14:51,2025-04-28T15:57,2025-04-28T18:09,66,198
SYN-0006441,Emergency,59,2025-09-28T20:22,2025-09-28T21:59,2025-09-29T03:03,97,401
SYN-0006442,Emergency,95,2025-06-03T15:42,2025-06-03T16:11,2025-06-03T20:20,29,278
SYN-0006443,Imaging,20,2025-05-01T01:22,2025-05-01T01:37,2025-05-01T02:28,15,66
SYN-0006444,Imaging,32,2025-08-09T10:08,2025-08-09T10:55,2025-08-09T12:08,47,120
SYN-0006445,Orthopedics,48,2025-12-07T14:25,2025-12-07T14:53,2025-12-07T16:39,28,134
SYN-0006446,General Medicine,34,2025-10-08T16:43,2025-10-08T18:38,2025-10-08T19:48,115,185
SYN-0006447,Orthopedics,26,2025-06-23T02:42,2025-06-23T04:03,2025-06-23T04:53,81,131
SYN-0006448,Cardiology,48,2025-11-24T08:08,2025-11-24T08:51,2025-11-24T11:36,43,208
SYN-0006449,Imaging,51,2025-05-06T03:18,2025-05-06T04:22,2025-05-06T05:38,64,140
SYN-0006450,Orthopedics,61,2025-05-24T20:29,2025-05-24T20:58,2025-05-24T22:46,29,137
SYN-0006451,Orthopedics,39,2025-12-27T17:52,2025-12-27T19:16,2025-12-27T21:44,84,232
SYN-0006452,General Medicine,32,2025-12-14T00:21,2025-12-14T02:07,2025-12-14T04:09,106,228
SYN-0006453,Orthopedics,46,2025-08-12T19:56,2025-08-12T21:56,2025-08-13T00:09,120,253
SYN-0006454,General Medicine,46,2025-02-04T03:12,2025-02-04T03:33,2025-02-04T04:43,21,91
SYN-0006455,Orthopedics,34,2025-08-05T03:27,2025-08-05T04:40,2025-08-05T05:14,73,107
SYN-0006456,Orthopedics,24,2025-11-01T22:23,2025-11-01T23:28,2025-11-02T02:26,65,243
SYN-0006457,Emergency,19,2025-07-29T01:05,2025-07-29T04:19,2025-07-29T05:14,194,249
SYN-0006458,General Medicine,79,2025-09-16T00:28,2025-09-16T00:54,2025-09-16T03:11,26,163
SYN-0006459,Cardiology,54,2025-04-03T19:15,2025-04-03T20:21,2025-04-03T22:52,66,217
SYN-0006460,Cardiology,34,2025-04-11T19:04,2025-04-11T20:00,2025-04-11T22:22,56,198
SYN-0006461,Orthopedics,46,2025-01-25T01:38,2025-01-25T02:16,2025-01-25T03:25,38,107
SYN-0006462,Imaging,52,2025-03-03T13:14,2025-03-03T13:48,2025-03-03T14:09,34,55
SYN-0006463,Emergency,36,2025-08-30T19:39,2025-08-30T20:14,2025-08-31T02:31,35,412
SYN-0006464,Imaging,76,2025-03-24T18:09,2025-03-24T18:44,2025-03-24T19:12,35,63
SYN-0006465,Cardiology,26,2025-08-15T06:33,2025-08-15T07:01,2025-08-15T09:27,28,174
SYN-0006466,Orthopedics,91,2025-11-03T15:19,2025-11-03T16:26,2025-11-03T18:20,67,181
SYN-0006467,Emergency,84,2025-02-17T21:30,2025-02-18T01:24,2025-02-18T01:59,234,269
SYN-0006468,Orthopedics,60,2025-06-08T07:49,2025-06-08T08:10,2025-06-08T09:37,21,108
SYN-0006469,General Medicine,75,2025-07-18T17:13,2025-07-18T19:38,2025-07-18T23:16,145,363
SYN-0006470,Orthopedics,59,2025-06-26T11:29,2025-06-26T11:54,2025-06-26T13:04,25,95
SYN-0006471,General Medicine,79,2025-10-30T12:18,2025-10-30T14:14,2025-10-30T17:39,116,321
SYN-0006472,Imaging,94,2025-07-01T11:01,2025-07-01T11:16,2025-07-01T12:16,15,75
SYN-0006473,Emergency,73,2025-05-01T23:55,2025-05-02T03:27,2025-05-02T05:23,212,328
SYN-0006474,Cardiology,69,2025-06-22T01:15,2025-06-22T01:58,2025-06-22T04:42,43,207
SYN-0006475,Orthopedics,36,2025-05-28T16:03,2025-05-28T16:09,2025-05-28T16:49,6,46
SYN-0006476,General Medicine,25,2025-01-28T14:58,2025-01-28T15:12,2025-01-28T18:09,14,191
SYN-0006477,Imaging,26,2025-10-24T01:29,2025-10-24T02:12,2025-10-24T03:25,43,116
SYN-0006478,Orthopedics,82,2025-11-25T20:27,2025-11-25T21:10,2025-11-25T22:17,43,110
SYN-0006479,Imaging,51,2025-08-20T15:10,2025-08-20T15:46,2025-08-20T16:42,36,92
SYN-0006480,Emergency,49,2025-05-09T04:27,2025-05-09T07:39,2025-05-09T10:34,192,367
SYN-0006481,Emergency,94,2025-12-25T18:43,2025-12-25T20:35,2025-12-26T02:22,112,459
SYN-0006482,Cardiology,64,2025-11-19T11:47,2025-11-19T11:59,2025-11-19T14:34,12,167
SYN-0006483,Orthopedics,57,2025-05-24T01:15,2025-05-24T02:33,2025-05-24T04:00,78,165
SYN-0006484,Cardiology,53,2025-01-14T23:58,2025-01-15T01:16,2025-01-15T03:43,78,225
SYN-0006485,Orthopedics,62,2025-05-14T10:05,2025-05-14T11:59,2025-05-14T13:23,114,198
SYN-0006486,Cardiology,60,2025-06-11T23:16,2025-06-12T00:26,2025-06-12T03:11,70,235
SYN-0006487,Imaging,46,2025-03-13T19:17,2025-03-13T19:47,2025-03-13T20:33,30,76
SYN-0006488,Cardiology,53,2025-06-19T06:14,2025-06-19T06:21,2025-06-19T09:09,7,175
SYN-0006489,Orthopedics,41,2025-02-06T18:05,2025-02-06T18:41,2025-02-06T20:04,36,119
SYN-0006490,Cardiology,40,2025-03-15T21:19,2025-03-15T22:18,2025-03-16T00:22,59,183
SYN-0006491,Cardiology,20,2025-07-04T14:12,2025-07-04T14:54,2025-07-04T17:40,42,208
SYN-0006492,General Medicine,76,2025-05-19T23:49,2025-05-20T02:16,2025-05-20T04:21,147,272
SYN-0006493,Cardiology,62,2025-06-17T14:11,2025-06-17T14:23,2025-06-17T16:09,12,118
SYN-0006494,Emergency,24,2025-10-19T02:19,2025-10-19T03:51,2025-10-19T04:58,92,159
SYN-0006495,Cardiology,30,2025-08-26T20:41,2025-08-26T21:17,2025-08-26T22:35,36,114
SYN-0006496,Emergency,64,2025-03-07T08:55,2025-03-07T11:09,2025-03-07T17:41,134,526
SYN-0006497,Orthopedics,24,2025-12-30T02:39,2025-12-30T03:25,2025-12-30T06:11,46,212
SYN-0006498,General Medicine,52,2025-02-08T02:29,2025-02-08T03:47,2025-02-08T06:59,78,270
SYN-0006499,Cardiology,68,2025-09-06T05:27,2025-09-06T05:51,2025-09-06T07:52,24,145
SYN-0006500,Orthopedics,65,2025-04-24T19:00,2025-04-24T19:14,2025-04-24T20:04,14,64
SYN-0006501,Orthopedics,59,2025-04-06T19:48,2025-04-06T21:42,2025-04-06T22:34,114,166
SYN-0006502,Cardiology,84,2025-12-21T02:57,2025-12-21T04:07,2025-12-21T05:01,70,124
SYN-0006503,Emergency,62,2025-07-01T15:44,2025-07-01T18:24,2025-07-01T19:40,160,236
SYN-0006504,Emergency,57,2025-06-12T12:56,2025-06-12T14:35,2025-06-12T21:11,99,495
SYN-0006505,General Medicine,78,2025-02-19T19:03,2025-02-19T20:18,2025-02-20T00:03,75,300
SYN-0006506,Emergency,58,2025-12-29T01:24,2025-12-29T02:59,2025-12-29T09:23,95,479
SYN-0006507,Orthopedics,73,2025-10-13T16:29,2025-10-13T17:37,2025-10-13T18:38,68,129
SYN-0006508,Cardiology,53,2025-04-06T17:26,2025-04-06T17:53,2025-04-06T20:49,27,203
SYN-0006509,Imaging,33,2025-11-10T12:59,2025-11-10T13:35,2025-11-10T13:52,36,53
SYN-0006510,Imaging,73,2025-09-23T13:18,2025-09-23T13:40,2025-09-23T14:04,22,46
SYN-0006511,Cardiology,18,2025-01-07T17:47,2025-01-07T18:32,2025-01-07T19:50,45,123
SYN-0006512,Imaging,23,2025-08-16T16:08,2025-08-16T17:08,2025-08-16T17:32,60,84
SYN-0006513,Orthopedics,95,2025-08-17T22:24,2025-08-17T22:48,2025-08-17T23:32,24,68
SYN-0006514,General Medicine,71,2025-09-19T01:13,2025-09-19T03:01,2025-09-19T05:39,108,266
SYN-0006515,General Medicine,57,2025-02-26T07:43,2025-02-26T09:47,2025-02-26T12:14,124,271
SYN-0006516,Cardiology,82,2025-01-18T11:03,2025-01-18T11:35,2025-01-18T14:08,32,185
SYN-0006517,Emergency,31,2025-01-28T15:05,2025-01-28T18:25,2025-01-29T01:26,200,621
SYN-0006518,Emergency,30,2025-11-01T02:03,2025-11-01T02:33,2025-11-01T05:28,30,205
SYN-0006519,Emergency,80,2025-04-19T08:27,2025-04-19T11:44,2025-04-19T14:04,197,337
SYN-0006520,General Medicine,86,2025-03-13T11:31,2025-03-13T13:55,2025-03-13T16:33,144,302
SYN-0006521,General Medicine,68,2025-07-24T15:39,2025-07-24T16:42,2025-07-24T17:21,63,102
SYN-0006522,Emergency,70,2025-03-24T22:13,2025-03-25T00:01,2025-03-25T02:35,108,262
SYN-0006523,General Medicine,29,2025-09-14T13:08,2025-09-14T15:19,2025-09-14T18:50,131,342
SYN-0006524,General Medicine,62,2025-02-03T07:28,2025-02-03T09:08,2025-02-03T11:25,100,237
SYN-0006525,Emergency,60,2025-10-06T00:36,2025-10-06T03:35,2025-10-06T09:07,179,511
SYN-0006526,Imaging,79,2025-10-04T20:21,2025-10-04T21:34,2025-10-04T22:09,73,108
SYN-0006527,Cardiology,79,2025-01-09T18:15,2025-01-09T19:27,2025-01-09T20:20,72,125
SYN-0006528,Cardiology,88,2025-01-02T07:03,2025-01-02T08:10,2025-01-02T09:35,67,152
SYN-0006529,Emergency,75,2025-07-31T10:48,2025-07-31T13:50,2025-07-31T20:02,182,554
SYN-0006530,Cardiology,44,2025-11-30T13:54,2025-11-30T15:19,2025-11-30T16:53,85,179
SYN-0006531,Orthopedics,77,2025-01-13T22:04,2025-01-13T23:02,2025-01-14T00:44,58,160
SYN-0006532,General Medicine,86,2025-01-21T22:56,2025-01-22T00:03,2025-01-22T03:39,67,283
SYN-0006533,Cardiology,84,2025-11-19T21:45,2025-11-19T21:56,2025-11-20T00:23,11,158
SYN-0006534,General Medicine,62,2025-07-05T21:44,2025-07-05T23:29,2025-07-06T00:25,105,161
SYN-0006535,Orthopedics,70,2025-05-29T20:29,2025-05-29T21:51,2025-05-30T00:41,82,252
SYN-0006536,Imaging,79,2025-10-10T04:32,2025-10-10T04:47,2025-10-10T05:35,15,63
SYN-0006537,Orthopedics,66,2025-11-13T14:21,2025-11-13T15:38,2025-11-13T16:17,77,116
SYN-0006538,General Medicine,75,2025-11-01T06:34,2025-11-01T08:55,2025-11-01T12:30,141,356
SYN-0006539,Orthopedics,80,2025-09-03T20:26,2025-09-03T20:39,2025-09-03T23:32,13,186
SYN-0006540,Emergency,63,2025-08-10T14:24,2025-08-10T14:55,2025-08-10T19:02,31,278
SYN-0006541,Imaging,69,2025-09-24T02:34,2025-09-24T02:44,2025-09-24T03:43,10,69
SYN-0006542,Cardiology,82,2025-03-07T02:27,2025-03-07T03:10,2025-03-07T04:58,43,151
SYN-0006543,Emergency,44,2025-11-16T14:15,2025-11-16T17:05,2025-11-16T23:10,170,535
SYN-0006544,General Medicine,35,2025-01-24T13:44,2025-01-24T14:31,2025-01-24T15:05,47,81
SYN-0006545,Orthopedics,60,2025-11-09T00:58,2025-11-09T02:10,2025-11-09T04:08,72,190
SYN-0006546,Cardiology,79,2025-12-14T04:59,2025-12-14T05:34,2025-12-14T08:19,35,200
SYN-0006547,Cardiology,66,2025-03-14T09:31,2025-03-14T09:38,2025-03-14T11:14,7,103
SYN-0006548,Imaging,71,2025-04-28T03:43,2025-04-28T04:49,2025-04-28T05:17,66,94
SYN-0006549,Emergency,37,2025-12-16T21:06,2025-12-16T22:51,2025-12-17T01:45,105,279
SYN-0006550,Emergency,51,2025-04-15T13:11,2025-04-15T16:59,2025-04-15T18:21,228,310
SYN-0006551,Emergency,61,2025-07-31T05:22,2025-07-31T06:07,2025-07-31T09:48,45,266
SYN-0006552,Orthopedics,55,2025-09-07T02:39,2025-09-07T02:47,2025-09-07T03:31,8,52
SYN-0006553,General Medicine,90,2025-01-27T13:29,2025-01-27T13:47,2025-01-27T16:26,18,177
SYN-0006554,General Medicine,69,2025-12-28T03:47,2025-12-28T06:17,2025-12-28T07:40,150,233
SYN-0006555,Imaging,35,2025-12-15T07:04,2025-12-15T07:39,2025-12-15T09:00,35,116
SYN-0006556,Orthopedics,45,2025-10-13T05:56,2025-10-13T06:49,2025-10-13T07:43,53,107
SYN-0006557,Emergency,49,2025-07-25T10:01,2025-07-25T11:02,2025-07-25T18:20,61,499
SYN-0006558,General Medicine,21,2025-02-13T06:46,2025-02-13T07:52,2025-02-13T11:39,66,293
SYN-0006559,Emergency,46,2025-07-31T22:27,2025-08-01T01:05,2025-08-01T02:15,158,228
SYN-0006560,Orthopedics,20,2025-06-14T14:04,2025-06-14T14:29,2025-06-14T16:17,25,133
SYN-0006561,Imaging,90,2025-11-15T17:03,2025-11-15T17:43,2025-11-15T18:11,40,68
SYN-0006562,General Medicine,70,2025-07-17T16:16,2025-07-17T18:11,2025-07-17T20:01,115,225
SYN-0006563,Imaging,42,2025-12-28T13:30,2025-12-28T13:54,2025-12-28T15:14,24,104
SYN-0006564,Orthopedics,38,2025-10-02T22:54,2025-10-02T23:11,2025-10-03T01:54,17,180
SYN-0006565,Cardiology,59,2025-11-26T09:14,2025-11-26T10:02,2025-11-26T11:26,48,132
SYN-0006566,Imaging,34,2025-05-01T19:53,2025-05-01T20:05,2025-05-01T20:20,12,27
SYN-0006567,Cardiology,54,2025-06-13T10:37,2025-06-13T10:46,2025-06-13T12:04,9,87
SYN-0006568,Emergency,75,2025-12-07T20:36,2025-12-07T22:21,2025-12-08T02:06,105,330
SYN-0006569,Emergency,65,2025-02-27T09:20,2025-02-27T10:17,2025-02-27T13:51,57,271
SYN-0006570,General Medicine,84,2025-03-16T11:37,2025-03-16T11:58,2025-03-16T13:35,21,118
SYN-0006571,Cardiology,26,2025-09-03T06:15,2025-09-03T07:24,2025-09-03T08:12,69,117
SYN-0006572,Imaging,87,2025-02-01T15:14,2025-02-01T16:10,2025-02-01T17:20,56,126
SYN-0006573,Emergency,92,2025-06-08T09:15,2025-06-08T13:02,2025-06-08T15:04,227,349
SYN-0006574,Cardiology,53,2025-08-03T00:29,2025-08-03T01:36,2025-08-03T04:35,67,246
SYN-0006575,Imaging,42,2025-10-05T21:14,2025-10-05T21:23,2025-10-05T22:52,9,98
SYN-0006576,Imaging,78,2025-04-13T08:01,2025-04-13T08:16,2025-04-13T09:12,15,71
SYN-0006577,Imaging,56,2025-07-25T05:39,2025-07-25T06:25,2025-07-25T07:50,46,131
SYN-0006578,Orthopedics,38,2025-04-16T09:38,2025-04-16T10:02,2025-04-16T10:35,24,57
SYN-0006579,Orthopedics,50,2025-04-19T15:01,2025-04-19T16:34,2025-04-19T19:26,93,265
SYN-0006580,General Medicine,27,2025-05-20T08:49,2025-05-20T11:18,2025-05-20T13:28,149,279
SYN-0006581,Cardiology,27,2025-12-03T10:26,2025-12-03T11:30,2025-12-03T13:15,64,169
SYN-0006582,Orthopedics,27,2025-06-14T19:59,2025-06-14T20:50,2025-06-14T21:30,51,91
SYN-0006583,Emergency,66,2025-04-22T01:07,2025-04-22T03:33,2025-04-22T04:19,146,192
SYN-0006584,Imaging,95,2025-03-30T11:44,2025-03-30T12:04,2025-03-30T12:52,20,68
SYN-0006585,Cardiology,67,2025-01-05T15:52,2025-01-05T17:22,2025-01-05T19:51,90,239
SYN-0006586,Emergency,29,2025-11-27T17:43,2025-11-27T17:59,2025-11-27T20:44,16,181
SYN-0006587,General Medicine,58,2025-04-02T03:56,2025-04-02T04:37,2025-04-02T05:33,41,97
SYN-0006588,Imaging,70,2025-12-21T00:59,2025-12-21T01:22,2025-12-21T02:15,23,76
SYN-0006589,General Medicine,23,2025-02-16T03:49,2025-02-16T04:53,2025-02-16T06:37,64,168
SYN-0006590,Cardiology,29,2025-07-24T13:08,2025-07-24T13:46,2025-07-24T14:51,38,103
SYN-0006591,Cardiology,32,2025-03-17T11:19,2025-03-17T11:32,2025-03-17T14:29,13,190
SYN-0006592,General Medicine,61,2025-01-08T01:39,2025-01-08T02:15,2025-01-08T04:04,36,145
SYN-0006593,Emergency,38,2025-06-18T12:59,2025-06-18T16:07,2025-06-18T22:37,188,578
SYN-0006594,Orthopedics,93,2025-11-20T23:47,2025-11-21T01:13,2025-11-21T02:12,86,145
SYN-0006595,Emergency,22,2025-11-24T23:56,2025-11-25T01:25,2025-11-25T04:34,89,278
SYN-0006596,General Medicine,91,2025-01-01T23:49,2025-01-02T01:31,2025-01-02T03:47,102,238
SYN-0006597,Orthopedics,76,2025-10-09T08:41,2025-10-09T10:27,2025-10-09T11:09,106,148
SYN-0006598,Emergency,85,2025-12-01T01:36,2025-12-01T03:01,2025-12-01T09:09,85,453
SYN-0006599,Cardiology,31,2025-05-25T03:07,2025-05-25T03:20,2025-05-25T04:10,13,63
SYN-0006600,Orthopedics,52,2025-10-11T18:56,2025-10-11T20:44,2025-10-11T22:44,108,228
SYN-0006601,Orthopedics,76,2025-04-22T00:32,2025-04-22T01:37,2025-04-22T02:39,65,127
SYN-0006602,Orthopedics,24,2025-07-15T17:30,2025-07-15T18:59,2025-07-15T21:29,89,239
SYN-0006603,Imaging,45,2025-06-12T00:11,2025-06-12T00:50,2025-06-12T01:08,39,57
SYN-0006604,Imaging,18,2025-11-24T12:25,2025-11-24T13:03,2025-11-24T13:51,38,86
SYN-0006605,General Medicine,47,2025-03-19T13:58,2025-03-19T15:06,2025-03-19T16:39,68,161
SYN-0006606,Imaging,69,2025-05-16T07:28,2025-05-16T08:09,2025-05-16T08:35,41,67
SYN-0006607,Orthopedics,20,2025-10-08T13:45,2025-10-08T13:59,2025-10-08T14:30,14,45
SYN-0006608,Cardiology,62,2025-11-25T08:24,2025-11-25T08:50,2025-11-25T11:24,26,180
SYN-0006609,Cardiology,80,2025-09-11T04:11,2025-09-11T04:24,2025-09-11T05:20,13,69
SYN-0006610,Imaging,28,2025-01-27T08:44,2025-01-27T09:19,2025-01-27T09:45,35,61
SYN-0006611,Emergency,60,2025-10-23T16:10,2025-10-23T18:36,2025-10-24T00:14,146,484
SYN-0006612,Orthopedics,59,2025-05-01T16:34,2025-05-01T17:31,2025-05-01T18:25,57,111
SYN-0006613,Cardiology,54,2025-10-10T21:29,2025-10-10T22:24,2025-10-10T23:18,55,109
SYN-0006614,Emergency,55,2025-11-17T23:45,2025-11-18T00:10,2025-11-18T03:03,25,198
SYN-0006615,General Medicine,89,2025-08-07T16:21,2025-08-07T18:13,2025-08-07T20:41,112,260
SYN-0006616,Imaging,83,2025-07-17T18:58,2025-07-17T20:09,2025-07-17T21:39,71,161
SYN-0006617,Orthopedics,19,2025-12-07T06:36,2025-12-07T07:47,2025-12-07T08:34,71,118
SYN-0006618,Cardiology,24,2025-01-19T11:04,2025-01-19T12:00,2025-01-19T13:12,56,128
SYN-0006619,Imaging,74,2025-02-22T07:04,2025-02-22T08:08,2025-02-22T08:23,64,79
SYN-0006620,Imaging,91,2025-08-17T01:32,2025-08-17T02:05,2025-08-17T03:21,33,109
SYN-0006621,Orthopedics,22,2025-05-28T02:00,2025-05-28T03:21,2025-05-28T04:41,81,161
SYN-0006622,Imaging,27,2025-03-22T13:42,2025-03-22T14:54,2025-03-22T15:22,72,100
SYN-0006623,Imaging,24,2025-11-05T02:37,2025-11-05T02:55,2025-11-05T04:23,18,106
SYN-0006624,Emergency,39,2025-01-18T04:53,2025-01-18T06:14,2025-01-18T11:59,81,426
SYN-0006625,Emergency,29,2025-08-02T21:12,2025-08-02T22:30,2025-08-03T01:26,78,254
SYN-0006626,Orthopedics,53,2025-11-23T00:48,2025-11-23T01:35,2025-11-23T03:53,47,185
SYN-0006627,Cardiology,90,2025-08-09T15:58,2025-08-09T16:32,2025-08-09T18:16,34,138
SYN-0006628,Imaging,47,2025-04-28T18:56,2025-04-28T19:44,2025-04-28T20:46,48,110
SYN-0006629,General Medicine,45,2025-01-20T07:21,2025-01-20T07:58,2025-01-20T10:30,37,189
SYN-0006630,Cardiology,25,2025-01-01T22:03,2025-01-01T22:54,2025-01-02T00:41,51,158
SYN-0006631,Orthopedics,67,2025-05-12T03:41,2025-05-12T05:05,2025-05-12T08:04,84,263
SYN-0006632,Imaging,32,2025-10-09T00:23,2025-10-09T01:12,2025-10-09T01:54,49,91
SYN-0006633,General Medicine,48,2025-11-29T07:30,2025-11-29T09:42,2025-11-29T12:57,132,327
SYN-0006634,Emergency,72,2025-08-09T22:58,2025-08-10T01:04,2025-08-10T03:24,126,266
SYN-0006635,Cardiology,37,2025-12-27T16:10,2025-12-27T16:49,2025-12-27T19:43,39,213
SYN-0006636,Cardiology,60,2025-10-01T21:05,2025-10-01T22:21,2025-10-02T00:35,76,210
SYN-0006637,Cardiology,67,2025-12-15T21:58,2025-12-15T23:22,2025-12-16T00:46,84,168
SYN-0006638,General Medicine,51,2025-03-09T08:21,2025-03-09T10:27,2025-03-09T13:46,126,325
SYN-0006639,Emergency,33,2025-05-27T04:30,2025-05-27T05:41,2025-05-27T08:31,71,241
SYN-0006640,Imaging,73,2025-01-25T07:19,2025-01-25T08:13,2025-01-25T09:24,54,125
SYN-0006641,Emergency,79,2025-03-15T17:47,2025-03-15T19:30,2025-03-15T23:06,103,319
SYN-0006642,Cardiology,33,2025-04-02T05:41,2025-04-02T06:26,2025-04-02T09:09,45,208
SYN-0006643,Emergency,21,2025-09-04T20:28,2025-09-04T22:17,2025-09-04T23:56,109,208
SYN-0006644,Imaging,68,2025-07-11T11:47,2025-07-11T12:16,2025-07-11T13:18,29,91
SYN-0006645,Orthopedics,19,2025-11-23T02:55,2025-11-23T03:51,2025-11-23T05:14,56,139
SYN-0006646,Emergency,64,2025-08-27T14:13,2025-08-27T15:38,2025-08-27T21:47,85,454
SYN-0006647,Imaging,50,2025-06-22T19:45,2025-06-22T19:50,2025-06-22T20:34,5,49
SYN-0006648,Cardiology,68,2025-10-15T17:13,2025-10-15T18:18,2025-10-15T19:28,65,135
SYN-0006649,General Medicine,34,2025-08-23T14:03,2025-08-23T14:51,2025-08-23T16:53,48,170
SYN-0006650,General Medicine,40,2025-01-18T08:52,2025-01-18T09:16,2025-01-18T11:10,24,138
SYN-0006651,Imaging,28,2025-02-04T21:17,2025-02-04T21:28,2025-02-04T21:43,11,26
SYN-0006652,Emergency,28,2025-02-10T07:53,2025-02-10T10:53,2025-02-10T17:57,180,604
SYN-0006653,Orthopedics,27,2025-10-30T09:30,2025-10-30T10:29,2025-10-30T11:17,59,107
SYN-0006654,General Medicine,50,2025-07-07T19:31,2025-07-07T21:38,2025-07-07T22:57,127,206
SYN-0006655,General Medicine,29,2025-04-12T10:42,2025-04-12T13:03,2025-04-12T13:53,141,191
SYN-0006656,Cardiology,42,2025-04-12T21:28,2025-04-12T21:33,2025-04-12T22:30,5,62
SYN-0006657,General Medicine,91,2025-10-01T09:46,2025-10-01T11:13,2025-10-01T14:33,87,287
SYN-0006658,General Medicine,79,2025-10-22T19:46,2025-10-22T20:09,2025-10-22T23:54,23,248
SYN-0006659,Cardiology,25,2025-02-23T13:50,2025-02-23T14:20,2025-02-23T16:00,30,130
SYN-0006660,Orthopedics,81,2025-04-01T22:14,2025-04-01T23:44,2025-04-02T01:21,90,187
SYN-0006661,Imaging,58,2025-09-22T04:24,2025-09-22T05:00,2025-09-22T06:07,36,103
SYN-0006662,Imaging,27,2025-04-03T01:47,2025-04-03T02:00,2025-04-03T02:32,13,45
SYN-0006663,General Medicine,20,2025-04-12T17:35,2025-04-12T20:05,2025-04-12T21:09,150,214
SYN-0006664,Imaging,54,2025-10-17T13:10,2025-10-17T13:42,2025-10-17T14:07,32,57
SYN-0006665,Emergency,46,2025-02-15T23:17,2025-02-16T01:30,2025-02-16T05:16,133,359
SYN-0006666,Emergency,51,2025-10-29T01:44,2025-10-29T02:33,2025-10-29T04:40,49,176
SYN-0006667,Emergency,95,2025-11-14T17:58,2025-11-14T21:04,2025-11-15T02:55,186,537
SYN-0006668,Cardiology,58,2025-05-18T19:48,2025-05-18T20:47,2025-05-18T23:41,59,233
SYN-0006669,General Medicine,73,2025-12-03T17:44,2025-12-03T18:10,2025-12-03T20:25,26,161
SYN-0006670,Orthopedics,46,2025-04-18T06:59,2025-04-18T07:05,2025-04-18T08:37,6,98
SYN-0006671,General Medicine,40,2025-06-16T02:36,2025-06-16T03:03,2025-06-16T06:35,27,239
SYN-0006672,Orthopedics,69,2025-04-19T15:11,2025-04-19T15:33,2025-04-19T18:19,22,188
SYN-0006673,Imaging,95,2025-10-05T02:19,2025-10-05T02:37,2025-10-05T03:14,18,55
SYN-0006674,Cardiology,39,2025-08-22T15:45,2025-08-22T16:49,2025-08-22T18:40,64,175
SYN-0006675,Cardiology,50,2025-10-29T19:27,2025-10-29T20:12,2025-10-29T21:44,45,137
SYN-0006676,Orthopedics,49,2025-07-22T17:45,2025-07-22T18:28,2025-07-22T21:11,43,206
SYN-0006677,Imaging,32,2025-03-24T06:13,2025-03-24T07:27,2025-03-24T08:37,74,144
SYN-0006678,Emergency,46,2025-06-12T01:34,2025-06-12T03:03,2025-06-12T10:13,89,519
SYN-0006679,Emergency,95,2025-01-18T16:48,2025-01-18T18:47,2025-01-18T21:28,119,280
SYN-0006680,General Medicine,79,2025-12-30T20:34,2025-12-30T20:50,2025-12-30T22:42,16,128
SYN-0006681,Emergency,62,2025-08-20T00:35,2025-08-20T04:20,2025-08-20T07:40,225,425
SYN-0006682,General Medicine,39,2025-10-11T00:15,2025-10-11T00:39,2025-10-11T04:26,24,251
SYN-0006683,Imaging,39,2025-02-07T23:02,2025-02-08T00:14,2025-02-08T01:30,72,148
SYN-0006684,Orthopedics,20,2025-04-21T15:24,2025-04-21T16:42,2025-04-21T17:37,78,133
SYN-0006685,Orthopedics,39,2025-12-07T18:13,2025-12-07T19:07,2025-12-07T20:37,54,144
SYN-0006686,Emergency,68,2025-10-16T23:13,2025-10-17T01:08,2025-10-17T03:09,115,236
SYN-0006687,Emergency,59,2025-05-19T13:03,2025-05-19T14:08,2025-05-19T15:52,65,169
SYN-0006688,General Medicine,40,2025-01-05T21:19,2025-01-05T22:45,2025-01-05T23:33,86,134
SYN-0006689,General Medicine,77,2025-12-23T14:13,2025-12-23T15:44,2025-12-23T17:42,91,209
SYN-0006690,Cardiology,80,2025-09-19T10:01,2025-09-19T11:04,2025-09-19T12:39,63,158
SYN-0006691,General Medicine,26,2025-09-10T03:16,2025-09-10T04:46,2025-09-10T08:31,90,315
SYN-0006692,General Medicine,52,2025-11-25T17:28,2025-11-25T18:15,2025-11-25T19:50,47,142
SYN-0006693,Emergency,45,2025-12-16T03:35,2025-12-16T04:03,2025-12-16T05:05,28,90
SYN-0006694,Imaging,85,2025-06-09T01:07,2025-06-09T02:10,2025-06-09T02:26,63,79
SYN-0006695,Imaging,77,2025-10-14T03:12,2025-10-14T03:35,2025-10-14T04:35,23,83
SYN-0006696,Imaging,64,2025-04-27T17:40,2025-04-27T17:58,2025-04-27T18:26,18,46
SYN-0006697,General Medicine,44,2025-04-27T18:37,2025-04-27T20:01,2025-04-27T23:37,84,300
SYN-0006698,Cardiology,64,2025-02-01T06:48,2025-02-01T06:56,2025-02-01T07:44,8,56
SYN-0006699,Imaging,91,2025-04-17T10:12,2025-04-17T10:48,2025-04-17T11:07,36,55
SYN-0006700,Cardiology,83,2025-04-12T10:42,2025-04-12T12:07,2025-04-12T13:56,85,194
SYN-0006701,Imaging,23,2025-03-22T13:24,2025-03-22T13:57,2025-03-22T14:33,33,69
SYN-0006702,Imaging,28,2025-05-28T14:50,2025-05-28T16:01,2025-05-28T17:23,71,153
SYN-0006703,Cardiology,72,2025-06-17T03:17,2025-06-17T04:43,2025-06-17T07:20,86,243
SYN-0006704,Orthopedics,37,2025-09-12T02:05,2025-09-12T03:47,2025-09-12T05:31,102,206
SYN-0006705,Cardiology,18,2025-04-08T09:10,2025-04-08T09:15,2025-04-08T12:00,5,170
SYN-0006706,Emergency,88,2025-01-17T09:19,2025-01-17T12:06,2025-01-17T16:25,167,426
SYN-0006707,Orthopedics,50,2025-12-09T05:09,2025-12-09T05:31,2025-12-09T08:20,22,191
SYN-0006708,Emergency,80,2025-04-27T15:05,2025-04-27T17:06,2025-04-27T23:25,121,500
SYN-0006709,General Medicine,68,2025-06-02T10:29,2025-06-02T12:29,2025-06-02T16:14,120,345
SYN-0006710,Orthopedics,63,2025-08-27T06:53,2025-08-27T07:06,2025-08-27T08:16,13,83
SYN-0006711,Orthopedics,64,2025-01-14T08:10,2025-01-14T08:26,2025-01-14T09:00,16,50
SYN-0006712,Emergency,56,2025-03-25T14:41,2025-03-25T14:59,2025-03-25T19:51,18,310
SYN-0006713,General Medicine,34,2025-04-04T20:39,2025-04-04T21:54,2025-04-05T01:25,75,286
SYN-0006714,Imaging,19,2025-02-04T16:51,2025-02-04T17:18,2025-02-04T17:59,27,68
SYN-0006715,Cardiology,35,2025-11-25T23:43,2025-11-26T00:41,2025-11-26T01:28,58,105
SYN-0006716,Cardiology,37,2025-01-28T21:06,2025-01-28T21:41,2025-01-28T23:48,35,162
SYN-0006717,General Medicine,52,2025-05-19T15:29,2025-05-19T16:38,2025-05-19T17:08,69,99
SYN-0006718,Cardiology,76,2025-05-24T19:24,2025-05-24T20:50,2025-05-24T22:45,86,201
SYN-0006719,Orthopedics,73,2025-03-25T13:01,2025-03-25T14:49,2025-03-25T16:11,108,190
SYN-0006720,General Medicine,95,2025-01-22T22:39,2025-01-22T23:25,2025-01-23T02:18,46,219
SYN-0006721,Emergency,46,2025-10-16T15:30,2025-10-16T19:23,2025-10-16T23:25,233,475
SYN-0006722,Emergency,67,2025-11-07T09:39,2025-11-07T11:37,2025-11-07T19:17,118,578
SYN-0006723,General Medicine,19,2025-08-11T11:51,2025-08-11T14:01,2025-08-11T17:37,130,346
SYN-0006724,Cardiology,65,2025-07-05T03:09,2025-07-05T03:40,2025-07-05T04:25,31,76
SYN-0006725,Orthopedics,67,2025-01-14T17:36,2025-01-14T18:13,2025-01-14T18:59,37,83
SYN-0006726,Emergency,92,2025-07-12T04:02,2025-07-12T06:03,2025-07-12T09:53,121,351
SYN-0006727,Imaging,55,2025-07-29T06:34,2025-07-29T06:39,2025-07-29T06:57,5,23
SYN-0006728,Orthopedics,60,2025-03-14T17:02,2025-03-14T18:17,2025-03-14T18:54,75,112
SYN-0006729,Emergency,36,2025-08-06T23:03,2025-08-07T01:18,2025-08-07T05:16,135,373
SYN-0006730,General Medicine,84,2025-05-04T18:12,2025-05-04T20:07,2025-05-04T23:34,115,322
SYN-0006731,Emergency,30,2025-08-04T08:02,2025-08-04T10:42,2025-08-04T12:18,160,256
SYN-0006732,Emergency,20,2025-08-20T10:51,2025-08-20T12:32,2025-08-20T13:05,101,134
SYN-0006733,General Medicine,30,2025-10-30T16:55,2025-10-30T18:49,2025-10-30T21:56,114,301
SYN-0006734,Cardiology,60,2025-04-29T06:38,2025-04-29T06:58,2025-04-29T09:07,20,149
SYN-0006735,Orthopedics,35,2025-04-29T10:25,2025-04-29T10:50,2025-04-29T12:22,25,117
SYN-0006736,General Medicine,76,2025-05-21T14:46,2025-05-21T15:08,2025-05-21T17:01,22,135
SYN-0006737,Imaging,52,2025-09-12T17:55,2025-09-12T18:38,2025-09-12T19:23,43,88
SYN-0006738,Emergency,81,2025-08-11T20:49,2025-08-11T23:58,2025-08-12T07:43,189,654
SYN-0006739,Imaging,94,2025-05-25T12:38,2025-05-25T13:05,2025-05-25T14:03,27,85
SYN-0006740,Orthopedics,32,2025-03-05T07:22,2025-03-05T07:32,2025-03-05T08:29,10,67
SYN-0006741,Orthopedics,58,2025-08-25T09:12,2025-08-25T10:56,2025-08-25T12:06,104,174
SYN-0006742,General Medicine,75,2025-12-04T03:37,2025-12-04T05:38,2025-12-04T06:54,121,197
SYN-0006743,General Medicine,23,2025-10-20T15:06,2025-10-20T17:33,2025-10-20T18:48,147,222
SYN-0006744,Cardiology,86,2025-07-21T05:44,2025-07-21T05:59,2025-07-21T08:37,15,173
SYN-0006745,General Medicine,50,2025-01-15T11:17,2025-01-15T11:31,2025-01-15T13:01,14,104
SYN-0006746,Orthopedics,93,2025-01-06T02:12,2025-01-06T03:59,2025-01-06T06:45,107,273
SYN-0006747,Imaging,26,2025-11-11T09:39,2025-11-11T09:59,2025-11-11T11:23,20,104
SYN-0006748,Orthopedics,95,2025-05-10T16:21,2025-05-10T18:11,2025-05-10T19:14,110,173
SYN-0006749,Cardiology,64,2025-08-03T19:47,2025-08-03T20:39,2025-08-03T22:48,52,181
SYN-0006750,General Medicine,63,2025-08-26T09:00,2025-08-26T09:56,2025-08-26T10:37,56,97
SYN-0006751,General Medicine,74,2025-08-22T20:56,2025-08-22T22:50,2025-08-23T01:13,114,257
SYN-0006752,Imaging,75,2025-05-18T03:57,2025-05-18T04:13,2025-05-18T04:41,16,44
SYN-0006753,General Medicine,57,2025-01-14T08:11,2025-01-14T10:41,2025-01-14T12:08,150,237
SYN-0006754,Orthopedics,74,2025-04-14T23:32,2025-04-15T00:36,2025-04-15T02:51,64,199
SYN-0006755,Orthopedics,67,2025-03-05T21:46,2025-03-05T22:32,2025-03-05T23:28,46,102
SYN-0006756,Emergency,85,2025-09-17T16:49,2025-09-17T19:19,2025-09-18T00:40,150,471
SYN-0006757,General Medicine,62,2025-03-21T09:25,2025-03-21T11:33,2025-03-21T12:12,128,167
SYN-0006758,Cardiology,43,2025-05-30T08:29,2025-05-30T08:57,2025-05-30T10:11,28,102
SYN-0006759,Imaging,18,2025-02-14T06:20,2025-02-14T07:31,2025-02-14T08:34,71,134
SYN-0006760,General Medicine,73,2025-11-30T20:58,2025-11-30T21:58,2025-11-30T23:37,60,159
SYN-0006761,Emergency,18,2025-06-15T12:01,2025-06-15T12:44,2025-06-15T18:57,43,416
SYN-0006762,Imaging,32,2025-03-19T01:28,2025-03-19T02:08,2025-03-19T03:12,40,104
SYN-0006763,Cardiology,77,2025-04-03T05:17,2025-04-03T06:35,2025-04-03T09:22,78,245
SYN-0006764,Emergency,24,2025-10-14T20:43,2025-10-14T23:35,2025-10-15T02:53,172,370
SYN-0006765,Cardiology,87,2025-12-20T17:05,2025-12-20T17:37,2025-12-20T20:35,32,210
SYN-0006766,General Medicine,89,2025-09-24T03:29,2025-09-24T05:09,2025-09-24T06:16,100,167
SYN-0006767,General Medicine,87,2025-03-18T09:29,2025-03-18T11:50,2025-03-18T14:01,141,272
SYN-0006768,Orthopedics,68,2025-12-07T08:36,2025-12-07T10:20,2025-12-07T11:50,104,194
SYN-0006769,Cardiology,78,2025-01-03T23:10,2025-01-03T23:21,2025-01-04T00:08,11,58
SYN-0006770,Cardiology,53,2025-08-05T09:45,2025-08-05T10:53,2025-08-05T12:50,68,185
SYN-0006771,Orthopedics,53,2025-08-14T12:31,2025-08-14T13:35,2025-08-14T15:09,64,158
SYN-0006772,Emergency,69,2025-11-26T01:30,2025-11-26T05:17,2025-11-26T06:09,227,279
SYN-0006773,General Medicine,35,2025-11-07T05:38,2025-11-07T06:31,2025-11-07T10:11,53,273
SYN-0006774,Imaging,56,2025-06-19T03:01,2025-06-19T03:49,2025-06-19T04:40,48,99
SYN-0006775,Imaging,68,2025-03-21T11:06,2025-03-21T11:56,2025-03-21T13:23,50,137
SYN-0006776,Emergency,49,2025-07-08T16:22,2025-07-08T19:56,2025-07-09T02:41,214,619
SYN-0006777,Orthopedics,84,2025-06-02T09:44,2025-06-02T11:03,2025-06-02T13:44,79,240
SYN-0006778,Orthopedics,77,2025-02-09T11:02,2025-02-09T12:27,2025-02-09T15:22,85,260
SYN-0006779,General Medicine,75,2025-08-17T19:29,2025-08-17T21:28,2025-08-17T23:31,119,242
SYN-0006780,General Medicine,60,2025-12-28T19:35,2025-12-28T20:42,2025-12-29T00:04,67,269
SYN-0006781,Imaging,79,2025-10-03T13:18,2025-10-03T14:33,2025-10-03T14:57,75,99
SYN-0006782,General Medicine,57,2025-06-08T19:14,2025-06-08T20:43,2025-06-09T00:43,89,329
SYN-0006783,Emergency,25,2025-06-03T07:01,2025-06-03T09:16,2025-06-03T16:56,135,595
SYN-0006784,Imaging,67,2025-12-06T02:33,2025-12-06T02:50,2025-12-06T04:04,17,91
SYN-0006785,Emergency,58,2025-05-21T18:15,2025-05-21T22:10,2025-05-22T04:31,235,616
SYN-0006786,Emergency,80,2025-01-02T21:41,2025-01-03T00:35,2025-01-03T06:25,174,524
SYN-0006787,General Medicine,92,2025-10-10T11:07,2025-10-10T13:33,2025-10-10T14:58,146,231
SYN-0006788,Cardiology,82,2025-05-24T17:18,2025-05-24T17:42,2025-05-24T19:15,24,117
SYN-0006789,Orthopedics,42,2025-06-22T01:34,2025-06-22T02:15,2025-06-22T02:48,41,74
SYN-0006790,Imaging,23,2025-08-31T12:07,2025-08-31T12:55,2025-08-31T13:26,48,79
SYN-0006791,Cardiology,68,2025-04-11T15:59,2025-04-11T16:32,2025-04-11T17:39,33,100
SYN-0006792,Orthopedics,48,2025-11-30T22:37,2025-11-30T23:07,2025-12-01T00:17,30,100
SYN-0006793,Orthopedics,54,2025-03-28T13:35,2025-03-28T15:08,2025-03-28T17:02,93,207
SYN-0006794,General Medicine,94,2025-07-11T03:12,2025-07-11T05:17,2025-07-11T06:26,125,194
SYN-0006795,Emergency,49,2025-04-04T04:14,2025-04-04T05:12,2025-04-04T06:53,58,159
SYN-0006796,Orthopedics,55,2025-02-24T11:51,2025-02-24T12:57,2025-02-24T15:31,66,220
SYN-0006797,Imaging,63,2025-06-26T23:10,2025-06-26T23:57,2025-06-27T00:16,47,66
SYN-0006798,Orthopedics,23,2025-11-25T18:15,2025-11-25T19:07,2025-11-25T21:05,52,170
SYN-0006799,Cardiology,32,2025-10-27T08:01,2025-10-27T08:10,2025-10-27T09:05,9,64
SYN-0006800,Imaging,71,2025-05-22T16:12,2025-05-22T16:49,2025-05-22T17:13,37,61
SYN-0006801,Orthopedics,78,2025-07-19T14:09,2025-07-19T14:47,2025-07-19T16:49,38,160
SYN-0006802,Imaging,88,2025-03-20T11:28,2025-03-20T11:47,2025-03-20T12:22,19,54
SYN-0006803,General Medicine,36,2025-03-09T21:33,2025-03-09T22:46,2025-03-10T02:05,73,272
SYN-0006804,Imaging,21,2025-08-25T14:31,2025-08-25T14:37,2025-08-25T15:45,6,74
SYN-0006805,Imaging,39,2025-04-23T00:13,2025-04-23T01:09,2025-04-23T01:37,56,84
SYN-0006806,Cardiology,64,2025-01-20T05:37,2025-01-20T06:51,2025-01-20T08:36,74,179
SYN-0006807,Imaging,89,2025-11-02T06:51,2025-11-02T07:33,2025-11-02T08:24,42,93
SYN-0006808,Orthopedics,65,2025-07-06T21:37,2025-07-06T22:13,2025-07-06T22:44,36,67
SYN-0006809,Orthopedics,24,2025-08-31T11:01,2025-08-31T11:47,2025-08-31T13:44,46,163
SYN-0006810,Cardiology,72,2025-08-31T08:37,2025-08-31T09:34,2025-08-31T11:13,57,156
SYN-0006811,Emergency,86,2025-12-21T19:59,2025-12-21T22:16,2025-12-22T03:01,137,422
SYN-0006812,General Medicine,47,2025-06-07T13:38,2025-06-07T15:07,2025-06-07T19:00,89,322
SYN-0006813,Cardiology,91,2025-05-20T13:57,2025-05-20T15:04,2025-05-20T17:33,67,216
SYN-0006814,General Medicine,22,2025-10-27T07:47,2025-10-27T08:12,2025-10-27T09:49,25,122
SYN-0006815,Emergency,69,2025-06-27T19:38,2025-06-27T22:01,2025-06-28T00:02,143,264
SYN-0006816,General Medicine,72,2025-04-14T11:40,2025-04-14T13:26,2025-04-14T17:00,106,320
SYN-0006817,General Medicine,37,2025-05-14T19:27,2025-05-14T19:41,2025-05-14T20:58,14,91
SYN-0006818,Emergency,61,2025-09-30T17:17,2025-09-30T19:51,2025-10-01T00:08,154,411
SYN-0006819,Emergency,95,2025-11-30T10:35,2025-11-30T12:27,2025-11-30T13:50,112,195
SYN-0006820,Emergency,21,2025-12-03T14:00,2025-12-03T16:00,2025-12-03T21:59,120,479
SYN-0006821,Emergency,40,2025-03-20T12:11,2025-03-20T13:48,2025-03-20T20:05,97,474
SYN-0006822,Emergency,50,2025-06-02T00:47,2025-06-02T01:11,2025-06-02T03:27,24,160
SYN-0006823,Orthopedics,73,2025-11-29T20:19,2025-11-29T21:42,2025-11-29T22:20,83,121
SYN-0006824,General Medicine,66,2025-03-25T09:07,2025-03-25T11:18,2025-03-25T12:29,131,202
SYN-0006825,Cardiology,47,2025-06-23T01:35,2025-06-23T01:49,2025-06-23T03:23,14,108
SYN-0006826,General Medicine,91,2025-04-25T17:24,2025-04-25T17:52,2025-04-25T21:31,28,247
SYN-0006827,Imaging,61,2025-01-02T18:43,2025-01-02T19:06,2025-01-02T19:35,23,52
SYN-0006828,Cardiology,38,2025-03-03T22:10,2025-03-03T22:18,2025-03-04T01:05,8,175
SYN-0006829,Cardiology,89,2025-02-10T12:36,2025-02-10T13:34,2025-02-10T14:29,58,113
SYN-0006830,Cardiology,77,2025-06-19T19:00,2025-06-19T19:23,2025-06-19T22:18,23,198
SYN-0006831,Imaging,24,2025-11-27T14:44,2025-11-27T15:24,2025-11-27T16:02,40,78
SYN-0006832,Orthopedics,80,2025-08-25T00:56,2025-08-25T01:37,2025-08-25T04:30,41,214
SYN-0006833,General Medicine,88,2025-05-02T06:03,2025-05-02T08:30,2025-05-02T10:53,147,290
SYN-0006834,Cardiology,37,2025-05-21T21:55,2025-05-21T22:07,2025-05-22T00:34,12,159
SYN-0006835,Cardiology,28,2025-01-19T18:44,2025-01-19T20:13,2025-01-19T23:10,89,266
SYN-0006836,Cardiology,51,2025-07-31T23:58,2025-08-01T00:56,2025-08-01T01:54,58,116
SYN-0006837,Imaging,35,2025-08-24T23:04,2025-08-25T00:02,2025-08-25T01:03,58,119
SYN-0006838,Orthopedics,90,2025-01-10T13:39,2025-01-10T14:46,2025-01-10T17:00,67,201
SYN-0006839,Imaging,74,2025-07-13T03:55,2025-07-13T04:02,2025-07-13T05:11,7,76
SYN-0006840,Cardiology,40,2025-09-07T12:05,2025-09-07T13:30,2025-09-07T15:20,85,195
SYN-0006841,Orthopedics,88,2025-11-26T21:35,2025-11-26T22:39,2025-11-27T00:04,64,149
SYN-0006842,Imaging,88,2025-12-27T07:34,2025-12-27T08:11,2025-12-27T09:26,37,112
SYN-0006843,General Medicine,18,2025-11-18T12:06,2025-11-18T13:22,2025-11-18T13:55,76,109
SYN-0006844,General Medicine,79,2025-08-20T14:51,2025-08-20T16:10,2025-08-20T18:26,79,215
SYN-0006845,Imaging,29,2025-11-13T00:17,2025-11-13T01:20,2025-11-13T01:41,63,84
SYN-0006846,Cardiology,95,2025-12-31T04:17,2025-12-31T05:40,2025-12-31T08:36,83,259
SYN-0006847,Imaging,37,2025-08-12T01:14,2025-08-12T01:38,2025-08-12T03:02,24,108
SYN-0006848,Imaging,83,2025-04-10T06:33,2025-04-10T07:44,2025-04-10T08:06,71,93
SYN-0006849,Cardiology,50,2025-10-03T00:00,2025-10-03T00:56,2025-10-03T01:59,56,119
SYN-0006850,Emergency,61,2025-01-01T22:53,2025-01-02T00:55,2025-01-02T01:38,122,165
SYN-0006851,Cardiology,22,2025-11-05T22:13,2025-11-05T23:21,2025-11-06T00:25,68,132
SYN-0006852,Orthopedics,43,2025-01-08T16:48,2025-01-08T17:42,2025-01-08T19:53,54,185
SYN-0006853,Emergency,66,2025-10-20T07:18,2025-10-20T10:24,2025-10-20T18:03,186,645
SYN-0006854,Orthopedics,26,2025-09-25T17:42,2025-09-25T18:47,2025-09-25T21:44,65,242
SYN-0006855,Cardiology,33,2025-05-20T00:21,2025-05-20T01:25,2025-05-20T04:24,64,243
SYN-0006856,Cardiology,48,2025-09-20T20:17,2025-09-20T20:55,2025-09-20T22:14,38,117
SYN-0006857,Orthopedics,69,2025-03-02T14:07,2025-03-02T15:38,2025-03-02T17:17,91,190
SYN-0006858,Emergency,89,2025-03-04T07:58,2025-03-04T08:29,2025-03-04T13:54,31,356
SYN-0006859,Orthopedics,18,2025-11-17T09:25,2025-11-17T10:41,2025-11-17T11:16,76,111
SYN-0006860,Emergency,80,2025-10-19T13:15,2025-10-19T15:25,2025-10-19T15:55,130,160
SYN-0006861,Emergency,79,2025-01-29T16:43,2025-01-29T18:26,2025-01-29T20:23,103,220
SYN-0006862,Imaging,54,2025-12-10T04:29,2025-12-10T04:47,2025-12-10T05:09,18,40
SYN-0006863,Emergency,72,2025-06-13T19:01,2025-06-13T20:23,2025-06-13T22:48,82,227
SYN-0006864,General Medicine,94,2025-11-19T07:35,2025-11-19T09:20,2025-11-19T12:57,105,322
SYN-0006865,Imaging,70,2025-08-02T20:16,2025-08-02T21:18,2025-08-02T21:52,62,96
SYN-0006866,Emergency,26,2025-08-27T11:52,2025-08-27T14:53,2025-08-27T15:50,181,238
SYN-0006867,Emergency,24,2025-01-01T08:48,2025-01-01T09:06,2025-01-01T16:40,18,472
SYN-0006868,Imaging,89,2025-12-28T10:33,2025-12-28T10:44,2025-12-28T11:12,11,39
SYN-0006869,Orthopedics,65,2025-01-09T14:34,2025-01-09T14:42,2025-01-09T15:57,8,83
SYN-0006870,Emergency,90,2025-07-30T11:41,2025-07-30T12:29,2025-07-30T15:57,48,256
SYN-0006871,Imaging,22,2025-05-08T21:16,2025-05-08T21:41,2025-05-08T22:25,25,69
SYN-0006872,Emergency,78,2025-05-06T08:30,2025-05-06T08:43,2025-05-06T14:58,13,388
SYN-0006873,Orthopedics,76,2025-07-15T21:38,2025-07-15T23:38,2025-07-16T02:09,120,271
SYN-0006874,Orthopedics,59,2025-11-04T11:32,2025-11-04T12:58,2025-11-04T14:26,86,174
SYN-0006875,General Medicine,50,2025-08-14T04:13,2025-08-14T06:18,2025-08-14T09:59,125,346
SYN-0006876,Cardiology,51,2025-10-07T07:30,2025-10-07T08:19,2025-10-07T09:42,49,132
SYN-0006877,Cardiology,69,2025-03-02T17:10,2025-03-02T17:22,2025-03-02T19:19,12,129
SYN-0006878,Orthopedics,74,2025-06-03T18:47,2025-06-03T19:06,2025-06-03T21:05,19,138
SYN-0006879,Orthopedics,42,2025-03-09T15:49,2025-03-09T15:59,2025-03-09T18:02,10,133
SYN-0006880,Cardiology,72,2025-11-20T09:53,2025-11-20T10:56,2025-11-20T12:39,63,166
SYN-0006881,Imaging,66,2025-03-25T21:28,2025-03-25T22:30,2025-03-25T23:33,62,125
SYN-0006882,Emergency,61,2025-08-22T04:26,2025-08-22T08:10,2025-08-22T13:11,224,525
SYN-0006883,Imaging,94,2025-08-08T07:28,2025-08-08T07:44,2025-08-08T08:57,16,89
SYN-0006884,Emergency,68,2025-08-06T04:43,2025-08-06T08:17,2025-08-06T11:52,214,429
SYN-0006885,General Medicine,52,2025-07-20T06:32,2025-07-20T08:52,2025-07-20T09:42,140,190
SYN-0006886,General Medicine,45,2025-02-12T11:04,2025-02-12T11:22,2025-02-12T14:03,18,179
SYN-0006887,Orthopedics,54,2025-05-05T10:57,2025-05-05T12:06,2025-05-05T14:18,69,201
SYN-0006888,Emergency,50,2025-11-20T11:06,2025-11-20T14:08,2025-11-20T17:40,182,394
SYN-0006889,Orthopedics,44,2025-11-15T00:24,2025-11-15T01:11,2025-11-15T01:47,47,83
SYN-0006890,Cardiology,58,2025-06-27T07:14,2025-06-27T07:52,2025-06-27T10:12,38,178
SYN-0006891,Cardiology,32,2025-03-12T18:11,2025-03-12T19:12,2025-03-12T20:24,61,133
SYN-0006892,Emergency,27,2025-09-28T20:12,2025-09-28T23:19,2025-09-29T00:18,187,246
SYN-0006893,General Medicine,83,2025-11-05T23:01,2025-11-06T00:15,2025-11-06T02:30,74,209
SYN-0006894,General Medicine,39,2025-06-11T22:14,2025-06-11T23:46,2025-06-12T02:48,92,274
SYN-0006895,Emergency,33,2025-10-28T01:05,2025-10-28T02:17,2025-10-28T05:49,72,284
SYN-0006896,General Medicine,43,2025-11-27T13:31,2025-11-27T14:34,2025-11-27T15:17,63,106
SYN-0006897,Orthopedics,23,2025-01-07T01:17,2025-01-07T02:50,2025-01-07T05:36,93,259
SYN-0006898,Cardiology,37,2025-07-12T17:55,2025-07-12T18:18,2025-07-12T20:50,23,175
SYN-0006899,Orthopedics,19,2025-04-08T18:17,2025-04-08T19:40,2025-04-08T22:16,83,239
SYN-0006900,Orthopedics,87,2025-08-04T21:49,2025-08-04T23:42,2025-08-05T01:36,113,227
SYN-0006901,Cardiology,88,2025-12-19T15:13,2025-12-19T16:31,2025-12-19T19:28,78,255
SYN-0006902,Emergency,26,2025-04-13T14:30,2025-04-13T17:43,2025-04-13T23:25,193,535
SYN-0006903,Orthopedics,75,2025-07-23T22:04,2025-07-23T23:09,2025-07-24T00:44,65,160
SYN-0006904,Orthopedics,40,2025-08-03T14:02,2025-08-03T14:56,2025-08-03T15:27,54,85
SYN-0006905,General Medicine,79,2025-03-17T12:10,2025-03-17T13:23,2025-03-17T15:49,73,219
SYN-0006906,General Medicine,41,2025-12-12T11:26,2025-12-12T12:40,2025-12-12T16:04,74,278
SYN-0006907,Emergency,76,2025-02-27T04:16,2025-02-27T05:33,2025-02-27T09:43,77,327
SYN-0006908,Cardiology,52,2025-02-04T12:42,2025-02-04T13:50,2025-02-04T16:01,68,199
SYN-0006909,Orthopedics,72,2025-05-12T17:58,2025-05-12T19:45,2025-05-12T20:51,107,173
SYN-0006910,Imaging,93,2025-11-28T07:37,2025-11-28T08:36,2025-11-28T09:55,59,138
SYN-0006911,General Medicine,60,2025-12-09T16:58,2025-12-09T19:22,2025-12-09T21:50,144,292
SYN-0006912,Orthopedics,75,2025-07-07T20:34,2025-07-07T21:14,2025-07-07T23:08,40,154
SYN-0006913,Orthopedics,18,2025-07-22T04:01,2025-07-22T04:14,2025-07-22T05:44,13,103
SYN-0006914,Emergency,71,2025-06-05T02:56,2025-06-05T05:42,2025-06-05T07:21,166,265
SYN-0006915,Emergency,41,2025-11-13T17:33,2025-11-13T20:39,2025-11-13T23:57,186,384
SYN-0006916,Imaging,50,2025-06-02T00:57,2025-06-02T01:44,2025-06-02T02:07,47,70
SYN-0006917,Imaging,32,2025-01-20T19:37,2025-01-20T20:13,2025-01-20T21:34,36,117
SYN-0006918,Cardiology,55,2025-07-28T12:12,2025-07-28T12:52,2025-07-28T15:52,40,220
SYN-0006919,Imaging,70,2025-09-12T11:28,2025-09-12T12:04,2025-09-12T13:13,36,105
SYN-0006920,Emergency,70,2025-09-20T05:55,2025-09-20T09:52,2025-09-20T10:57,237,302
SYN-0006921,General Medicine,48,2025-04-07T08:20,2025-04-07T10:12,2025-04-07T11:16,112,176
SYN-0006922,Emergency,71,2025-01-21T13:13,2025-01-21T16:50,2025-01-21T21:18,217,485
SYN-0006923,Orthopedics,58,2025-01-23T00:45,2025-01-23T02:08,2025-01-23T03:42,83,177
SYN-0006924,Cardiology,34,2025-01-26T13:49,2025-01-26T14:07,2025-01-26T16:28,18,159
SYN-0006925,Cardiology,49,2025-06-25T16:32,2025-06-25T17:34,2025-06-25T19:35,62,183
SYN-0006926,Emergency,40,2025-11-17T09:25,2025-11-17T10:29,2025-11-17T18:07,64,522
SYN-0006927,Imaging,38,2025-10-29T08:39,2025-10-29T08:52,2025-10-29T10:15,13,96
SYN-0006928,Orthopedics,71,2025-09-14T10:09,2025-09-14T10:52,2025-09-14T13:18,43,189
SYN-0006929,Cardiology,27,2025-04-05T16:56,2025-04-05T17:09,2025-04-05T18:20,13,84
SYN-0006930,Cardiology,87,2025-12-24T22:19,2025-12-24T23:33,2025-12-25T00:21,74,122
SYN-0006931,Cardiology,68,2025-02-04T13:52,2025-02-04T15:08,2025-02-04T17:57,76,245
SYN-0006932,Imaging,62,2025-08-06T14:02,2025-08-06T14:16,2025-08-06T15:11,14,69
SYN-0006933,General Medicine,66,2025-10-20T05:55,2025-10-20T08:15,2025-10-20T10:09,140,254
SYN-0006934,Cardiology,55,2025-08-26T11:04,2025-08-26T11:54,2025-08-26T14:29,50,205
SYN-0006935,Emergency,88,2025-05-01T07:54,2025-05-01T10:17,2025-05-01T11:01,143,187
SYN-0006936,General Medicine,27,2025-04-12T14:06,2025-04-12T15:01,2025-04-12T16:57,55,171
SYN-0006937,Cardiology,73,2025-10-05T14:24,2025-10-05T15:53,2025-10-05T18:51,89,267
SYN-0006938,General Medicine,67,2025-07-18T10:26,2025-07-18T10:46,2025-07-18T12:36,20,130
SYN-0006939,General Medicine,40,2025-08-14T20:28,2025-08-14T22:52,2025-08-15T02:36,144,368
SYN-0006940,General Medicine,75,2025-07-28T15:58,2025-07-28T18:16,2025-07-28T19:26,138,208
SYN-0006941,Emergency,49,2025-02-02T08:55,2025-02-02T10:29,2025-02-02T12:17,94,202
SYN-0006942,Emergency,87,2025-05-03T00:21,2025-05-03T03:22,2025-05-03T05:44,181,323
SYN-0006943,General Medicine,44,2025-05-03T00:47,2025-05-03T02:54,2025-05-03T03:47,127,180
SYN-0006944,Cardiology,66,2025-11-12T00:04,2025-11-12T00:11,2025-11-12T01:49,7,105
SYN-0006945,General Medicine,74,2025-04-03T07:34,2025-04-03T09:35,2025-04-03T11:20,121,226
SYN-0006946,Imaging,72,2025-04-10T03:59,2025-04-10T05:13,2025-04-10T06:17,74,138
SYN-0006947,General Medicine,36,2025-12-10T02:47,2025-12-10T04:23,2025-12-10T05:40,96,173
SYN-0006948,General Medicine,21,2025-10-03T18:35,2025-10-03T20:43,2025-10-04T00:22,128,347
SYN-0006949,Cardiology,75,2025-12-18T19:05,2025-12-18T19:29,2025-12-18T20:15,24,70
SYN-0006950,General Medicine,28,2025-11-15T16:09,2025-11-15T17:16,2025-11-15T18:54,67,165
SYN-0006951,Emergency,46,2025-06-15T16:49,2025-06-15T18:43,2025-06-15T20:46,114,237
SYN-0006952,Orthopedics,79,2025-09-26T04:12,2025-09-26T05:38,2025-09-26T07:36,86,204
SYN-0006953,Cardiology,42,2025-05-07T07:51,2025-05-07T08:39,2025-05-07T11:12,48,201
SYN-0006954,Cardiology,25,2025-01-27T14:46,2025-01-27T15:48,2025-01-27T18:40,62,234
SYN-0006955,Orthopedics,85,2025-09-05T07:56,2025-09-05T08:43,2025-09-05T10:07,47,131
SYN-0006956,Orthopedics,45,2025-12-09T02:38,2025-12-09T04:13,2025-12-09T07:12,95,274
SYN-0006957,Emergency,46,2025-12-03T14:57,2025-12-03T15:39,2025-12-03T22:46,42,469
SYN-0006958,Cardiology,20,2025-11-23T08:12,2025-11-23T08:38,2025-11-23T10:51,26,159
SYN-0006959,Orthopedics,23,2025-07-05T08:59,2025-07-05T10:34,2025-07-05T11:45,95,166
SYN-0006960,Cardiology,55,2025-09-03T22:37,2025-09-03T23:24,2025-09-04T01:36,47,179
SYN-0006961,Imaging,76,2025-11-24T14:00,2025-11-24T15:11,2025-11-24T15:54,71,114
SYN-0006962,Emergency,71,2025-03-17T17:30,2025-03-17T18:55,2025-03-17T20:18,85,168
SYN-0006963,Imaging,92,2025-09-19T21:57,2025-09-19T23:10,2025-09-19T23:33,73,96
SYN-0006964,Imaging,47,2025-12-02T03:11,2025-12-02T03:52,2025-12-02T04:58,41,107
SYN-0006965,General Medicine,66,2025-09-07T23:04,2025-09-08T00:54,2025-09-08T04:45,110,341
SYN-0006966,General Medicine,83,2025-07-22T19:47,2025-07-22T19:59,2025-07-22T21:45,12,118
SYN-0006967,Orthopedics,47,2025-12-30T16:42,2025-12-30T18:22,2025-12-30T20:42,100,240
SYN-0006968,Cardiology,38,2025-02-21T09:00,2025-02-21T09:28,2025-02-21T10:58,28,118
SYN-0006969,Orthopedics,86,2025-09-14T12:00,2025-09-14T13:14,2025-09-14T15:08,74,188
SYN-0006970,Imaging,72,2025-01-08T16:40,2025-01-08T17:41,2025-01-08T17:59,61,79
SYN-0006971,Cardiology,92,2025-08-16T18:19,2025-08-16T18:54,2025-08-16T20:46,35,147
SYN-0006972,General Medicine,53,2025-11-04T02:32,2025-11-04T03:53,2025-11-04T05:03,81,151
SYN-0006973,Emergency,89,2025-01-18T11:56,2025-01-18T14:10,2025-01-18T18:11,134,375
SYN-0006974,General Medicine,28,2025-02-13T01:50,2025-02-13T03:22,2025-02-13T04:44,92,174
SYN-0006975,Cardiology,91,2025-06-28T08:37,2025-06-28T08:48,2025-06-28T10:30,11,113
SYN-0006976,General Medicine,48,2025-03-27T10:27,2025-03-27T10:44,2025-03-27T14:11,17,224
SYN-0006977,General Medicine,36,2025-10-01T17:41,2025-10-01T19:58,2025-10-01T20:51,137,190
SYN-0006978,General Medicine,72,2025-09-17T02:59,2025-09-17T04:06,2025-09-17T05:39,67,160
SYN-0006979,General Medicine,22,2025-02-25T02:53,2025-02-25T03:16,2025-02-25T05:08,23,135
SYN-0006980,General Medicine,45,2025-09-24T11:52,2025-09-24T12:06,2025-09-24T13:05,14,73
SYN-0006981,Cardiology,59,2025-05-24T23:31,2025-05-25T00:34,2025-05-25T02:30,63,179
SYN-0006982,Imaging,75,2025-04-05T03:41,2025-04-05T04:44,2025-04-05T05:01,63,80
SYN-0006983,Imaging,27,2025-12-02T13:11,2025-12-02T13:37,2025-12-02T14:57,26,106
SYN-0006984,Orthopedics,65,2025-11-11T04:53,2025-11-11T05:46,2025-11-11T07:49,53,176
SYN-0006985,Imaging,61,2025-12-27T04:24,2025-12-27T05:06,2025-12-27T06:06,42,102
SYN-0006986,General Medicine,65,2025-09-28T01:08,2025-09-28T02:45,2025-09-28T05:51,97,283
SYN-0006987,Emergency,48,2025-08-25T01:58,2025-08-25T05:56,2025-08-25T09:21,238,443
SYN-0006988,Imaging,74,2025-03-02T10:09,2025-03-02T10:31,2025-03-02T11:58,22,109
SYN-0006989,Emergency,54,2025-09-23T10:58,2025-09-23T12:24,2025-09-23T17:17,86,379
SYN-0006990,Emergency,38,2025-09-09T04:51,2025-09-09T07:24,2025-09-09T09:48,153,297
SYN-0006991,Orthopedics,25,2025-04-15T10:18,2025-04-15T10:39,2025-04-15T12:42,21,144
SYN-0006992,Imaging,27,2025-04-30T10:33,2025-04-30T11:45,2025-04-30T13:04,72,151
SYN-0006993,Imaging,41,2025-02-18T20:40,2025-02-18T21:25,2025-02-18T21:52,45,72
SYN-0006994,Emergency,80,2025-09-30T12:40,2025-09-30T14:06,2025-09-30T21:42,86,542
SYN-0006995,Orthopedics,37,2025-08-21T18:37,2025-08-21T20:12,2025-08-21T21:57,95,200
SYN-0006996,Emergency,35,2025-01-30T09:20,2025-01-30T12:55,2025-01-30T15:09,215,349
SYN-0006997,Imaging,43,2025-12-04T07:31,2025-12-04T08:25,2025-12-04T09:13,54,102
SYN-0006998,Emergency,56,2025-04-14T00:49,2025-04-14T03:10,2025-04-14T09:54,141,545
SYN-0006999,Emergency,48,2025-09-21T20:58,2025-09-21T21:56,2025-09-22T05:27,58,509
SYN-0007000,Cardiology,54,2025-07-27T04:13,2025-07-27T04:29,2025-07-27T05:57,16,104
SYN-0007001,Emergency,92,2025-05-06T21:09,2025-05-07T00:27,2025-05-07T06:56,198,587
SYN-0007002,Cardiology,20,2025-07-30T20:27,2025-07-30T21:27,2025-07-30T23:11,60,164
SYN-0007003,General Medicine,29,2025-05-09T04:18,2025-05-09T05:32,2025-05-09T06:25,74,127
SYN-0007004,General Medicine,63,2025-04-30T23:29,2025-04-30T23:48,2025-05-01T01:50,19,141
SYN-0007005,Imaging,21,2025-02-14T12:20,2025-02-14T13:05,2025-02-14T14:34,45,134
SYN-0007006,Orthopedics,29,2025-07-04T03:24,2025-07-04T05:13,2025-07-04T07:45,109,261
SYN-0007007,Cardiology,59,2025-04-23T00:57,2025-04-23T02:25,2025-04-23T04:10,88,193
SYN-0007008,Orthopedics,88,2025-03-04T20:58,2025-03-04T21:55,2025-03-04T22:27,57,89
SYN-0007009,General Medicine,44,2025-03-24T21:43,2025-03-24T22:15,2025-03-25T02:05,32,262
SYN-0007010,Orthopedics,82,2025-07-10T18:32,2025-07-10T20:11,2025-07-10T21:40,99,188
SYN-0007011,Orthopedics,45,2025-05-28T04:27,2025-05-28T05:32,2025-05-28T06:19,65,112
SYN-0007012,General Medicine,77,2025-05-09T02:05,2025-05-09T04:05,2025-05-09T07:32,120,327
SYN-0007013,Imaging,41,2025-03-05T11:39,2025-03-05T12:53,2025-03-05T14:01,74,142
SYN-0007014,Imaging,32,2025-04-04T12:20,2025-04-04T12:55,2025-04-04T13:47,35,87
SYN-0007015,Emergency,29,2025-05-01T10:59,2025-05-01T11:47,2025-05-01T12:30,48,91
SYN-0007016,Cardiology,23,2025-06-12T22:59,2025-06-13T00:08,2025-06-13T01:14,69,135
SYN-0007017,Emergency,89,2025-08-11T07:46,2025-08-11T09:10,2025-08-11T14:43,84,417
SYN-0007018,Emergency,89,2025-02-06T22:44,2025-02-06T23:35,2025-02-07T05:21,51,397
SYN-0007019,General Medicine,92,2025-02-21T03:27,2025-02-21T05:52,2025-02-21T09:24,145,357
SYN-0007020,Imaging,38,2025-09-20T11:33,2025-09-20T12:30,2025-09-20T13:23,57,110
SYN-0007021,Cardiology,83,2025-01-27T06:53,2025-01-27T07:12,2025-01-27T08:24,19,91
SYN-0007022,Cardiology,59,2025-05-20T22:49,2025-05-20T23:02,2025-05-21T00:42,13,113
SYN-0007023,Imaging,37,2025-11-19T01:12,2025-11-19T01:43,2025-11-19T02:10,31,58
SYN-0007024,Cardiology,24,2025-12-23T02:52,2025-12-23T03:52,2025-12-23T06:19,60,207
SYN-0007025,Orthopedics,28,2025-12-19T14:56,2025-12-19T16:32,2025-12-19T17:19,96,143
SYN-0007026,Emergency,88,2025-06-08T11:47,2025-06-08T15:36,2025-06-08T21:41,229,594
SYN-0007027,General Medicine,82,2025-03-25T20:25,2025-03-25T20:58,2025-03-26T00:06,33,221
SYN-0007028,Imaging,21,2025-08-22T18:55,2025-08-22T19:37,2025-08-22T19:56,42,61
SYN-0007029,Emergency,38,2025-05-30T23:08,2025-05-31T00:19,2025-05-31T06:58,71,470
SYN-0007030,Emergency,51,2025-07-18T09:04,2025-07-18T12:29,2025-07-18T15:06,205,362
SYN-0007031,General Medicine,81,2025-01-21T06:07,2025-01-21T07:51,2025-01-21T10:11,104,244
SYN-0007032,Emergency,68,2025-12-12T16:50,2025-12-12T18:05,2025-12-12T23:00,75,370
SYN-0007033,Orthopedics,62,2025-11-27T10:24,2025-11-27T10:36,2025-11-27T13:12,12,168
SYN-0007034,Cardiology,46,2025-04-21T16:48,2025-04-21T17:38,2025-04-21T20:20,50,212
SYN-0007035,Emergency,33,2025-06-02T03:58,2025-06-02T07:39,2025-06-02T11:22,221,444
SYN-0007036,Imaging,82,2025-12-29T05:47,2025-12-29T05:55,2025-12-29T06:35,8,48
SYN-0007037,Emergency,58,2025-02-09T22:55,2025-02-09T23:28,2025-02-10T05:31,33,396
SYN-0007038,Imaging,44,2025-10-04T01:31,2025-10-04T01:39,2025-10-04T02:18,8,47
SYN-0007039,Emergency,20,2025-12-03T04:02,2025-12-03T06:00,2025-12-03T09:54,118,352
SYN-0007040,Emergency,69,2025-07-24T13:42,2025-07-24T15:20,2025-07-24T20:54,98,432
SYN-0007041,General Medicine,35,2025-06-28T19:32,2025-06-28T21:23,2025-06-28T23:34,111,242
SYN-0007042,Cardiology,21,2025-02-13T03:44,2025-02-13T04:16,2025-02-13T06:59,32,195
SYN-0007043,Imaging,21,2025-01-07T11:34,2025-01-07T11:52,2025-01-07T12:47,18,73
SYN-0007044,General Medicine,24,2025-07-19T18:35,2025-07-19T20:51,2025-07-19T21:37,136,182
SYN-0007045,General Medicine,41,2025-07-01T18:54,2025-07-01T20:51,2025-07-01T22:11,117,197
SYN-0007046,Cardiology,69,2025-01-23T07:08,2025-01-23T07:51,2025-01-23T09:31,43,143
SYN-0007047,Orthopedics,55,2025-12-24T11:27,2025-12-24T13:25,2025-12-24T16:11,118,284
SYN-0007048,Orthopedics,39,2025-05-21T07:38,2025-05-21T09:35,2025-05-21T12:23,117,285
SYN-0007049,Cardiology,91,2025-01-04T18:56,2025-01-04T20:00,2025-01-04T22:10,64,194
SYN-0007050,Imaging,87,2025-08-25T16:10,2025-08-25T16:38,2025-08-25T17:11,28,61
SYN-0007051,Cardiology,63,2025-07-19T18:34,2025-07-19T19:26,2025-07-19T21:37,52,183
SYN-0007052,Orthopedics,32,2025-06-04T01:30,2025-06-04T03:26,2025-06-04T04:24,116,174
SYN-0007053,General Medicine,45,2025-01-18T10:08,2025-01-18T12:05,2025-01-18T15:55,117,347
SYN-0007054,Orthopedics,72,2025-06-21T06:33,2025-06-21T07:44,2025-06-21T08:56,71,143
SYN-0007055,Imaging,88,2025-05-31T03:27,2025-05-31T04:41,2025-05-31T06:07,74,160
SYN-0007056,Imaging,36,2025-05-21T04:19,2025-05-21T04:49,2025-05-21T05:54,30,95
SYN-0007057,Cardiology,51,2025-01-24T16:42,2025-01-24T17:55,2025-01-24T18:44,73,122
SYN-0007058,Cardiology,64,2025-11-16T15:39,2025-11-16T16:36,2025-11-16T18:26,57,167
SYN-0007059,General Medicine,53,2025-11-03T15:06,2025-11-03T16:35,2025-11-03T18:50,89,224
SYN-0007060,General Medicine,52,2025-12-16T05:45,2025-12-16T07:45,2025-12-16T11:23,120,338
SYN-0007061,Emergency,29,2025-12-24T14:29,2025-12-24T16:19,2025-12-24T18:47,110,258
SYN-0007062,Cardiology,31,2025-06-16T00:19,2025-06-16T00:28,2025-06-16T02:55,9,156
SYN-0007063,Imaging,91,2025-05-03T19:29,2025-05-03T20:16,2025-05-03T21:15,47,106
SYN-0007064,Imaging,33,2025-01-28T04:09,2025-01-28T05:15,2025-01-28T06:21,66,132
SYN-0007065,Orthopedics,18,2025-08-08T20:15,2025-08-08T21:05,2025-08-08T23:46,50,211
SYN-0007066,General Medicine,50,2025-07-16T03:18,2025-07-16T03:54,2025-07-16T04:52,36,94
SYN-0007067,Emergency,87,2025-05-10T19:21,2025-05-10T21:05,2025-05-11T01:19,104,358
SYN-0007068,Emergency,66,2025-06-05T22:59,2025-06-06T02:09,2025-06-06T05:18,190,379
SYN-0007069,Emergency,33,2025-10-05T14:06,2025-10-05T14:34,2025-10-05T18:36,28,270
SYN-0007070,Emergency,43,2025-01-23T14:35,2025-01-23T16:03,2025-01-23T19:50,88,315
SYN-0007071,Imaging,69,2025-05-02T03:48,2025-05-02T04:02,2025-05-02T04:28,14,40
SYN-0007072,Emergency,61,2025-09-06T19:33,2025-09-06T23:03,2025-09-07T02:23,210,410
SYN-0007073,Orthopedics,40,2025-07-08T00:26,2025-07-08T01:19,2025-07-08T03:18,53,172
SYN-0007074,Imaging,82,2025-10-04T13:02,2025-10-04T14:11,2025-10-04T14:57,69,115
SYN-0007075,Orthopedics,75,2025-12-30T23:11,2025-12-31T01:04,2025-12-31T02:33,113,202
SYN-0007076,Emergency,43,2025-01-20T21:08,2025-01-20T22:26,2025-01-21T05:49,78,521
SYN-0007077,Orthopedics,53,2025-08-18T04:50,2025-08-18T06:47,2025-08-18T08:26,117,216
SYN-0007078,Orthopedics,70,2025-09-15T21:36,2025-09-15T23:29,2025-09-16T02:24,113,288
SYN-0007079,Imaging,18,2025-06-18T02:41,2025-06-18T02:49,2025-06-18T03:05,8,24
SYN-0007080,Emergency,35,2025-10-29T05:16,2025-10-29T05:49,2025-10-29T11:26,33,370
SYN-0007081,Cardiology,84,2025-06-10T14:19,2025-06-10T15:27,2025-06-10T16:50,68,151
SYN-0007082,Imaging,30,2025-04-02T12:54,2025-04-02T13:59,2025-04-02T14:48,65,114
SYN-0007083,Imaging,86,2025-06-18T18:11,2025-06-18T18:42,2025-06-18T19:46,31,95
SYN-0007084,Orthopedics,75,2025-08-25T13:03,2025-08-25T14:32,2025-08-25T15:16,89,133
SYN-0007085,Emergency,51,2025-05-22T00:46,2025-05-22T04:18,2025-05-22T09:47,212,541
SYN-0007086,Emergency,70,2025-03-03T22:04,2025-03-04T01:33,2025-03-04T08:09,209,605
SYN-0007087,Orthopedics,26,2025-03-24T15:35,2025-03-24T15:44,2025-03-24T18:33,9,178
SYN-0007088,Cardiology,48,2025-01-15T00:36,2025-01-15T01:33,2025-01-15T03:24,57,168
SYN-0007089,Orthopedics,89,2025-07-03T09:52,2025-07-03T11:41,2025-07-03T14:26,109,274
SYN-0007090,Orthopedics,22,2025-12-04T10:28,2025-12-04T10:57,2025-12-04T13:28,29,180
SYN-0007091,Emergency,80,2025-05-06T18:30,2025-05-06T21:36,2025-05-07T01:41,186,431
SYN-0007092,General Medicine,33,2025-09-02T05:15,2025-09-02T06:49,2025-09-02T10:21,94,306
SYN-0007093,Orthopedics,50,2025-09-16T19:03,2025-09-16T20:51,2025-09-16T22:07,108,184
SYN-0007094,Orthopedics,91,2025-11-08T11:24,2025-11-08T12:47,2025-11-08T14:56,83,212
SYN-0007095,Orthopedics,78,2025-03-03T13:30,2025-03-03T14:12,2025-03-03T15:17,42,107
SYN-0007096,Orthopedics,78,2025-04-05T23:26,2025-04-06T01:19,2025-04-06T03:40,113,254
SYN-0007097,Orthopedics,19,2025-01-06T15:28,2025-01-06T15:54,2025-01-06T18:32,26,184
SYN-0007098,Emergency,75,2025-02-18T16:03,2025-02-18T17:59,2025-02-19T00:49,116,526
SYN-0007099,Cardiology,92,2025-12-02T15:48,2025-12-02T16:27,2025-12-02T18:30,39,162
SYN-0007100,Orthopedics,47,2025-05-15T01:48,2025-05-15T03:22,2025-05-15T05:13,94,205
SYN-0007101,Orthopedics,45,2025-10-26T01:01,2025-10-26T02:32,2025-10-26T03:32,91,151
SYN-0007102,General Medicine,72,2025-04-29T04:30,2025-04-29T05:38,2025-04-29T09:38,68,308
SYN-0007103,Orthopedics,29,2025-12-21T04:41,2025-12-21T06:19,2025-12-21T09:00,98,259
SYN-0007104,Emergency,19,2025-11-21T00:10,2025-11-21T00:33,2025-11-21T01:49,23,99
SYN-0007105,Imaging,61,2025-07-26T16:59,2025-07-26T17:17,2025-07-26T17:48,18,49
SYN-0007106,Imaging,23,2025-06-24T07:57,2025-06-24T08:53,2025-06-24T09:17,56,80
SYN-0007107,Orthopedics,89,2025-08-08T17:12,2025-08-08T19:08,2025-08-08T22:02,116,290
SYN-0007108,Orthopedics,49,2025-05-07T12:09,2025-05-07T12:25,2025-05-07T14:08,16,119
SYN-0007109,Orthopedics,87,2025-04-20T01:05,2025-04-20T02:41,2025-04-20T04:40,96,215
SYN-0007110,Cardiology,39,2025-12-18T23:54,2025-12-19T01:20,2025-12-19T02:59,86,185
SYN-0007111,General Medicine,69,2025-09-19T13:28,2025-09-19T15:38,2025-09-19T19:10,130,342
SYN-0007112,Imaging,35,2025-02-05T03:42,2025-02-05T04:02,2025-02-05T04:43,20,61
SYN-0007113,Imaging,76,2025-07-19T11:04,2025-07-19T11:50,2025-07-19T12:53,46,109
SYN-0007114,Imaging,84,2025-09-06T18:47,2025-09-06T19:04,2025-09-06T19:29,17,42
SYN-0007115,General Medicine,85,2025-02-17T03:34,2025-02-17T04:17,2025-02-17T07:53,43,259
SYN-0007116,Imaging,27,2025-07-22T03:19,2025-07-22T03:28,2025-07-22T04:49,9,90
SYN-0007117,Emergency,32,2025-03-29T23:30,2025-03-30T01:44,2025-03-30T08:26,134,536
SYN-0007118,Imaging,69,2025-08-07T23:03,2025-08-07T23:23,2025-08-07T23:47,20,44
SYN-0007119,Orthopedics,31,2025-03-01T12:15,2025-03-01T12:52,2025-03-01T14:59,37,164
SYN-0007120,General Medicine,91,2025-02-13T22:42,2025-02-14T01:01,2025-02-14T02:32,139,230
SYN-0007121,Imaging,56,2025-05-06T13:59,2025-05-06T14:50,2025-05-06T15:43,51,104
SYN-0007122,Imaging,41,2025-09-03T00:26,2025-09-03T00:58,2025-09-03T02:19,32,113
SYN-0007123,Cardiology,89,2025-08-01T21:55,2025-08-01T23:03,2025-08-02T01:51,68,236
SYN-0007124,Imaging,78,2025-02-11T03:30,2025-02-11T04:33,2025-02-11T04:48,63,78
SYN-0007125,General Medicine,61,2025-04-18T01:33,2025-04-18T02:13,2025-04-18T05:24,40,231
SYN-0007126,Cardiology,38,2025-03-11T00:52,2025-03-11T01:19,2025-03-11T03:29,27,157
SYN-0007127,Emergency,88,2025-01-23T10:10,2025-01-23T13:32,2025-01-23T19:34,202,564
SYN-0007128,Cardiology,91,2025-12-18T18:16,2025-12-18T18:42,2025-12-18T21:10,26,174
SYN-0007129,General Medicine,69,2025-10-25T21:31,2025-10-25T21:56,2025-10-26T01:03,25,212
SYN-0007130,Imaging,64,2025-11-10T09:23,2025-11-10T09:30,2025-11-10T10:03,7,40
SYN-0007131,Cardiology,76,2025-09-20T21:03,2025-09-20T22:18,2025-09-20T23:58,75,175
SYN-0007132,Emergency,85,2025-10-21T02:23,2025-10-21T04:17,2025-10-21T07:24,114,301
SYN-0007133,Cardiology,42,2025-01-11T02:25,2025-01-11T02:43,2025-01-11T03:28,18,63
SYN-0007134,Imaging,75,2025-01-16T10:03,2025-01-16T10:09,2025-01-16T11:39,6,96
SYN-0007135,Emergency,84,2025-12-21T22:14,2025-12-22T01:51,2025-12-22T04:26,217,372
SYN-0007136,Emergency,73,2025-10-31T14:06,2025-10-31T16:31,2025-10-31T22:24,145,498
SYN-0007137,General Medicine,81,2025-01-27T15:21,2025-01-27T16:28,2025-01-27T17:40,67,139
SYN-0007138,Emergency,52,2025-06-20T19:33,2025-06-20T22:09,2025-06-21T03:02,156,449
SYN-0007139,General Medicine,73,2025-04-23T12:58,2025-04-23T14:17,2025-04-23T17:19,79,261
SYN-0007140,Imaging,70,2025-11-17T14:04,2025-11-17T14:47,2025-11-17T16:11,43,127
SYN-0007141,Cardiology,25,2025-09-11T02:58,2025-09-11T04:21,2025-09-11T06:50,83,232
SYN-0007142,Imaging,68,2025-09-05T19:24,2025-09-05T20:05,2025-09-05T20:54,41,90
SYN-0007143,Orthopedics,78,2025-11-07T23:35,2025-11-08T00:36,2025-11-08T01:40,61,125
SYN-0007144,Imaging,94,2025-03-07T09:34,2025-03-07T10:25,2025-03-07T11:15,51,101
SYN-0007145,General Medicine,75,2025-03-16T23:24,2025-03-17T00:15,2025-03-17T02:53,51,209
SYN-0007146,General Medicine,91,2025-12-14T01:41,2025-12-14T03:00,2025-12-14T05:37,79,236
SYN-0007147,Orthopedics,57,2025-05-22T03:26,2025-05-22T03:31,2025-05-22T04:11,5,45
SYN-0007148,Orthopedics,25,2025-04-19T14:51,2025-04-19T16:33,2025-04-19T17:36,102,165
SYN-0007149,Cardiology,46,2025-10-17T05:36,2025-10-17T06:36,2025-10-17T08:06,60,150
SYN-0007150,Emergency,50,2025-10-11T05:13,2025-10-11T06:18,2025-10-11T07:52,65,159
SYN-0007151,Orthopedics,46,2025-11-19T19:15,2025-11-19T19:41,2025-11-19T21:46,26,151
SYN-0007152,Cardiology,51,2025-12-03T00:21,2025-12-03T00:27,2025-12-03T01:20,6,59
SYN-0007153,Emergency,60,2025-06-15T08:51,2025-06-15T12:08,2025-06-15T15:53,197,422
SYN-0007154,Emergency,36,2025-09-07T15:22,2025-09-07T17:22,2025-09-07T22:15,120,413
SYN-0007155,Cardiology,79,2025-10-19T01:28,2025-10-19T02:07,2025-10-19T04:51,39,203
SYN-0007156,Orthopedics,89,2025-09-07T11:20,2025-09-07T11:40,2025-09-07T12:42,20,82
SYN-0007157,Cardiology,63,2025-02-15T00:53,2025-02-15T01:59,2025-02-15T02:50,66,117
SYN-0007158,Cardiology,42,2025-06-02T02:11,2025-06-02T03:07,2025-06-02T05:36,56,205
SYN-0007159,Cardiology,45,2025-06-17T21:07,2025-06-17T22:15,2025-06-18T00:51,68,224
SYN-0007160,Orthopedics,69,2025-09-16T11:14,2025-09-16T11:35,2025-09-16T12:43,21,89
SYN-0007161,Cardiology,35,2025-12-05T20:38,2025-12-05T21:49,2025-12-05T23:33,71,175
SYN-0007162,Cardiology,61,2025-05-16T14:45,2025-05-16T15:53,2025-05-16T17:23,68,158
SYN-0007163,General Medicine,47,2025-01-26T17:41,2025-01-26T18:44,2025-01-26T19:40,63,119
SYN-0007164,Cardiology,87,2025-01-06T00:41,2025-01-06T01:46,2025-01-06T02:44,65,123
SYN-0007165,General Medicine,50,2025-06-01T04:21,2025-06-01T05:50,2025-06-01T06:56,89,155
SYN-0007166,Emergency,19,2025-11-21T14:24,2025-11-21T15:26,2025-11-21T22:16,62,472
SYN-0007167,Orthopedics,43,2025-06-19T19:50,2025-06-19T20:20,2025-06-19T21:38,30,108
SYN-0007168,Emergency,86,2025-06-03T07:29,2025-06-03T10:20,2025-06-03T16:10,171,521
SYN-0007169,Orthopedics,34,2025-03-02T01:36,2025-03-02T02:27,2025-03-02T04:39,51,183
SYN-0007170,Orthopedics,52,2025-01-10T04:55,2025-01-10T06:22,2025-01-10T08:56,87,241
SYN-0007171,Imaging,93,2025-03-15T13:35,2025-03-15T14:08,2025-03-15T15:19,33,104
SYN-0007172,General Medicine,79,2025-03-24T18:33,2025-03-24T20:18,2025-03-25T00:00,105,327
SYN-0007173,Imaging,67,2025-01-13T01:27,2025-01-13T02:21,2025-01-13T03:45,54,138
SYN-0007174,Orthopedics,56,2025-08-12T16:03,2025-08-12T16:55,2025-08-12T18:56,52,173
SYN-0007175,Cardiology,87,2025-12-23T10:03,2025-12-23T10:20,2025-12-23T12:39,17,156
SYN-0007176,Cardiology,55,2025-11-13T19:30,2025-11-13T20:34,2025-11-13T21:59,64,149
SYN-0007177,Emergency,75,2025-04-16T22:15,2025-04-16T23:47,2025-04-17T02:02,92,227
SYN-0007178,Cardiology,44,2025-09-22T01:56,2025-09-22T03:23,2025-09-22T05:57,87,241
SYN-0007179,Orthopedics,91,2025-06-05T09:10,2025-06-05T10:47,2025-06-05T11:50,97,160
SYN-0007180,Emergency,95,2025-11-29T15:24,2025-11-29T16:30,2025-11-29T22:08,66,404
SYN-0007181,Imaging,28,2025-06-03T19:27,2025-06-03T20:38,2025-06-03T21:20,71,113
SYN-0007182,Orthopedics,30,2025-05-01T03:14,2025-05-01T03:21,2025-05-01T04:51,7,97
SYN-0007183,General Medicine,62,2025-11-03T06:37,2025-11-03T08:57,2025-11-03T11:02,140,265
SYN-0007184,Orthopedics,34,2025-01-22T17:43,2025-01-22T19:27,2025-01-22T20:17,104,154
SYN-0007185,Orthopedics,73,2025-11-14T10:06,2025-11-14T10:12,2025-11-14T12:23,6,137
SYN-0007186,General Medicine,69,2025-01-27T19:32,2025-01-27T21:25,2025-01-28T00:38,113,306
SYN-0007187,Imaging,71,2025-12-26T20:59,2025-12-26T21:32,2025-12-26T22:25,33,86
SYN-0007188,Imaging,49,2025-11-09T01:39,2025-11-09T01:55,2025-11-09T02:48,16,69
SYN-0007189,Cardiology,18,2025-03-06T19:51,2025-03-06T21:07,2025-03-06T23:23,76,212
SYN-0007190,Cardiology,57,2025-05-15T20:34,2025-05-15T21:46,2025-05-15T23:56,72,202
SYN-0007191,Cardiology,37,2025-05-03T23:40,2025-05-04T00:45,2025-05-04T03:07,65,207
SYN-0007192,Emergency,48,2025-10-19T14:12,2025-10-19T15:45,2025-10-19T19:15,93,303
SYN-0007193,Imaging,47,2025-10-29T22:13,2025-10-29T22:55,2025-10-29T23:36,42,83
SYN-0007194,General Medicine,94,2025-09-03T06:18,2025-09-03T07:33,2025-09-03T10:40,75,262
SYN-0007195,Orthopedics,59,2025-09-11T07:24,2025-09-11T07:29,2025-09-11T08:50,5,86
SYN-0007196,Orthopedics,65,2025-11-14T02:33,2025-11-14T03:31,2025-11-14T05:33,58,180
SYN-0007197,Cardiology,83,2025-02-12T09:15,2025-02-12T09:29,2025-02-12T12:14,14,179
SYN-0007198,Imaging,37,2025-02-09T00:17,2025-02-09T00:49,2025-02-09T01:08,32,51
SYN-0007199,Emergency,77,2025-04-17T15:46,2025-04-17T16:00,2025-04-17T22:09,14,383
SYN-0007200,Cardiology,39,2025-06-11T06:04,2025-06-11T06:57,2025-06-11T09:18,53,194
SYN-0007201,Orthopedics,44,2025-12-02T20:07,2025-12-02T21:46,2025-12-02T23:55,99,228
SYN-0007202,Cardiology,82,2025-07-27T14:09,2025-07-27T14:35,2025-07-27T16:12,26,123
SYN-0007203,Imaging,94,2025-06-05T16:53,2025-06-05T17:32,2025-06-05T18:59,39,126
SYN-0007204,Emergency,18,2025-10-13T00:51,2025-10-13T02:50,2025-10-13T09:01,119,490
SYN-0007205,Emergency,95,2025-01-25T07:26,2025-01-25T10:04,2025-01-25T11:37,158,251
SYN-0007206,Emergency,68,2025-11-10T16:37,2025-11-10T18:04,2025-11-10T23:14,87,397
SYN-0007207,Emergency,37,2025-06-01T08:50,2025-06-01T12:11,2025-06-01T16:27,201,457
SYN-0007208,Imaging,89,2025-11-22T16:40,2025-11-22T17:24,2025-11-22T18:17,44,97
SYN-0007209,General Medicine,83,2025-12-08T12:52,2025-12-08T13:52,2025-12-08T17:12,60,260
SYN-0007210,Orthopedics,29,2025-07-23T10:44,2025-07-23T12:07,2025-07-23T14:09,83,205
SYN-0007211,Imaging,94,2025-01-17T21:36,2025-01-17T22:36,2025-01-17T22:58,60,82
SYN-0007212,Cardiology,55,2025-10-30T01:44,2025-10-30T02:52,2025-10-30T04:01,68,137
SYN-0007213,Orthopedics,19,2025-03-20T05:41,2025-03-20T07:07,2025-03-20T10:00,86,259
SYN-0007214,Orthopedics,52,2025-06-29T19:19,2025-06-29T20:08,2025-06-29T22:43,49,204
SYN-0007215,Imaging,50,2025-08-07T13:27,2025-08-07T14:27,2025-08-07T15:55,60,148
SYN-0007216,Imaging,88,2025-11-17T17:56,2025-11-17T18:28,2025-11-17T19:12,32,76
SYN-0007217,Emergency,34,2025-08-26T01:57,2025-08-26T05:17,2025-08-26T12:21,200,624
SYN-0007218,General Medicine,67,2025-08-30T13:50,2025-08-30T14:07,2025-08-30T17:25,17,215
SYN-0007219,Imaging,74,2025-05-20T08:39,2025-05-20T09:28,2025-05-20T09:54,49,75
SYN-0007220,General Medicine,74,2025-11-24T05:08,2025-11-24T06:35,2025-11-24T10:14,87,306
SYN-0007221,Emergency,74,2025-06-22T03:12,2025-06-22T05:53,2025-06-22T10:53,161,461
SYN-0007222,Orthopedics,23,2025-09-16T07:53,2025-09-16T08:29,2025-09-16T10:06,36,133
SYN-0007223,General Medicine,45,2025-08-21T05:22,2025-08-21T07:15,2025-08-21T09:55,113,273
SYN-0007224,General Medicine,59,2025-04-25T20:45,2025-04-25T21:05,2025-04-25T23:16,20,151
SYN-0007225,Emergency,83,2025-02-02T19:48,2025-02-02T20:36,2025-02-02T23:08,48,200
SYN-0007226,General Medicine,95,2025-10-14T09:05,2025-10-14T10:54,2025-10-14T12:35,109,210
SYN-0007227,Cardiology,47,2025-08-06T02:54,2025-08-06T03:32,2025-08-06T05:13,38,139
SYN-0007228,Orthopedics,94,2025-10-23T10:07,2025-10-23T10:44,2025-10-23T13:29,37,202
SYN-0007229,Orthopedics,31,2025-05-16T22:12,2025-05-16T22:39,2025-05-16T23:37,27,85
SYN-0007230,Orthopedics,82,2025-06-21T05:16,2025-06-21T06:10,2025-06-21T06:48,54,92
SYN-0007231,Imaging,44,2025-02-02T18:33,2025-02-02T18:46,2025-02-02T19:01,13,28
SYN-0007232,Orthopedics,55,2025-11-02T13:10,2025-11-02T15:06,2025-11-02T16:55,116,225
SYN-0007233,Imaging,93,2025-08-07T04:50,2025-08-07T05:49,2025-08-07T06:04,59,74
SYN-0007234,Emergency,51,2025-10-20T23:46,2025-10-21T00:50,2025-10-21T05:24,64,338
SYN-0007235,Imaging,92,2025-11-10T08:15,2025-11-10T08:55,2025-11-10T10:08,40,113
SYN-0007236,Emergency,72,2025-03-01T15:37,2025-03-01T18:35,2025-03-02T01:24,178,587
SYN-0007237,Emergency,61,2025-03-26T07:37,2025-03-26T08:34,2025-03-26T10:34,57,177
SYN-0007238,Emergency,58,2025-10-22T22:56,2025-10-23T02:19,2025-10-23T04:50,203,354
SYN-0007239,Orthopedics,90,2025-02-21T01:36,2025-02-21T02:51,2025-02-21T05:05,75,209
SYN-0007240,Emergency,33,2025-08-09T10:01,2025-08-09T10:21,2025-08-09T17:34,20,453
SYN-0007241,Orthopedics,45,2025-06-06T10:54,2025-06-06T12:05,2025-06-06T13:31,71,157
SYN-0007242,Orthopedics,69,2025-10-30T21:50,2025-10-30T22:11,2025-10-31T01:00,21,190
SYN-0007243,Emergency,83,2025-06-12T16:37,2025-06-12T17:12,2025-06-13T00:39,35,482
SYN-0007244,Orthopedics,39,2025-01-19T20:50,2025-01-19T21:35,2025-01-19T22:05,45,75
SYN-0007245,General Medicine,42,2025-12-17T22:10,2025-12-17T23:46,2025-12-18T03:37,96,327
SYN-0007246,General Medicine,26,2025-01-23T16:40,2025-01-23T16:52,2025-01-23T17:49,12,69
SYN-0007247,Cardiology,30,2025-12-06T02:39,2025-12-06T03:21,2025-12-06T05:36,42,177
SYN-0007248,General Medicine,67,2025-02-09T21:40,2025-02-09T22:13,2025-02-10T00:18,33,158
SYN-0007249,Emergency,42,2025-03-26T10:07,2025-03-26T12:50,2025-03-26T15:51,163,344
SYN-0007250,Imaging,61,2025-09-17T09:46,2025-09-17T10:38,2025-09-17T10:57,52,71
SYN-0007251,Emergency,91,2025-06-12T02:24,2025-06-12T05:01,2025-06-12T06:19,157,235
SYN-0007252,Imaging,82,2025-03-01T08:02,2025-03-01T09:15,2025-03-01T10:26,73,144
SYN-0007253,Imaging,18,2025-12-18T17:30,2025-12-18T18:38,2025-12-18T19:02,68,92
SYN-0007254,General Medicine,36,2025-08-15T14:25,2025-08-15T14:37,2025-08-15T17:51,12,206
SYN-0007255,General Medicine,89,2025-04-29T15:30,2025-04-29T16:32,2025-04-29T20:03,62,273
SYN-0007256,Orthopedics,94,2025-03-15T20:19,2025-03-15T20:26,2025-03-15T23:01,7,162
SYN-0007257,Imaging,44,2025-06-10T04:50,2025-06-10T05:05,2025-06-10T05:39,15,49
SYN-0007258,Cardiology,91,2025-07-23T11:43,2025-07-23T11:57,2025-07-23T13:31,14,108
SYN-0007259,Orthopedics,90,2025-01-31T15:35,2025-01-31T16:00,2025-01-31T17:04,25,89
SYN-0007260,Orthopedics,79,2025-06-05T05:53,2025-06-05T06:03,2025-06-05T06:46,10,53
SYN-0007261,Emergency,84,2025-09-22T11:39,2025-09-22T13:49,2025-09-22T18:32,130,413
SYN-0007262,General Medicine,75,2025-04-23T12:04,2025-04-23T13:43,2025-04-23T15:51,99,227
SYN-0007263,Orthopedics,69,2025-10-11T00:19,2025-10-11T01:33,2025-10-11T02:04,74,105
SYN-0007264,Emergency,71,2025-05-13T00:40,2025-05-13T01:07,2025-05-13T07:30,27,410
SYN-0007265,Cardiology,67,2025-02-13T08:38,2025-02-13T08:47,2025-02-13T10:30,9,112
SYN-0007266,General Medicine,58,2025-11-09T15:01,2025-11-09T16:45,2025-11-09T17:33,104,152
SYN-0007267,Imaging,33,2025-03-22T05:18,2025-03-22T05:34,2025-03-22T06:10,16,52
SYN-0007268,General Medicine,87,2025-02-16T05:15,2025-02-16T07:15,2025-02-16T07:57,120,162
SYN-0007269,Emergency,47,2025-04-06T22:40,2025-04-07T02:40,2025-04-07T04:12,240,332
SYN-0007270,General Medicine,41,2025-02-13T04:07,2025-02-13T05:13,2025-02-13T06:33,66,146
SYN-0007271,Orthopedics,92,2025-12-27T16:22,2025-12-27T17:12,2025-12-27T20:11,50,229
SYN-0007272,Cardiology,46,2025-04-20T16:41,2025-04-20T16:53,2025-04-20T19:27,12,166
SYN-0007273,Emergency,94,2025-09-06T04:40,2025-09-06T08:12,2025-09-06T11:07,212,387
SYN-0007274,Imaging,92,2025-01-15T16:23,2025-01-15T17:32,2025-01-15T18:00,69,97
SYN-0007275,Imaging,88,2025-10-22T14:13,2025-10-22T14:31,2025-10-22T15:59,18,106
SYN-0007276,Emergency,62,2025-01-23T10:59,2025-01-23T12:22,2025-01-23T15:55,83,296
SYN-0007277,Cardiology,24,2025-04-13T15:50,2025-04-13T16:06,2025-04-13T17:07,16,77
SYN-0007278,Cardiology,69,2025-03-31T03:57,2025-03-31T04:56,2025-03-31T05:42,59,105
SYN-0007279,Orthopedics,50,2025-01-10T16:56,2025-01-10T18:40,2025-01-10T19:36,104,160
SYN-0007280,Orthopedics,87,2025-01-31T22:45,2025-02-01T00:25,2025-02-01T02:39,100,234
SYN-0007281,Emergency,31,2025-12-30T18:29,2025-12-30T21:36,2025-12-31T03:18,187,529
SYN-0007282,Orthopedics,52,2025-06-21T21:53,2025-06-21T22:02,2025-06-22T00:53,9,180
SYN-0007283,Imaging,90,2025-07-24T05:54,2025-07-24T06:40,2025-07-24T07:28,46,94
SYN-0007284,Orthopedics,93,2025-01-09T09:56,2025-01-09T10:04,2025-01-09T12:17,8,141
SYN-0007285,Orthopedics,70,2025-01-26T06:58,2025-01-26T08:49,2025-01-26T11:27,111,269
SYN-0007286,Cardiology,68,2025-09-05T22:19,2025-09-05T23:22,2025-09-06T01:14,63,175
SYN-0007287,Imaging,91,2025-09-11T16:30,2025-09-11T17:03,2025-09-11T18:27,33,117
SYN-0007288,Emergency,95,2025-04-14T03:40,2025-04-14T05:54,2025-04-14T08:36,134,296
SYN-0007289,Orthopedics,20,2025-04-15T04:25,2025-04-15T04:40,2025-04-15T06:28,15,123
SYN-0007290,Orthopedics,74,2025-11-27T19:29,2025-11-27T20:53,2025-11-27T22:54,84,205
SYN-0007291,Imaging,86,2025-05-19T17:49,2025-05-19T18:16,2025-05-19T19:11,27,82
SYN-0007292,Orthopedics,95,2025-10-12T09:05,2025-10-12T10:08,2025-10-12T12:21,63,196
SYN-0007293,Emergency,42,2025-09-09T12:14,2025-09-09T16:08,2025-09-09T21:45,234,571
SYN-0007294,Emergency,81,2025-07-28T00:48,2025-07-28T01:22,2025-07-28T05:12,34,264
SYN-0007295,Cardiology,78,2025-03-31T21:40,2025-03-31T22:52,2025-04-01T01:19,72,219
SYN-0007296,Orthopedics,92,2025-08-22T03:21,2025-08-22T04:52,2025-08-22T06:58,91,217
SYN-0007297,Emergency,34,2025-10-10T02:39,2025-10-10T03:23,2025-10-10T10:33,44,474
SYN-0007298,General Medicine,33,2025-03-03T18:01,2025-03-03T20:05,2025-03-03T22:14,124,253
SYN-0007299,Imaging,73,2025-10-18T13:20,2025-10-18T14:14,2025-10-18T14:46,54,86
SYN-0007300,Emergency,94,2025-08-13T14:24,2025-08-13T17:50,2025-08-13T19:57,206,333
SYN-0007301,General Medicine,88,2025-10-19T06:52,2025-10-19T07:34,2025-10-19T09:13,42,141
SYN-0007302,General Medicine,33,2025-02-03T11:25,2025-02-03T13:20,2025-02-03T15:53,115,268
SYN-0007303,Imaging,81,2025-04-25T14:47,2025-04-25T15:39,2025-04-25T16:42,52,115
SYN-0007304,Imaging,26,2025-04-26T03:38,2025-04-26T04:20,2025-04-26T04:40,42,62
SYN-0007305,Orthopedics,44,2025-04-07T05:15,2025-04-07T07:05,2025-04-07T09:42,110,267
SYN-0007306,Emergency,36,2025-08-23T16:24,2025-08-23T19:37,2025-08-23T21:22,193,298
SYN-0007307,Orthopedics,37,2025-09-05T17:28,2025-09-05T17:55,2025-09-05T19:16,27,108
SYN-0007308,Orthopedics,18,2025-01-25T15:30,2025-01-25T17:20,2025-01-25T19:29,110,239
SYN-0007309,General Medicine,94,2025-08-13T22:24,2025-08-13T23:56,2025-08-14T03:36,92,312
SYN-0007310,Imaging,31,2025-05-11T21:24,2025-05-11T21:37,2025-05-11T22:49,13,85
SYN-0007311,Orthopedics,37,2025-09-05T04:49,2025-09-05T06:42,2025-09-05T07:26,113,157
SYN-0007312,Emergency,60,2025-06-15T18:40,2025-06-15T21:30,2025-06-16T01:04,170,384
SYN-0007313,Cardiology,83,2025-03-28T16:08,2025-03-28T16:24,2025-03-28T17:57,16,109
SYN-0007314,Orthopedics,60,2025-01-13T03:07,2025-01-13T03:59,2025-01-13T06:14,52,187
SYN-0007315,General Medicine,49,2025-04-19T19:11,2025-04-19T20:19,2025-04-19T22:02,68,171
SYN-0007316,Cardiology,95,2025-01-05T19:50,2025-01-05T20:11,2025-01-05T21:27,21,97
SYN-0007317,Emergency,51,2025-07-17T05:45,2025-07-17T09:41,2025-07-17T11:26,236,341
SYN-0007318,Cardiology,53,2025-02-24T16:33,2025-02-24T16:51,2025-02-24T18:46,18,133
SYN-0007319,Emergency,83,2025-12-20T12:20,2025-12-20T15:56,2025-12-20T21:01,216,521
SYN-0007320,Cardiology,79,2025-12-06T00:32,2025-12-06T01:10,2025-12-06T02:45,38,133
SYN-0007321,General Medicine,23,2025-08-10T04:11,2025-08-10T06:40,2025-08-10T07:48,149,217
SYN-0007322,Cardiology,85,2025-11-07T23:50,2025-11-08T00:07,2025-11-08T01:21,17,91
SYN-0007323,Cardiology,80,2025-06-08T00:32,2025-06-08T01:06,2025-06-08T02:14,34,102
SYN-0007324,General Medicine,19,2025-03-21T09:46,2025-03-21T12:08,2025-03-21T12:58,142,192
SYN-0007325,Emergency,37,2025-10-06T19:04,2025-10-06T22:39,2025-10-07T04:57,215,593
SYN-0007326,Orthopedics,77,2025-09-08T08:24,2025-09-08T08:49,2025-09-08T11:03,25,159
SYN-0007327,General Medicine,60,2025-06-08T01:07,2025-06-08T03:08,2025-06-08T07:05,121,358
SYN-0007328,Orthopedics,54,2025-11-25T21:18,2025-11-25T22:27,2025-11-26T00:58,69,220
SYN-0007329,Orthopedics,45,2025-10-31T15:48,2025-10-31T17:43,2025-10-31T18:45,115,177
SYN-0007330,Orthopedics,43,2025-04-15T15:26,2025-04-15T16:35,2025-04-15T19:18,69,232
SYN-0007331,Imaging,55,2025-08-15T07:54,2025-08-15T08:18,2025-08-15T09:13,24,79
SYN-0007332,Cardiology,59,2025-05-28T12:40,2025-05-28T13:01,2025-05-28T15:08,21,148
SYN-0007333,Emergency,88,2025-05-16T20:28,2025-05-16T20:55,2025-05-17T01:23,27,295
SYN-0007334,Emergency,50,2025-07-01T16:49,2025-07-01T18:23,2025-07-01T19:16,94,147
SYN-0007335,Orthopedics,83,2025-05-16T22:36,2025-05-16T23:27,2025-05-17T00:55,51,139
SYN-0007336,Imaging,74,2025-07-10T18:42,2025-07-10T19:07,2025-07-10T19:22,25,40
SYN-0007337,Imaging,66,2025-10-04T11:34,2025-10-04T12:39,2025-10-04T13:49,65,135
SYN-0007338,Emergency,56,2025-12-27T13:16,2025-12-27T15:42,2025-12-27T17:17,146,241
SYN-0007339,Orthopedics,28,2025-11-22T07:27,2025-11-22T09:02,2025-11-22T11:40,95,253
SYN-0007340,Cardiology,44,2025-08-17T05:09,2025-08-17T05:21,2025-08-17T08:06,12,177
SYN-0007341,Emergency,67,2025-06-06T15:59,2025-06-06T19:04,2025-06-07T02:45,185,646
SYN-0007342,General Medicine,31,2025-05-19T01:11,2025-05-19T02:53,2025-05-19T05:57,102,286
SYN-0007343,Orthopedics,34,2025-10-16T10:54,2025-10-16T12:38,2025-10-16T13:42,104,168
SYN-0007344,Emergency,79,2025-01-26T02:20,2025-01-26T05:18,2025-01-26T11:23,178,543
SYN-0007345,Orthopedics,51,2025-07-07T02:04,2025-07-07T03:40,2025-07-07T04:31,96,147
SYN-0007346,Cardiology,67,2025-01-12T02:04,2025-01-12T02:09,2025-01-12T03:25,5,81
SYN-0007347,Emergency,36,2025-09-16T20:19,2025-09-16T21:40,2025-09-17T00:36,81,257
SYN-0007348,General Medicine,77,2025-09-14T16:51,2025-09-14T18:38,2025-09-14T20:26,107,215
SYN-0007349,Orthopedics,26,2025-06-05T11:46,2025-06-05T12:25,2025-06-05T13:47,39,121
SYN-0007350,General Medicine,64,2025-03-31T04:31,2025-03-31T06:43,2025-03-31T07:37,132,186
SYN-0007351,Cardiology,92,2025-07-21T10:24,2025-07-21T10:58,2025-07-21T12:45,34,141
SYN-0007352,Imaging,21,2025-12-07T08:27,2025-12-07T08:53,2025-12-07T10:03,26,96
SYN-0007353,Emergency,44,2025-02-03T06:48,2025-02-03T07:04,2025-02-03T13:58,16,430
SYN-0007354,Orthopedics,94,2025-08-08T13:34,2025-08-08T14:07,2025-08-08T15:52,33,138
SYN-0007355,General Medicine,88,2025-09-17T04:35,2025-09-17T06:52,2025-09-17T08:55,137,260
SYN-0007356,Imaging,78,2025-03-09T05:24,2025-03-09T05:37,2025-03-09T06:59,13,95
SYN-0007357,General Medicine,32,2025-04-06T06:29,2025-04-06T08:22,2025-04-06T09:05,113,156
SYN-0007358,Orthopedics,95,2025-12-30T11:07,2025-12-30T12:25,2025-12-30T13:34,78,147
SYN-0007359,Orthopedics,46,2025-11-15T06:57,2025-11-15T07:29,2025-11-15T09:55,32,178
SYN-0007360,General Medicine,92,2025-07-30T01:18,2025-07-30T02:00,2025-07-30T04:35,42,197
SYN-0007361,Emergency,38,2025-03-27T13:53,2025-03-27T14:56,2025-03-27T17:15,63,202
SYN-0007362,Cardiology,51,2025-08-23T02:29,2025-08-23T02:57,2025-08-23T04:40,28,131
SYN-0007363,General Medicine,55,2025-01-11T00:49,2025-01-11T01:09,2025-01-11T03:31,20,162
SYN-0007364,Imaging,85,2025-08-16T08:02,2025-08-16T08:33,2025-08-16T09:03,31,61
SYN-0007365,Cardiology,76,2025-08-14T11:35,2025-08-14T12:30,2025-08-14T15:13,55,218
SYN-0007366,Imaging,76,2025-01-05T15:27,2025-01-05T16:35,2025-01-05T17:22,68,115
SYN-0007367,Emergency,70,2025-10-08T08:17,2025-10-08T09:23,2025-10-08T13:19,66,302
SYN-0007368,Orthopedics,75,2025-01-03T17:13,2025-01-03T18:09,2025-01-03T18:42,56,89
SYN-0007369,Imaging,33,2025-04-23T14:47,2025-04-23T15:09,2025-04-23T15:44,22,57
SYN-0007370,Cardiology,92,2025-03-30T01:16,2025-03-30T02:43,2025-03-30T04:00,87,164
SYN-0007371,Cardiology,79,2025-05-01T04:09,2025-05-01T05:18,2025-05-01T07:49,69,220
SYN-0007372,General Medicine,35,2025-11-17T15:55,2025-11-17T17:11,2025-11-17T20:56,76,301
SYN-0007373,Imaging,43,2025-05-30T23:56,2025-05-31T00:34,2025-05-31T01:16,38,80
SYN-0007374,Emergency,93,2025-09-20T06:07,2025-09-20T07:33,2025-09-20T14:12,86,485
SYN-0007375,Imaging,69,2025-10-20T22:38,2025-10-20T23:04,2025-10-20T23:23,26,45
SYN-0007376,Imaging,47,2025-09-14T13:08,2025-09-14T13:17,2025-09-14T14:06,9,58
SYN-0007377,Emergency,51,2025-07-03T18:33,2025-07-03T19:29,2025-07-03T21:42,56,189
SYN-0007378,Cardiology,92,2025-07-21T18:58,2025-07-21T19:46,2025-07-21T22:44,48,226
SYN-0007379,General Medicine,73,2025-08-14T05:10,2025-08-14T05:43,2025-08-14T06:41,33,91
SYN-0007380,Orthopedics,41,2025-07-10T08:05,2025-07-10T08:22,2025-07-10T09:31,17,86
SYN-0007381,Emergency,48,2025-10-11T02:44,2025-10-11T03:01,2025-10-11T10:57,17,493
SYN-0007382,Imaging,57,2025-01-14T19:38,2025-01-14T19:54,2025-01-14T21:09,16,91
SYN-0007383,General Medicine,50,2025-10-01T23:42,2025-10-02T00:49,2025-10-02T04:41,67,299
SYN-0007384,General Medicine,61,2025-10-27T02:43,2025-10-27T03:17,2025-10-27T04:08,34,85
SYN-0007385,General Medicine,91,2025-09-29T01:55,2025-09-29T03:34,2025-09-29T05:36,99,221
SYN-0007386,Orthopedics,81,2025-06-29T16:09,2025-06-29T16:35,2025-06-29T17:23,26,74
SYN-0007387,General Medicine,70,2025-06-01T21:05,2025-06-01T22:05,2025-06-01T23:01,60,116
SYN-0007388,Cardiology,40,2025-12-28T13:44,2025-12-28T14:39,2025-12-28T16:50,55,186
SYN-0007389,Imaging,84,2025-11-08T10:04,2025-11-08T11:00,2025-11-08T12:14,56,130
SYN-0007390,Imaging,90,2025-09-24T14:11,2025-09-24T15:16,2025-09-24T16:33,65,142
SYN-0007391,Cardiology,44,2025-02-22T08:35,2025-02-22T09:26,2025-02-22T11:59,51,204
SYN-0007392,Orthopedics,94,2025-07-07T00:34,2025-07-07T00:50,2025-07-07T03:24,16,170
SYN-0007393,Emergency,89,2025-06-10T05:48,2025-06-10T08:27,2025-06-10T11:54,159,366
SYN-0007394,Emergency,40,2025-08-05T20:05,2025-08-05T22:35,2025-08-06T04:39,150,514
SYN-0007395,Imaging,43,2025-05-20T19:14,2025-05-20T20:21,2025-05-20T20:52,67,98
SYN-0007396,General Medicine,69,2025-12-23T19:31,2025-12-23T19:44,2025-12-23T23:07,13,216
SYN-0007397,Emergency,22,2025-01-21T01:47,2025-01-21T03:30,2025-01-21T11:23,103,576
SYN-0007398,Emergency,31,2025-06-13T01:42,2025-06-13T02:11,2025-06-13T03:22,29,100
SYN-0007399,Orthopedics,57,2025-01-01T03:53,2025-01-01T04:37,2025-01-01T07:21,44,208
SYN-0007400,Orthopedics,50,2025-10-28T12:25,2025-10-28T12:53,2025-10-28T14:13,28,108
SYN-0007401,Imaging,92,2025-07-10T10:53,2025-07-10T11:18,2025-07-10T11:42,25,49
SYN-0007402,General Medicine,85,2025-01-02T20:18,2025-01-02T20:31,2025-01-02T21:23,13,65
SYN-0007403,Imaging,76,2025-07-02T02:37,2025-07-02T02:54,2025-07-02T03:58,17,81
SYN-0007404,General Medicine,61,2025-03-07T05:13,2025-03-07T05:27,2025-03-07T07:16,14,123
SYN-0007405,Imaging,66,2025-01-20T11:41,2025-01-20T12:14,2025-01-20T13:36,33,115
SYN-0007406,Imaging,67,2025-06-18T07:55,2025-06-18T08:48,2025-06-18T10:02,53,127
SYN-0007407,Imaging,33,2025-10-15T04:42,2025-10-15T05:10,2025-10-15T05:29,28,47
SYN-0007408,Emergency,76,2025-05-22T00:39,2025-05-22T04:14,2025-05-22T06:16,215,337
SYN-0007409,Cardiology,40,2025-06-12T21:48,2025-06-12T22:48,2025-06-13T00:51,60,183
SYN-0007410,Emergency,90,2025-10-09T18:30,2025-10-09T20:13,2025-10-10T01:03,103,393
SYN-0007411,General Medicine,64,2025-07-14T09:25,2025-07-14T11:27,2025-07-14T12:37,122,192
SYN-0007412,General Medicine,64,2025-09-23T01:59,2025-09-23T04:09,2025-09-23T05:05,130,186
SYN-0007413,Imaging,77,2025-12-23T00:01,2025-12-23T00:31,2025-12-23T01:06,30,65
SYN-0007414,Emergency,57,2025-09-02T09:47,2025-09-02T10:27,2025-09-02T11:56,40,129
SYN-0007415,General Medicine,44,2025-12-30T11:03,2025-12-30T11:37,2025-12-30T14:06,34,183
SYN-0007416,Cardiology,83,2025-11-05T18:07,2025-11-05T19:04,2025-11-05T19:50,57,103
SYN-0007417,Orthopedics,26,2025-11-02T21:47,2025-11-02T22:44,2025-11-03T01:24,57,217
SYN-0007418,Emergency,95,2025-09-07T18:45,2025-09-07T22:08,2025-09-08T03:06,203,501
SYN-0007419,Imaging,66,2025-12-31T18:48,2025-12-31T19:18,2025-12-31T20:17,30,89
SYN-0007420,Imaging,70,2025-05-22T15:57,2025-05-22T16:39,2025-05-22T17:21,42,84
SYN-0007421,Orthopedics,39,2025-02-07T04:20,2025-02-07T04:59,2025-02-07T07:36,39,196
SYN-0007422,Imaging,68,2025-12-23T19:24,2025-12-23T19:54,2025-12-23T20:28,30,64
SYN-0007423,Imaging,51,2025-10-14T16:32,2025-10-14T17:31,2025-10-14T18:30,59,118
SYN-0007424,Orthopedics,67,2025-10-09T23:36,2025-10-10T00:47,2025-10-10T03:10,71,214
SYN-0007425,General Medicine,74,2025-07-13T00:34,2025-07-13T01:50,2025-07-13T05:49,76,315
SYN-0007426,Emergency,53,2025-06-23T18:04,2025-06-23T19:43,2025-06-23T23:14,99,310
SYN-0007427,Imaging,34,2025-01-27T06:31,2025-01-27T07:08,2025-01-27T08:03,37,92
SYN-0007428,Orthopedics,74,2025-06-25T17:40,2025-06-25T17:48,2025-06-25T19:51,8,131
SYN-0007429,Imaging,85,2025-07-18T17:09,2025-07-18T17:35,2025-07-18T17:50,26,41
SYN-0007430,General Medicine,51,2025-06-15T06:56,2025-06-15T08:47,2025-06-15T10:37,111,221
SYN-0007431,Orthopedics,74,2025-06-22T14:17,2025-06-22T16:14,2025-06-22T16:50,117,153
SYN-0007432,Orthopedics,79,2025-01-24T16:38,2025-01-24T17:18,2025-01-24T20:09,40,211
SYN-0007433,General Medicine,86,2025-06-17T04:03,2025-06-17T04:14,2025-06-17T06:19,11,136
SYN-0007434,Cardiology,92,2025-10-21T09:25,2025-10-21T09:55,2025-10-21T12:15,30,170
SYN-0007435,Cardiology,70,2025-06-30T08:25,2025-06-30T08:53,2025-06-30T10:08,28,103
SYN-0007436,General Medicine,53,2025-02-01T05:43,2025-02-01T07:30,2025-02-01T09:17,107,214
SYN-0007437,Emergency,44,2025-11-30T22:34,2025-12-01T00:45,2025-12-01T03:08,131,274
SYN-0007438,Emergency,29,2025-07-20T03:06,2025-07-20T06:41,2025-07-20T14:39,215,693
SYN-0007439,Orthopedics,40,2025-06-09T01:13,2025-06-09T01:18,2025-06-09T03:26,5,133
SYN-0007440,Orthopedics,31,2025-08-17T19:29,2025-08-17T21:21,2025-08-17T21:58,112,149
SYN-0007441,Emergency,70,2025-04-13T18:48,2025-04-13T22:23,2025-04-14T05:10,215,622
SYN-0007442,Orthopedics,92,2025-11-26T02:29,2025-11-26T03:40,2025-11-26T05:08,71,159
SYN-0007443,Imaging,68,2025-08-01T03:44,2025-08-01T04:15,2025-08-01T04:55,31,71
SYN-0007444,Imaging,68,2025-07-14T01:02,2025-07-14T01:42,2025-07-14T02:51,40,109
SYN-0007445,Imaging,35,2025-06-09T01:00,2025-06-09T01:09,2025-06-09T01:55,9,55
SYN-0007446,Imaging,51,2025-12-12T13:08,2025-12-12T13:38,2025-12-12T15:06,30,118
SYN-0007447,Emergency,24,2025-04-17T18:39,2025-04-17T20:14,2025-04-18T01:48,95,429
SYN-0007448,General Medicine,24,2025-02-20T20:07,2025-02-20T21:29,2025-02-21T01:28,82,321
SYN-0007449,Emergency,73,2025-12-23T05:58,2025-12-23T06:13,2025-12-23T08:14,15,136
SYN-0007450,Emergency,94,2025-03-22T05:26,2025-03-22T07:39,2025-03-22T15:00,133,574
SYN-0007451,Orthopedics,84,2025-08-06T17:55,2025-08-06T18:14,2025-08-06T20:24,19,149
SYN-0007452,Orthopedics,90,2025-12-13T10:47,2025-12-13T12:07,2025-12-13T14:35,80,228
SYN-0007453,Imaging,48,2025-05-23T22:48,2025-05-23T23:18,2025-05-24T00:39,30,111
SYN-0007454,Emergency,50,2025-07-11T22:29,2025-07-12T00:28,2025-07-12T01:42,119,193
SYN-0007455,Cardiology,52,2025-09-28T07:16,2025-09-28T08:02,2025-09-28T10:41,46,205
SYN-0007456,Imaging,61,2025-06-03T04:32,2025-06-03T05:44,2025-06-03T07:14,72,162
SYN-0007457,Emergency,70,2025-05-14T13:33,2025-05-14T17:09,2025-05-14T20:35,216,422
SYN-0007458,Emergency,21,2025-12-07T07:23,2025-12-07T08:20,2025-12-07T15:19,57,476
SYN-0007459,Imaging,73,2025-09-01T07:10,2025-09-01T08:22,2025-09-01T09:37,72,147
SYN-0007460,Imaging,87,2025-03-04T00:54,2025-03-04T01:06,2025-03-04T02:22,12,88
SYN-0007461,Emergency,48,2025-05-13T18:30,2025-05-13T19:20,2025-05-14T00:57,50,387
SYN-0007462,Imaging,34,2025-03-21T22:40,2025-03-21T22:57,2025-03-21T23:39,17,59
SYN-0007463,Cardiology,64,2025-07-04T15:10,2025-07-04T16:17,2025-07-04T19:00,67,230
SYN-0007464,General Medicine,44,2025-03-16T14:30,2025-03-16T16:53,2025-03-16T18:39,143,249
SYN-0007465,Cardiology,75,2025-12-31T11:43,2025-12-31T12:51,2025-12-31T15:21,68,218
SYN-0007466,Emergency,80,2025-01-09T12:36,2025-01-09T14:11,2025-01-09T20:36,95,480
SYN-0007467,General Medicine,69,2025-02-02T16:09,2025-02-02T16:35,2025-02-02T20:19,26,250
SYN-0007468,Orthopedics,52,2025-11-08T03:53,2025-11-08T04:13,2025-11-08T04:50,20,57
SYN-0007469,Emergency,85,2025-11-28T08:54,2025-11-28T11:10,2025-11-28T11:58,136,184
SYN-0007470,Cardiology,85,2025-11-18T09:27,2025-11-18T10:40,2025-11-18T12:42,73,195
SYN-0007471,Orthopedics,47,2025-01-08T17:46,2025-01-08T18:56,2025-01-08T20:16,70,150
SYN-0007472,Orthopedics,45,2025-12-03T17:43,2025-12-03T18:54,2025-12-03T20:53,71,190
SYN-0007473,Imaging,55,2025-01-06T06:30,2025-01-06T07:17,2025-01-06T08:08,47,98
SYN-0007474,Orthopedics,41,2025-12-15T22:46,2025-12-16T00:10,2025-12-16T01:13,84,147
SYN-0007475,General Medicine,42,2025-01-08T04:51,2025-01-08T05:15,2025-01-08T08:22,24,211
SYN-0007476,Emergency,67,2025-06-28T07:12,2025-06-28T11:03,2025-06-28T15:24,231,492
SYN-0007477,Orthopedics,81,2025-11-08T16:14,2025-11-08T16:50,2025-11-08T17:41,36,87
SYN-0007478,General Medicine,51,2025-07-14T09:48,2025-07-14T11:21,2025-07-14T15:02,93,314
SYN-0007479,Orthopedics,93,2025-08-18T16:54,2025-08-18T18:52,2025-08-18T19:32,118,158
SYN-0007480,Cardiology,22,2025-05-16T13:54,2025-05-16T14:02,2025-05-16T15:38,8,104
SYN-0007481,Imaging,61,2025-01-04T16:45,2025-01-04T17:37,2025-01-04T18:47,52,122
SYN-0007482,Cardiology,64,2025-04-01T10:30,2025-04-01T11:29,2025-04-01T12:27,59,117
SYN-0007483,Cardiology,95,2025-04-05T21:39,2025-04-05T22:10,2025-04-05T23:04,31,85
SYN-0007484,General Medicine,46,2025-05-23T14:26,2025-05-23T16:18,2025-05-23T18:25,112,239
SYN-0007485,Emergency,49,2025-05-01T05:53,2025-05-01T08:36,2025-05-01T16:07,163,614
SYN-0007486,Orthopedics,51,2025-09-14T18:33,2025-09-14T20:26,2025-09-14T22:38,113,245
SYN-0007487,Emergency,94,2025-11-17T12:28,2025-11-17T13:40,2025-11-17T14:25,72,117
SYN-0007488,General Medicine,53,2025-09-15T04:57,2025-09-15T05:37,2025-09-15T09:32,40,275
SYN-0007489,Emergency,44,2025-12-04T01:57,2025-12-04T05:32,2025-12-04T07:34,215,337
SYN-0007490,Cardiology,95,2025-04-17T07:00,2025-04-17T07:08,2025-04-17T08:23,8,83
SYN-0007491,Orthopedics,18,2025-08-26T15:31,2025-08-26T16:03,2025-08-26T16:56,32,85
SYN-0007492,Emergency,28,2025-05-26T23:36,2025-05-27T01:00,2025-05-27T02:35,84,179
SYN-0007493,General Medicine,67,2025-01-29T09:15,2025-01-29T10:00,2025-01-29T13:29,45,254
SYN-0007494,General Medicine,56,2025-02-10T09:20,2025-02-10T10:02,2025-02-10T13:58,42,278
SYN-0007495,General Medicine,90,2025-01-24T16:32,2025-01-24T17:13,2025-01-24T21:03,41,271
SYN-0007496,Cardiology,85,2025-08-05T12:04,2025-08-05T12:16,2025-08-05T14:29,12,145
SYN-0007497,Orthopedics,84,2025-06-08T09:20,2025-06-08T10:55,2025-06-08T13:19,95,239
SYN-0007498,Orthopedics,44,2025-11-22T13:07,2025-11-22T14:08,2025-11-22T16:42,61,215
SYN-0007499,General Medicine,52,2025-04-20T11:44,2025-04-20T14:08,2025-04-20T17:49,144,365
SYN-0007500,Orthopedics,85,2025-06-22T08:40,2025-06-22T10:06,2025-06-22T11:59,86,199
SYN-0007501,Emergency,86,2025-03-03T15:17,2025-03-03T17:02,2025-03-04T00:51,105,574
SYN-0007502,Cardiology,83,2025-05-17T17:56,2025-05-17T19:03,2025-05-17T20:25,67,149
SYN-0007503,Cardiology,93,2025-04-06T18:12,2025-04-06T19:12,2025-04-06T21:07,60,175
SYN-0007504,Orthopedics,41,2025-09-07T23:31,2025-09-08T01:27,2025-09-08T02:22,116,171
SYN-0007505,Orthopedics,85,2025-11-01T23:06,2025-11-01T23:57,2025-11-02T02:26,51,200
SYN-0007506,General Medicine,93,2025-09-04T10:48,2025-09-04T11:18,2025-09-04T13:14,30,146
SYN-0007507,Emergency,91,2025-04-01T05:53,2025-04-01T07:05,2025-04-01T08:02,72,129
SYN-0007508,Imaging,82,2025-07-10T15:19,2025-07-10T16:06,2025-07-10T16:59,47,100
SYN-0007509,Imaging,19,2025-09-04T13:11,2025-09-04T14:05,2025-09-04T14:33,54,82
SYN-0007510,Orthopedics,92,2025-07-25T03:29,2025-07-25T04:39,2025-07-25T07:30,70,241
SYN-0007511,Emergency,21,2025-08-25T21:43,2025-08-26T01:39,2025-08-26T08:14,236,631
SYN-0007512,General Medicine,54,2025-07-05T21:49,2025-07-05T22:33,2025-07-06T01:50,44,241
SYN-0007513,Imaging,60,2025-06-22T19:35,2025-06-22T20:17,2025-06-22T20:37,42,62
SYN-0007514,Emergency,94,2025-10-28T17:13,2025-10-28T19:16,2025-10-29T03:01,123,588
SYN-0007515,Orthopedics,65,2025-06-03T03:47,2025-06-03T04:36,2025-06-03T06:36,49,169
SYN-0007516,Orthopedics,25,2025-02-26T15:42,2025-02-26T16:52,2025-02-26T19:32,70,230
SYN-0007517,General Medicine,75,2025-04-22T01:53,2025-04-22T02:37,2025-04-22T05:56,44,243
SYN-0007518,Imaging,75,2025-11-22T12:22,2025-11-22T13:09,2025-11-22T14:02,47,100
SYN-0007519,Imaging,91,2025-09-28T22:59,2025-09-29T00:07,2025-09-29T00:56,68,117
SYN-0007520,Cardiology,34,2025-03-27T12:58,2025-03-27T13:50,2025-03-27T15:47,52,169
SYN-0007521,Cardiology,54,2025-04-19T01:12,2025-04-19T02:22,2025-04-19T05:01,70,229
SYN-0007522,General Medicine,22,2025-12-09T04:44,2025-12-09T05:57,2025-12-09T08:30,73,226
SYN-0007523,Emergency,60,2025-07-27T13:08,2025-07-27T15:24,2025-07-27T16:25,136,197
SYN-0007524,Orthopedics,90,2025-08-15T03:04,2025-08-15T04:25,2025-08-15T06:07,81,183
SYN-0007525,Imaging,73,2025-03-18T20:08,2025-03-18T21:12,2025-03-18T22:00,64,112
SYN-0007526,Imaging,71,2025-09-06T05:59,2025-09-06T06:20,2025-09-06T07:00,21,61
SYN-0007527,Imaging,64,2025-08-29T05:16,2025-08-29T05:36,2025-08-29T06:10,20,54
SYN-0007528,General Medicine,39,2025-01-22T18:03,2025-01-22T19:09,2025-01-22T21:06,66,183
SYN-0007529,Imaging,20,2025-07-11T21:07,2025-07-11T22:07,2025-07-11T23:19,60,132
SYN-0007530,Imaging,37,2025-04-23T18:27,2025-04-23T19:10,2025-04-23T19:40,43,73
SYN-0007531,Imaging,64,2025-10-17T07:20,2025-10-17T07:43,2025-10-17T08:59,23,99
SYN-0007532,Cardiology,32,2025-09-25T20:05,2025-09-25T20:18,2025-09-25T22:15,13,130
SYN-0007533,Cardiology,24,2025-12-28T11:51,2025-12-28T12:31,2025-12-28T13:42,40,111
SYN-0007534,Emergency,61,2025-09-23T10:44,2025-09-23T12:20,2025-09-23T15:14,96,270
SYN-0007535,General Medicine,63,2025-07-31T00:26,2025-07-31T01:37,2025-07-31T05:29,71,303
SYN-0007536,Orthopedics,73,2025-09-22T17:09,2025-09-22T18:33,2025-09-22T20:29,84,200
SYN-0007537,Cardiology,44,2025-06-06T07:58,2025-06-06T08:18,2025-06-06T10:51,20,173
SYN-0007538,Orthopedics,71,2025-10-29T21:52,2025-10-29T23:38,2025-10-30T02:11,106,259
SYN-0007539,General Medicine,18,2025-09-17T07:40,2025-09-17T08:03,2025-09-17T10:56,23,196
SYN-0007540,Orthopedics,21,2025-03-08T17:50,2025-03-08T19:37,2025-03-08T22:35,107,285
SYN-0007541,General Medicine,55,2025-02-07T00:03,2025-02-07T01:59,2025-02-07T05:43,116,340
SYN-0007542,Cardiology,65,2025-03-06T15:47,2025-03-06T16:02,2025-03-06T18:48,15,181
SYN-0007543,Orthopedics,38,2025-08-22T18:55,2025-08-22T20:27,2025-08-22T22:57,92,242
SYN-0007544,Emergency,92,2025-11-29T15:00,2025-11-29T17:50,2025-11-30T00:27,170,567
SYN-0007545,Cardiology,23,2025-10-07T09:54,2025-10-07T10:27,2025-10-07T12:52,33,178
SYN-0007546,General Medicine,22,2025-11-03T00:07,2025-11-03T01:19,2025-11-03T02:06,72,119
SYN-0007547,General Medicine,21,2025-09-13T01:14,2025-09-13T03:36,2025-09-13T06:15,142,301
SYN-0007548,Emergency,88,2025-09-28T17:46,2025-09-28T18:04,2025-09-28T21:42,18,236
SYN-0007549,Cardiology,31,2025-03-09T14:24,2025-03-09T15:45,2025-03-09T16:50,81,146
SYN-0007550,Orthopedics,23,2025-05-07T03:05,2025-05-07T04:57,2025-05-07T06:19,112,194
SYN-0007551,Cardiology,22,2025-02-05T07:22,2025-02-05T08:18,2025-02-05T10:15,56,173
SYN-0007552,General Medicine,45,2025-06-22T20:14,2025-06-22T21:12,2025-06-23T00:37,58,263
SYN-0007553,General Medicine,93,2025-12-30T22:11,2025-12-31T00:11,2025-12-31T01:43,120,212
SYN-0007554,Emergency,87,2025-06-21T23:57,2025-06-22T00:54,2025-06-22T01:25,57,88
SYN-0007555,General Medicine,26,2025-05-04T11:16,2025-05-04T13:20,2025-05-04T16:02,124,286
SYN-0007556,General Medicine,85,2025-06-03T19:56,2025-06-03T22:22,2025-06-04T01:29,146,333
SYN-0007557,Orthopedics,70,2025-03-14T08:05,2025-03-14T08:46,2025-03-14T11:11,41,186
SYN-0007558,Imaging,52,2025-06-30T22:15,2025-06-30T23:15,2025-07-01T00:21,60,126
SYN-0007559,Cardiology,83,2025-08-06T17:00,2025-08-06T17:06,2025-08-06T18:50,6,110
SYN-0007560,Emergency,69,2025-05-16T16:39,2025-05-16T17:36,2025-05-16T20:36,57,237
SYN-0007561,Imaging,37,2025-07-22T12:02,2025-07-22T12:44,2025-07-22T14:00,42,118
SYN-0007562,Imaging,50,2025-01-22T20:02,2025-01-22T20:46,2025-01-22T21:36,44,94
SYN-0007563,Imaging,94,2025-12-27T09:05,2025-12-27T09:34,2025-12-27T10:10,29,65
SYN-0007564,Imaging,94,2025-11-19T02:30,2025-11-19T03:27,2025-11-19T04:12,57,102
SYN-0007565,Orthopedics,74,2025-12-12T10:14,2025-12-12T11:25,2025-12-12T12:18,71,124
SYN-0007566,Orthopedics,57,2025-05-03T21:22,2025-05-03T22:01,2025-05-04T00:56,39,214
SYN-0007567,Imaging,57,2025-03-06T07:21,2025-03-06T08:33,2025-03-06T09:45,72,144
SYN-0007568,Orthopedics,49,2025-09-01T21:50,2025-09-01T22:44,2025-09-02T00:09,54,139
SYN-0007569,Emergency,73,2025-08-29T12:04,2025-08-29T15:41,2025-08-29T18:58,217,414
SYN-0007570,Imaging,53,2025-05-23T17:04,2025-05-23T17:48,2025-05-23T18:21,44,77
SYN-0007571,Emergency,92,2025-10-03T20:57,2025-10-03T21:46,2025-10-04T03:36,49,399
SYN-0007572,Emergency,52,2025-10-01T02:08,2025-10-01T05:54,2025-10-01T11:08,226,540
SYN-0007573,General Medicine,84,2025-11-01T14:18,2025-11-01T16:07,2025-11-01T18:16,109,238
SYN-0007574,Emergency,35,2025-05-13T13:45,2025-05-13T17:44,2025-05-13T19:16,239,331
SYN-0007575,General Medicine,52,2025-04-10T07:48,2025-04-10T08:35,2025-04-10T10:07,47,139
SYN-0007576,Imaging,24,2025-05-16T06:01,2025-05-16T07:08,2025-05-16T07:40,67,99
SYN-0007577,Cardiology,80,2025-06-17T18:35,2025-06-17T19:39,2025-06-17T21:17,64,162
SYN-0007578,General Medicine,26,2025-10-09T15:55,2025-10-09T17:14,2025-10-09T17:57,79,122
SYN-0007579,Cardiology,56,2025-12-25T05:16,2025-12-25T06:26,2025-12-25T08:56,70,220
SYN-0007580,General Medicine,24,2025-06-28T02:49,2025-06-28T04:22,2025-06-28T06:58,93,249
SYN-0007581,Orthopedics,92,2025-08-27T17:44,2025-08-27T19:29,2025-08-27T21:23,105,219
SYN-0007582,Imaging,65,2025-10-18T19:55,2025-10-18T20:41,2025-10-18T21:53,46,118
SYN-0007583,Imaging,24,2025-01-02T13:12,2025-01-02T14:21,2025-01-02T15:25,69,133
SYN-0007584,Orthopedics,68,2025-04-06T22:45,2025-04-06T23:33,2025-04-07T00:20,48,95
SYN-0007585,Imaging,95,2025-07-06T00:16,2025-07-06T01:15,2025-07-06T02:03,59,107
SYN-0007586,Orthopedics,39,2025-06-13T06:01,2025-06-13T06:33,2025-06-13T08:49,32,168
SYN-0007587,Imaging,31,2025-10-27T08:15,2025-10-27T08:24,2025-10-27T09:26,9,71
SYN-0007588,Orthopedics,50,2025-05-21T10:52,2025-05-21T11:52,2025-05-21T13:52,60,180
SYN-0007589,Orthopedics,55,2025-02-14T17:56,2025-02-14T18:23,2025-02-14T19:03,27,67
SYN-0007590,Cardiology,74,2025-11-11T01:24,2025-11-11T01:40,2025-11-11T04:35,16,191
SYN-0007591,Orthopedics,35,2025-09-26T10:46,2025-09-26T11:49,2025-09-26T12:44,63,118
SYN-0007592,Emergency,91,2025-03-02T07:25,2025-03-02T08:38,2025-03-02T11:54,73,269
SYN-0007593,Emergency,20,2025-09-11T02:46,2025-09-11T05:22,2025-09-11T10:22,156,456
SYN-0007594,Orthopedics,48,2025-03-15T18:01,2025-03-15T18:58,2025-03-15T21:03,57,182
SYN-0007595,Cardiology,87,2025-02-06T03:54,2025-02-06T04:39,2025-02-06T06:45,45,171
SYN-0007596,Emergency,41,2025-05-17T13:26,2025-05-17T16:16,2025-05-17T19:00,170,334
SYN-0007597,Cardiology,72,2025-12-13T11:05,2025-12-13T12:22,2025-12-13T15:15,77,250
SYN-0007598,Imaging,93,2025-12-23T18:49,2025-12-23T19:20,2025-12-23T19:58,31,69
SYN-0007599,Emergency,44,2025-04-04T19:56,2025-04-04T23:25,2025-04-05T02:17,209,381
SYN-0007600,Cardiology,69,2025-01-02T03:19,2025-01-02T04:34,2025-01-02T05:43,75,144
SYN-0007601,Emergency,80,2025-02-26T09:01,2025-02-26T12:21,2025-02-26T19:40,200,639
SYN-0007602,Emergency,34,2025-04-21T00:41,2025-04-21T01:00,2025-04-21T04:36,19,235
SYN-0007603,General Medicine,62,2025-07-14T14:54,2025-07-14T15:24,2025-07-14T18:09,30,195
SYN-0007604,Imaging,64,2025-10-23T22:51,2025-10-23T23:33,2025-10-24T01:02,42,131
SYN-0007605,General Medicine,78,2025-04-07T15:11,2025-04-07T15:26,2025-04-07T17:21,15,130
SYN-0007606,Emergency,72,2025-09-13T20:14,2025-09-13T23:24,2025-09-14T01:26,190,312
SYN-0007607,Emergency,45,2025-07-31T02:55,2025-07-31T03:33,2025-07-31T10:53,38,478
SYN-0007608,Orthopedics,23,2025-05-22T01:51,2025-05-22T03:51,2025-05-22T06:29,120,278
SYN-0007609,Orthopedics,79,2025-12-19T10:09,2025-12-19T12:05,2025-12-19T12:36,116,147
SYN-0007610,Orthopedics,72,2025-01-30T05:38,2025-01-30T05:58,2025-01-30T07:24,20,106
SYN-0007611,Emergency,35,2025-04-22T12:21,2025-04-22T12:33,2025-04-22T18:07,12,346
SYN-0007612,Emergency,54,2025-11-28T21:14,2025-11-28T23:06,2025-11-29T04:17,112,423
SYN-0007613,Orthopedics,32,2025-12-01T21:21,2025-12-01T23:08,2025-12-02T00:29,107,188
SYN-0007614,Orthopedics,23,2025-04-23T20:46,2025-04-23T21:48,2025-04-23T23:19,62,153
SYN-0007615,Orthopedics,74,2025-04-02T22:32,2025-04-02T23:08,2025-04-02T23:59,36,87
SYN-0007616,Orthopedics,70,2025-05-11T19:00,2025-05-11T19:36,2025-05-11T20:28,36,88
SYN-0007617,Imaging,23,2025-10-17T22:03,2025-10-17T23:00,2025-10-17T23:59,57,116
SYN-0007618,Cardiology,29,2025-10-20T12:19,2025-10-20T12:52,2025-10-20T14:28,33,129
SYN-0007619,Imaging,71,2025-01-17T03:27,2025-01-17T04:17,2025-01-17T05:15,50,108
SYN-0007620,Cardiology,60,2025-08-26T06:52,2025-08-26T07:29,2025-08-26T10:10,37,198
SYN-0007621,Orthopedics,35,2025-11-29T16:57,2025-11-29T17:21,2025-11-29T19:38,24,161
SYN-0007622,Emergency,78,2025-10-23T01:04,2025-10-23T04:06,2025-10-23T06:39,182,335
SYN-0007623,Emergency,32,2025-08-17T17:02,2025-08-17T17:48,2025-08-17T22:10,46,308
SYN-0007624,Emergency,88,2025-11-14T22:32,2025-11-14T22:43,2025-11-15T02:15,11,223
SYN-0007625,Imaging,58,2025-01-02T23:53,2025-01-03T00:03,2025-01-03T01:12,10,79
SYN-0007626,Imaging,28,2025-05-10T11:49,2025-05-10T12:03,2025-05-10T12:27,14,38
SYN-0007627,General Medicine,94,2025-11-27T07:56,2025-11-27T08:29,2025-11-27T10:37,33,161
SYN-0007628,Cardiology,42,2025-09-23T18:24,2025-09-23T18:52,2025-09-23T20:38,28,134
SYN-0007629,General Medicine,20,2025-06-18T11:04,2025-06-18T12:12,2025-06-18T15:56,68,292
SYN-0007630,Orthopedics,92,2025-07-25T06:08,2025-07-25T06:47,2025-07-25T09:32,39,204
SYN-0007631,Orthopedics,78,2025-08-29T21:58,2025-08-29T22:13,2025-08-30T00:30,15,152
SYN-0007632,Emergency,42,2025-08-05T02:57,2025-08-05T06:56,2025-08-05T11:12,239,495
SYN-0007633,Cardiology,22,2025-06-15T10:38,2025-06-15T10:56,2025-06-15T13:56,18,198
SYN-0007634,Cardiology,51,2025-10-16T07:38,2025-10-16T08:17,2025-10-16T09:47,39,129
SYN-0007635,Imaging,32,2025-08-29T23:12,2025-08-30T00:24,2025-08-30T01:21,72,129
SYN-0007636,General Medicine,56,2025-01-26T03:18,2025-01-26T03:34,2025-01-26T04:40,16,82
SYN-0007637,Emergency,59,2025-02-17T04:20,2025-02-17T08:09,2025-02-17T15:15,229,655
SYN-0007638,Orthopedics,58,2025-01-24T20:49,2025-01-24T22:03,2025-01-25T00:42,74,233
SYN-0007639,Emergency,42,2025-06-11T04:30,2025-06-11T04:52,2025-06-11T10:32,22,362
SYN-0007640,Orthopedics,46,2025-06-30T10:50,2025-06-30T11:45,2025-06-30T13:48,55,178
SYN-0007641,Imaging,58,2025-01-05T17:49,2025-01-05T18:19,2025-01-05T19:04,30,75
SYN-0007642,Imaging,77,2025-05-21T21:47,2025-05-21T22:39,2025-05-21T23:32,52,105
SYN-0007643,Emergency,33,2025-07-25T04:57,2025-07-25T05:07,2025-07-25T10:32,10,335
SYN-0007644,Imaging,75,2025-11-25T06:57,2025-11-25T07:35,2025-11-25T08:19,38,82
SYN-0007645,Emergency,30,2025-04-17T20:09,2025-04-17T23:02,2025-04-18T05:03,173,534
SYN-0007646,Imaging,25,2025-11-18T00:10,2025-11-18T00:16,2025-11-18T01:05,6,55
SYN-0007647,Emergency,39,2025-09-06T07:33,2025-09-06T11:12,2025-09-06T13:16,219,343
SYN-0007648,General Medicine,29,2025-12-09T18:05,2025-12-09T19:12,2025-12-09T20:36,67,151
SYN-0007649,Imaging,85,2025-10-05T04:54,2025-10-05T06:08,2025-10-05T07:10,74,136
SYN-0007650,Emergency,65,2025-11-20T15:19,2025-11-20T17:25,2025-11-20T21:08,126,349
SYN-0007651,Emergency,81,2025-03-10T17:39,2025-03-10T19:19,2025-03-11T00:58,100,439
SYN-0007652,Cardiology,26,2025-01-23T05:29,2025-01-23T06:46,2025-01-23T08:32,77,183
SYN-0007653,Emergency,93,2025-09-22T09:20,2025-09-22T12:25,2025-09-22T15:52,185,392
SYN-0007654,Emergency,49,2025-05-18T18:35,2025-05-18T22:03,2025-05-19T01:46,208,431
SYN-0007655,Emergency,66,2025-06-04T06:54,2025-06-04T09:08,2025-06-04T14:39,134,465
SYN-0007656,Orthopedics,84,2025-01-21T08:06,2025-01-21T09:33,2025-01-21T12:10,87,244
SYN-0007657,General Medicine,23,2025-08-07T10:29,2025-08-07T11:44,2025-08-07T15:19,75,290
SYN-0007658,Imaging,37,2025-09-16T11:04,2025-09-16T11:53,2025-09-16T12:45,49,101
SYN-0007659,Orthopedics,77,2025-09-26T09:53,2025-09-26T11:11,2025-09-26T12:32,78,159
SYN-0007660,Emergency,65,2025-10-06T07:23,2025-10-06T10:22,2025-10-06T15:06,179,463
SYN-0007661,Emergency,41,2025-10-13T09:57,2025-10-13T12:34,2025-10-13T15:17,157,320
SYN-0007662,Emergency,72,2025-08-22T06:18,2025-08-22T08:28,2025-08-22T13:33,130,435
SYN-0007663,Cardiology,32,2025-11-24T19:14,2025-11-24T20:42,2025-11-24T22:13,88,179
SYN-0007664,General Medicine,34,2025-01-19T23:35,2025-01-20T00:25,2025-01-20T02:40,50,185
SYN-0007665,Imaging,83,2025-11-14T13:34,2025-11-14T13:47,2025-11-14T14:17,13,43
SYN-0007666,Emergency,95,2025-01-20T05:11,2025-01-20T08:30,2025-01-20T10:00,199,289
SYN-0007667,Cardiology,93,2025-02-19T12:26,2025-02-19T13:26,2025-02-19T14:11,60,105
SYN-0007668,Orthopedics,89,2025-01-03T12:57,2025-01-03T14:50,2025-01-03T17:46,113,289
SYN-0007669,Emergency,24,2025-02-05T15:36,2025-02-05T18:33,2025-02-05T23:02,177,446
SYN-0007670,Cardiology,39,2025-10-23T19:08,2025-10-23T19:30,2025-10-23T22:22,22,194
SYN-0007671,General Medicine,77,2025-12-03T07:06,2025-12-03T07:22,2025-12-03T09:20,16,134
SYN-0007672,Imaging,53,2025-03-03T14:57,2025-03-03T16:05,2025-03-03T16:26,68,89
SYN-0007673,General Medicine,82,2025-10-08T20:32,2025-10-08T22:40,2025-10-08T23:44,128,192
SYN-0007674,Cardiology,72,2025-09-02T13:25,2025-09-02T13:42,2025-09-02T14:53,17,88
SYN-0007675,General Medicine,21,2025-11-13T00:56,2025-11-13T02:48,2025-11-13T04:36,112,220
SYN-0007676,Imaging,94,2025-08-20T12:18,2025-08-20T13:20,2025-08-20T14:00,62,102
SYN-0007677,Orthopedics,93,2025-03-23T14:32,2025-03-23T15:26,2025-03-23T18:20,54,228
SYN-0007678,Cardiology,33,2025-09-15T20:21,2025-09-15T20:45,2025-09-15T21:39,24,78
SYN-0007679,Cardiology,90,2025-06-24T21:04,2025-06-24T21:56,2025-06-25T00:23,52,199
SYN-0007680,Imaging,63,2025-05-08T05:14,2025-05-08T05:55,2025-05-08T07:17,41,123
SYN-0007681,Emergency,31,2025-09-17T21:42,2025-09-17T22:04,2025-09-18T02:47,22,305
SYN-0007682,Imaging,78,2025-10-30T23:16,2025-10-31T00:20,2025-10-31T01:09,64,113
SYN-0007683,Cardiology,32,2025-04-06T04:27,2025-04-06T05:18,2025-04-06T06:33,51,126
SYN-0007684,Imaging,54,2025-11-24T03:38,2025-11-24T04:46,2025-11-24T05:34,68,116
SYN-0007685,Imaging,60,2025-09-30T04:54,2025-09-30T05:56,2025-09-30T06:41,62,107
SYN-0007686,General Medicine,65,2025-06-21T06:21,2025-06-21T07:49,2025-06-21T09:14,88,173
SYN-0007687,Imaging,62,2025-05-10T05:03,2025-05-10T06:08,2025-05-10T06:38,65,95
SYN-0007688,Cardiology,25,2025-05-26T17:49,2025-05-26T17:58,2025-05-26T19:03,9,74
SYN-0007689,Imaging,37,2025-03-31T15:07,2025-03-31T15:44,2025-03-31T16:53,37,106
SYN-0007690,Imaging,90,2025-03-06T20:12,2025-03-06T21:19,2025-03-06T21:48,67,96
SYN-0007691,Imaging,48,2025-09-27T02:32,2025-09-27T03:01,2025-09-27T03:42,29,70
SYN-0007692,Emergency,49,2025-02-25T13:28,2025-02-25T14:32,2025-02-25T20:23,64,415
SYN-0007693,General Medicine,23,2025-06-07T19:58,2025-06-07T22:10,2025-06-08T01:02,132,304
SYN-0007694,Orthopedics,83,2025-04-07T13:26,2025-04-07T14:53,2025-04-07T17:03,87,217
SYN-0007695,Imaging,60,2025-06-21T10:17,2025-06-21T11:09,2025-06-21T11:53,52,96
SYN-0007696,Orthopedics,24,2025-05-06T00:03,2025-05-06T00:30,2025-05-06T02:48,27,165
SYN-0007697,Cardiology,50,2025-12-24T12:08,2025-12-24T13:29,2025-12-24T15:24,81,196
SYN-0007698,Imaging,41,2025-03-24T19:41,2025-03-24T20:50,2025-03-24T21:20,69,99
SYN-0007699,General Medicine,55,2025-05-24T10:15,2025-05-24T11:05,2025-05-24T13:18,50,183
SYN-0007700,Orthopedics,91,2025-06-18T00:47,2025-06-18T01:07,2025-06-18T03:32,20,165
SYN-0007701,Cardiology,28,2025-06-10T22:44,2025-06-10T23:05,2025-06-11T00:25,21,101
SYN-0007702,Imaging,60,2025-11-11T05:02,2025-11-11T06:05,2025-11-11T07:25,63,143
SYN-0007703,Emergency,74,2025-07-21T15:13,2025-07-21T18:46,2025-07-21T21:21,213,368
SYN-0007704,Orthopedics,59,2025-08-19T07:08,2025-08-19T09:00,2025-08-19T09:44,112,156
SYN-0007705,Imaging,76,2025-02-27T10:29,2025-02-27T11:37,2025-02-27T12:53,68,144
SYN-0007706,Orthopedics,56,2025-04-02T09:57,2025-04-02T10:28,2025-04-02T11:16,31,79
SYN-0007707,Cardiology,62,2025-05-31T07:01,2025-05-31T07:44,2025-05-31T09:50,43,169
SYN-0007708,Cardiology,60,2025-02-20T00:47,2025-02-20T01:56,2025-02-20T03:00,69,133
SYN-0007709,Imaging,76,2025-04-13T11:18,2025-04-13T12:08,2025-04-13T12:27,50,69
SYN-0007710,Cardiology,42,2025-01-26T05:22,2025-01-26T05:33,2025-01-26T07:27,11,125
SYN-0007711,Imaging,71,2025-09-14T13:33,2025-09-14T14:25,2025-09-14T15:37,52,124
SYN-0007712,Cardiology,43,2025-05-24T12:12,2025-05-24T13:35,2025-05-24T15:25,83,193
SYN-0007713,General Medicine,76,2025-10-02T22:28,2025-10-02T23:03,2025-10-03T01:17,35,169
SYN-0007714,Emergency,59,2025-08-18T16:25,2025-08-18T20:01,2025-08-19T00:57,216,512
SYN-0007715,Emergency,47,2025-07-18T06:22,2025-07-18T08:14,2025-07-18T13:37,112,435
SYN-0007716,General Medicine,25,2025-03-19T07:11,2025-03-19T08:30,2025-03-19T10:08,79,177
SYN-0007717,Emergency,80,2025-04-17T05:54,2025-04-17T06:08,2025-04-17T09:11,14,197
SYN-0007718,General Medicine,62,2025-05-21T12:04,2025-05-21T14:15,2025-05-21T15:51,131,227
SYN-0007719,Orthopedics,32,2025-04-20T09:52,2025-04-20T11:44,2025-04-20T14:43,112,291
SYN-0007720,Emergency,82,2025-02-21T16:52,2025-02-21T17:29,2025-02-22T01:14,37,502
SYN-0007721,General Medicine,45,2025-03-24T17:43,2025-03-24T19:39,2025-03-24T22:45,116,302
SYN-0007722,Cardiology,75,2025-09-27T05:10,2025-09-27T06:35,2025-09-27T08:22,85,192
SYN-0007723,Orthopedics,82,2025-08-12T07:43,2025-08-12T08:14,2025-08-12T10:59,31,196
SYN-0007724,Emergency,81,2025-08-25T14:55,2025-08-25T15:30,2025-08-25T16:45,35,110
SYN-0007725,Emergency,76,2025-08-07T03:19,2025-08-07T07:07,2025-08-07T09:13,228,354
SYN-0007726,Orthopedics,70,2025-03-09T08:42,2025-03-09T09:37,2025-03-09T10:20,55,98
SYN-0007727,Orthopedics,41,2025-10-07T20:58,2025-10-07T22:50,2025-10-08T00:01,112,183
SYN-0007728,Orthopedics,54,2025-08-24T10:40,2025-08-24T12:31,2025-08-24T14:26,111,226
SYN-0007729,Imaging,33,2025-05-10T12:28,2025-05-10T12:53,2025-05-10T13:08,25,40
SYN-0007730,Cardiology,39,2025-10-11T13:01,2025-10-11T13:49,2025-10-11T15:38,48,157
SYN-0007731,Cardiology,18,2025-07-27T03:50,2025-07-27T05:19,2025-07-27T07:07,89,197
SYN-0007732,Imaging,55,2025-06-29T05:15,2025-06-29T05:30,2025-06-29T06:41,15,86
SYN-0007733,Cardiology,25,2025-10-06T21:50,2025-10-06T22:30,2025-10-07T00:53,40,183
SYN-0007734,General Medicine,24,2025-12-10T21:46,2025-12-10T23:23,2025-12-11T00:59,97,193
SYN-0007735,Emergency,91,2025-07-01T22:11,2025-07-02T00:07,2025-07-02T01:02,116,171
SYN-0007736,General Medicine,91,2025-11-18T11:43,2025-11-18T12:12,2025-11-18T12:55,29,72
SYN-0007737,Orthopedics,61,2025-05-19T06:29,2025-05-19T06:47,2025-05-19T08:57,18,148
SYN-0007738,Cardiology,40,2025-03-04T04:36,2025-03-04T04:50,2025-03-04T06:41,14,125
SYN-0007739,Emergency,31,2025-07-31T22:43,2025-07-31T23:36,2025-08-01T01:30,53,167
SYN-0007740,Imaging,67,2025-02-19T01:27,2025-02-19T02:15,2025-02-19T03:21,48,114
SYN-0007741,General Medicine,73,2025-09-03T17:06,2025-09-03T17:26,2025-09-03T20:31,20,205
SYN-0007742,Orthopedics,52,2025-09-02T12:06,2025-09-02T13:36,2025-09-02T14:27,90,141
SYN-0007743,Emergency,73,2025-05-24T11:51,2025-05-24T12:50,2025-05-24T15:11,59,200
SYN-0007744,Imaging,84,2025-04-13T07:02,2025-04-13T07:53,2025-04-13T08:09,51,67
SYN-0007745,Orthopedics,73,2025-08-28T09:08,2025-08-28T10:29,2025-08-28T11:16,81,128
SYN-0007746,Orthopedics,30,2025-11-16T20:21,2025-11-16T21:36,2025-11-16T22:35,75,134
SYN-0007747,Orthopedics,90,2025-05-05T02:34,2025-05-05T04:12,2025-05-05T06:43,98,249
SYN-0007748,Emergency,56,2025-05-10T09:10,2025-05-10T12:20,2025-05-10T15:38,190,388
SYN-0007749,General Medicine,92,2025-03-04T08:44,2025-03-04T09:39,2025-03-04T10:52,55,128
SYN-0007750,Emergency,54,2025-03-16T17:50,2025-03-16T20:44,2025-03-17T03:05,174,555
SYN-0007751,Cardiology,55,2025-03-24T05:07,2025-03-24T06:25,2025-03-24T08:19,78,192
SYN-0007752,Emergency,45,2025-03-03T05:35,2025-03-03T06:57,2025-03-03T07:30,82,115
SYN-0007753,General Medicine,91,2025-10-16T22:05,2025-10-16T23:47,2025-10-17T03:14,102,309
SYN-0007754,General Medicine,54,2025-03-30T02:34,2025-03-30T03:32,2025-03-30T06:30,58,236
SYN-0007755,Cardiology,18,2025-04-23T00:28,2025-04-23T01:25,2025-04-23T03:32,57,184
SYN-0007756,Emergency,31,2025-01-23T05:31,2025-01-23T09:13,2025-01-23T11:06,222,335
SYN-0007757,Imaging,24,2025-04-21T18:57,2025-04-21T19:40,2025-04-21T20:00,43,63
SYN-0007758,General Medicine,57,2025-08-09T10:31,2025-08-09T12:50,2025-08-09T16:05,139,334
SYN-0007759,Imaging,69,2025-10-12T17:17,2025-10-12T18:26,2025-10-12T19:46,69,149
SYN-0007760,Orthopedics,87,2025-02-23T23:02,2025-02-24T00:26,2025-02-24T02:12,84,190
SYN-0007761,Cardiology,49,2025-04-01T17:58,2025-04-01T19:02,2025-04-01T20:34,64,156
SYN-0007762,Imaging,71,2025-03-16T02:45,2025-03-16T03:48,2025-03-16T04:44,63,119
SYN-0007763,Orthopedics,58,2025-04-01T02:45,2025-04-01T03:24,2025-04-01T06:21,39,216
SYN-0007764,Cardiology,30,2025-01-19T12:32,2025-01-19T12:56,2025-01-19T14:10,24,98
SYN-0007765,Emergency,35,2025-08-18T02:49,2025-08-18T03:47,2025-08-18T04:48,58,119
SYN-0007766,Cardiology,86,2025-10-21T04:40,2025-10-21T04:58,2025-10-21T07:14,18,154
SYN-0007767,Cardiology,87,2025-05-14T06:41,2025-05-14T07:16,2025-05-14T09:15,35,154
SYN-0007768,Orthopedics,36,2025-04-02T07:14,2025-04-02T08:50,2025-04-02T09:23,96,129
SYN-0007769,Orthopedics,79,2025-10-14T05:19,2025-10-14T06:14,2025-10-14T07:28,55,129
SYN-0007770,Emergency,19,2025-04-26T02:58,2025-04-26T05:49,2025-04-26T08:23,171,325
SYN-0007771,Cardiology,38,2025-07-04T07:54,2025-07-04T08:39,2025-07-04T10:27,45,153
SYN-0007772,Cardiology,23,2025-11-18T03:13,2025-11-18T04:26,2025-11-18T06:59,73,226
SYN-0007773,Imaging,57,2025-01-22T13:57,2025-01-22T15:02,2025-01-22T16:06,65,129
SYN-0007774,Cardiology,72,2025-12-26T08:25,2025-12-26T09:49,2025-12-26T11:24,84,179
SYN-0007775,Imaging,87,2025-02-07T17:25,2025-02-07T18:30,2025-02-07T19:23,65,118
SYN-0007776,Imaging,23,2025-02-24T15:23,2025-02-24T16:30,2025-02-24T17:02,67,99
SYN-0007777,Imaging,24,2025-08-01T17:02,2025-08-01T17:50,2025-08-01T18:27,48,85
SYN-0007778,Emergency,22,2025-06-09T05:24,2025-06-09T06:35,2025-06-09T14:11,71,527
SYN-0007779,Orthopedics,94,2025-01-14T14:16,2025-01-14T16:10,2025-01-14T16:58,114,162
SYN-0007780,Imaging,35,2025-12-03T09:11,2025-12-03T09:34,2025-12-03T10:25,23,74
SYN-0007781,Orthopedics,62,2025-11-11T18:18,2025-11-11T18:58,2025-11-11T20:14,40,116
SYN-0007782,Orthopedics,86,2025-11-15T02:49,2025-11-15T04:47,2025-11-15T05:33,118,164
SYN-0007783,General Medicine,80,2025-05-10T12:42,2025-05-10T13:45,2025-05-10T16:46,63,244
SYN-0007784,Imaging,41,2025-08-21T08:01,2025-08-21T08:35,2025-08-21T10:04,34,123
SYN-0007785,Cardiology,83,2025-05-04T06:01,2025-05-04T07:17,2025-05-04T08:28,76,147
SYN-0007786,General Medicine,39,2025-05-20T14:16,2025-05-20T15:14,2025-05-20T17:21,58,185
SYN-0007787,Imaging,79,2025-01-16T12:58,2025-01-16T14:13,2025-01-16T15:22,75,144
SYN-0007788,Emergency,63,2025-06-19T02:50,2025-06-19T04:10,2025-06-19T06:12,80,202
SYN-0007789,Imaging,92,2025-09-25T09:33,2025-09-25T10:07,2025-09-25T10:32,34,59
SYN-0007790,Cardiology,92,2025-11-07T11:33,2025-11-07T11:47,2025-11-07T12:52,14,79
SYN-0007791,General Medicine,42,2025-02-28T21:23,2025-02-28T22:20,2025-03-01T01:42,57,259
SYN-0007792,Orthopedics,25,2025-12-07T11:32,2025-12-07T12:08,2025-12-07T13:57,36,145
SYN-0007793,Orthopedics,81,2025-01-03T09:36,2025-01-03T09:41,2025-01-03T12:11,5,155
SYN-0007794,Imaging,90,2025-08-05T15:45,2025-08-05T16:37,2025-08-05T16:52,52,67
SYN-0007795,Orthopedics,43,2025-10-18T21:44,2025-10-18T23:13,2025-10-19T02:10,89,266
SYN-0007796,Orthopedics,71,2025-10-31T00:43,2025-10-31T01:46,2025-10-31T03:52,63,189
SYN-0007797,Cardiology,59,2025-01-09T08:42,2025-01-09T08:56,2025-01-09T10:41,14,119
SYN-0007798,General Medicine,88,2025-07-07T06:58,2025-07-07T08:39,2025-07-07T09:27,101,149
SYN-0007799,Orthopedics,39,2025-07-22T08:43,2025-07-22T10:22,2025-07-22T12:23,99,220
SYN-0007800,Cardiology,30,2025-09-03T03:19,2025-09-03T04:11,2025-09-03T06:21,52,182
SYN-0007801,Cardiology,26,2025-08-27T09:50,2025-08-27T10:19,2025-08-27T11:12,29,82
SYN-0007802,Orthopedics,44,2025-10-29T01:55,2025-10-29T02:37,2025-10-29T03:31,42,96
SYN-0007803,Orthopedics,94,2025-01-19T20:48,2025-01-19T21:07,2025-01-19T22:02,19,74
SYN-0007804,Imaging,31,2025-09-07T11:48,2025-09-07T12:56,2025-09-07T13:50,68,122
SYN-0007805,Cardiology,63,2025-10-20T15:45,2025-10-20T16:44,2025-10-20T18:27,59,162
SYN-0007806,General Medicine,50,2025-01-23T03:57,2025-01-23T04:09,2025-01-23T06:04,12,127
SYN-0007807,Emergency,36,2025-12-28T15:11,2025-12-28T17:26,2025-12-28T19:57,135,286
SYN-0007808,Cardiology,71,2025-04-08T19:12,2025-04-08T19:47,2025-04-08T21:38,35,146
SYN-0007809,Imaging,43,2025-01-29T18:58,2025-01-29T20:07,2025-01-29T21:21,69,143
SYN-0007810,Cardiology,84,2025-04-12T21:24,2025-04-12T21:56,2025-04-12T23:09,32,105
SYN-0007811,Emergency,63,2025-06-17T12:34,2025-06-17T14:36,2025-06-17T15:38,122,184
SYN-0007812,Orthopedics,35,2025-08-22T03:09,2025-08-22T04:40,2025-08-22T07:03,91,234
SYN-0007813,Emergency,58,2025-11-18T07:09,2025-11-18T07:37,2025-11-18T09:29,28,140
SYN-0007814,General Medicine,45,2025-12-29T15:56,2025-12-29T17:54,2025-12-29T19:26,118,210
SYN-0007815,Emergency,48,2025-05-30T21:23,2025-05-30T21:55,2025-05-31T01:01,32,218
SYN-0007816,Emergency,38,2025-10-21T06:33,2025-10-21T10:32,2025-10-21T11:10,239,277
SYN-0007817,Cardiology,92,2025-09-01T10:49,2025-09-01T11:00,2025-09-01T13:35,11,166
SYN-0007818,Orthopedics,48,2025-01-20T11:30,2025-01-20T13:01,2025-01-20T13:37,91,127
SYN-0007819,General Medicine,49,2025-01-14T15:01,2025-01-14T15:35,2025-01-14T18:15,34,194
SYN-0007820,Imaging,29,2025-09-29T01:04,2025-09-29T01:47,2025-09-29T03:12,43,128
SYN-0007821,Emergency,82,2025-02-19T07:31,2025-02-19T07:52,2025-02-19T09:28,21,117
SYN-0007822,Cardiology,21,2025-07-04T02:28,2025-07-04T03:11,2025-07-04T04:15,43,107
SYN-0007823,General Medicine,35,2025-02-03T03:53,2025-02-03T04:25,2025-02-03T06:49,32,176
SYN-0007824,General Medicine,72,2025-02-15T15:25,2025-02-15T16:42,2025-02-15T19:00,77,215
SYN-0007825,General Medicine,42,2025-11-21T11:41,2025-11-21T13:51,2025-11-21T16:37,130,296
SYN-0007826,Cardiology,19,2025-12-15T05:58,2025-12-15T06:11,2025-12-15T08:08,13,130
SYN-0007827,Cardiology,53,2025-01-16T00:00,2025-01-16T01:30,2025-01-16T02:47,90,167
SYN-0007828,Cardiology,50,2025-12-27T20:48,2025-12-27T22:15,2025-12-28T00:19,87,211
SYN-0007829,Cardiology,34,2025-08-11T09:52,2025-08-11T10:23,2025-08-11T12:26,31,154
SYN-0007830,Emergency,26,2025-09-21T00:50,2025-09-21T01:11,2025-09-21T05:11,21,261
SYN-0007831,Emergency,68,2025-08-03T06:01,2025-08-03T09:37,2025-08-03T10:17,216,256
SYN-0007832,Emergency,32,2025-08-01T20:14,2025-08-01T20:40,2025-08-01T21:16,26,62
SYN-0007833,Cardiology,64,2025-09-02T20:00,2025-09-02T20:20,2025-09-02T22:05,20,125
SYN-0007834,Orthopedics,35,2025-08-09T23:22,2025-08-10T01:02,2025-08-10T03:28,100,246
SYN-0007835,Emergency,34,2025-04-17T20:29,2025-04-17T23:43,2025-04-18T04:14,194,465
SYN-0007836,Cardiology,77,2025-11-05T05:03,2025-11-05T06:24,2025-11-05T08:40,81,217
SYN-0007837,Cardiology,66,2025-12-23T04:00,2025-12-23T05:29,2025-12-23T06:35,89,155
SYN-0007838,Emergency,88,2025-12-28T18:30,2025-12-28T21:41,2025-12-29T02:38,191,488
SYN-0007839,Imaging,74,2025-12-13T16:49,2025-12-13T17:56,2025-12-13T19:05,67,136
SYN-0007840,Orthopedics,82,2025-06-08T13:14,2025-06-08T15:09,2025-06-08T15:55,115,161
SYN-0007841,Imaging,45,2025-04-04T18:48,2025-04-04T19:52,2025-04-04T20:16,64,88
SYN-0007842,General Medicine,76,2025-06-12T12:48,2025-06-12T15:15,2025-06-12T16:06,147,198
SYN-0007843,Cardiology,46,2025-12-14T00:20,2025-12-14T00:30,2025-12-14T02:26,10,126
SYN-0007844,Emergency,93,2025-03-27T03:08,2025-03-27T04:28,2025-03-27T08:02,80,294
SYN-0007845,Orthopedics,83,2025-10-26T11:19,2025-10-26T12:04,2025-10-26T14:01,45,162
SYN-0007846,Emergency,46,2025-11-29T05:27,2025-11-29T08:22,2025-11-29T15:09,175,582
SYN-0007847,Orthopedics,81,2025-01-23T07:08,2025-01-23T07:27,2025-01-23T10:14,19,186
SYN-0007848,General Medicine,23,2025-08-15T23:19,2025-08-16T01:12,2025-08-16T05:01,113,342
SYN-0007849,Cardiology,80,2025-09-11T06:52,2025-09-11T08:17,2025-09-11T09:29,85,157
SYN-0007850,Orthopedics,90,2025-05-21T07:46,2025-05-21T08:56,2025-05-21T10:50,70,184
SYN-0007851,Emergency,48,2025-08-25T20:50,2025-08-26T00:16,2025-08-26T05:22,206,512
SYN-0007852,Imaging,53,2025-09-21T09:06,2025-09-21T09:28,2025-09-21T09:47,22,41
SYN-0007853,Orthopedics,92,2025-06-21T12:19,2025-06-21T13:40,2025-06-21T14:58,81,159
SYN-0007854,Cardiology,50,2025-08-19T05:59,2025-08-19T07:01,2025-08-19T08:06,62,127
SYN-0007855,Emergency,71,2025-08-17T15:46,2025-08-17T17:41,2025-08-17T20:07,115,261
SYN-0007856,Imaging,77,2025-02-09T17:12,2025-02-09T17:18,2025-02-09T17:50,6,38
SYN-0007857,Emergency,76,2025-05-24T14:39,2025-05-24T18:05,2025-05-24T21:36,206,417
SYN-0007858,General Medicine,62,2025-02-10T04:09,2025-02-10T05:30,2025-02-10T06:47,81,158
SYN-0007859,Orthopedics,46,2025-09-03T02:05,2025-09-03T03:37,2025-09-03T05:36,92,211
SYN-0007860,Orthopedics,75,2025-01-27T05:20,2025-01-27T05:59,2025-01-27T07:41,39,141
SYN-0007861,General Medicine,82,2025-12-07T18:36,2025-12-07T20:31,2025-12-07T22:57,115,261
SYN-0007862,General Medicine,35,2025-04-30T23:04,2025-05-01T01:31,2025-05-01T05:26,147,382
SYN-0007863,Emergency,76,2025-01-29T04:19,2025-01-29T07:44,2025-01-29T08:30,205,251
SYN-0007864,Cardiology,20,2025-07-21T20:58,2025-07-21T22:28,2025-07-21T23:15,90,137
SYN-0007865,General Medicine,33,2025-02-19T13:16,2025-02-19T14:45,2025-02-19T17:21,89,245
SYN-0007866,Cardiology,74,2025-03-18T22:22,2025-03-18T23:04,2025-03-19T01:32,42,190
SYN-0007867,Orthopedics,53,2025-01-12T09:03,2025-01-12T10:33,2025-01-12T13:08,90,245
SYN-0007868,Emergency,88,2025-08-15T04:34,2025-08-15T08:31,2025-08-15T09:12,237,278
SYN-0007869,Imaging,84,2025-03-01T13:53,2025-03-01T14:50,2025-03-01T16:06,57,133
SYN-0007870,Imaging,73,2025-04-19T10:49,2025-04-19T11:26,2025-04-19T12:15,37,86
SYN-0007871,Cardiology,25,2025-12-29T07:34,2025-12-29T08:16,2025-12-29T10:17,42,163
SYN-0007872,Orthopedics,78,2025-10-29T18:39,2025-10-29T19:56,2025-10-29T22:46,77,247
SYN-0007873,Emergency,33,2025-01-12T09:52,2025-01-12T10:31,2025-01-12T17:53,39,481
SYN-0007874,General Medicine,47,2025-01-11T00:49,2025-01-11T02:57,2025-01-11T05:26,128,277
SYN-0007875,Cardiology,24,2025-12-04T07:46,2025-12-04T08:11,2025-12-04T10:19,25,153
SYN-0007876,Orthopedics,21,2025-06-13T04:56,2025-06-13T06:25,2025-06-13T08:10,89,194
SYN-0007877,Imaging,66,2025-08-13T05:57,2025-08-13T06:33,2025-08-13T07:05,36,68
SYN-0007878,Imaging,50,2025-12-18T15:01,2025-12-18T16:13,2025-12-18T17:40,72,159
SYN-0007879,General Medicine,25,2025-06-05T16:14,2025-06-05T16:39,2025-06-05T20:22,25,248
SYN-0007880,Orthopedics,77,2025-03-15T14:51,2025-03-15T16:38,2025-03-15T18:06,107,195
SYN-0007881,Imaging,51,2025-04-14T22:25,2025-04-14T23:34,2025-04-15T01:04,69,159
SYN-0007882,Imaging,20,2025-12-07T03:26,2025-12-07T03:51,2025-12-07T04:42,25,76
SYN-0007883,Orthopedics,31,2025-03-30T06:19,2025-03-30T08:13,2025-03-30T10:58,114,279
SYN-0007884,Cardiology,54,2025-11-07T04:58,2025-11-07T05:10,2025-11-07T06:18,12,80
SYN-0007885,Cardiology,51,2025-03-02T23:25,2025-03-02T23:47,2025-03-03T01:35,22,130
SYN-0007886,Orthopedics,30,2025-09-28T13:55,2025-09-28T15:28,2025-09-28T17:35,93,220
SYN-0007887,General Medicine,65,2025-12-04T16:01,2025-12-04T16:42,2025-12-04T17:54,41,113
SYN-0007888,General Medicine,25,2025-12-12T14:45,2025-12-12T15:15,2025-12-12T19:14,30,269
SYN-0007889,Emergency,76,2025-06-26T05:49,2025-06-26T07:01,2025-06-26T09:49,72,240
SYN-0007890,Orthopedics,66,2025-09-15T20:20,2025-09-15T20:50,2025-09-15T21:59,30,99
SYN-0007891,Imaging,44,2025-08-29T17:43,2025-08-29T18:25,2025-08-29T18:43,42,60
SYN-0007892,Imaging,37,2025-03-08T13:29,2025-03-08T13:51,2025-03-08T14:46,22,77
SYN-0007893,Cardiology,51,2025-09-03T01:45,2025-09-03T02:05,2025-09-03T03:08,20,83
SYN-0007894,Emergency,93,2025-03-24T16:18,2025-03-24T19:11,2025-03-24T20:15,173,237
SYN-0007895,Emergency,66,2025-01-21T05:16,2025-01-21T08:09,2025-01-21T09:49,173,273
SYN-0007896,Emergency,69,2025-06-30T11:25,2025-06-30T13:40,2025-06-30T15:02,135,217
SYN-0007897,General Medicine,64,2025-01-25T01:33,2025-01-25T02:35,2025-01-25T03:18,62,105
SYN-0007898,Cardiology,51,2025-08-14T05:16,2025-08-14T05:43,2025-08-14T06:47,27,91
SYN-0007899,Cardiology,49,2025-11-15T18:02,2025-11-15T19:29,2025-11-15T22:02,87,240
SYN-0007900,Orthopedics,35,2025-07-13T08:11,2025-07-13T10:00,2025-07-13T11:21,109,190
SYN-0007901,Orthopedics,33,2025-03-29T07:44,2025-03-29T09:28,2025-03-29T11:46,104,242
SYN-0007902,Imaging,52,2025-08-15T12:34,2025-08-15T12:52,2025-08-15T13:47,18,73
SYN-0007903,Cardiology,60,2025-07-20T09:40,2025-07-20T10:37,2025-07-20T11:43,57,123
SYN-0007904,Orthopedics,86,2025-08-19T15:15,2025-08-19T15:46,2025-08-19T18:08,31,173
SYN-0007905,Cardiology,65,2025-04-03T15:53,2025-04-03T16:49,2025-04-03T19:49,56,236
SYN-0007906,Emergency,92,2025-07-16T09:33,2025-07-16T11:59,2025-07-16T13:23,146,230
SYN-0007907,Orthopedics,35,2025-05-20T10:46,2025-05-20T10:55,2025-05-20T12:11,9,85
SYN-0007908,Cardiology,62,2025-06-17T11:21,2025-06-17T12:10,2025-06-17T14:29,49,188
SYN-0007909,General Medicine,60,2025-05-31T04:33,2025-05-31T04:57,2025-05-31T08:24,24,231
SYN-0007910,Cardiology,61,2025-01-23T00:49,2025-01-23T01:59,2025-01-23T04:56,70,247
SYN-0007911,Emergency,23,2025-08-19T05:09,2025-08-19T08:45,2025-08-19T13:28,216,499
SYN-0007912,Imaging,45,2025-11-25T10:55,2025-11-25T12:05,2025-11-25T12:31,70,96
SYN-0007913,Orthopedics,63,2025-04-06T18:18,2025-04-06T18:56,2025-04-06T20:41,38,143
SYN-0007914,Cardiology,80,2025-12-25T12:16,2025-12-25T12:56,2025-12-25T15:42,40,206
SYN-0007915,Imaging,90,2025-07-19T03:16,2025-07-19T03:53,2025-07-19T04:44,37,88
SYN-0007916,Imaging,22,2025-06-28T14:36,2025-06-28T15:14,2025-06-28T16:44,38,128
SYN-0007917,Orthopedics,24,2025-02-08T11:57,2025-02-08T12:56,2025-02-08T14:38,59,161
SYN-0007918,Imaging,67,2025-04-09T19:49,2025-04-09T19:55,2025-04-09T20:59,6,70
SYN-0007919,Orthopedics,76,2025-04-02T16:21,2025-04-02T17:35,2025-04-02T19:56,74,215
SYN-0007920,Orthopedics,81,2025-06-01T09:11,2025-06-01T10:59,2025-06-01T13:02,108,231
SYN-0007921,Imaging,55,2025-09-14T01:17,2025-09-14T01:51,2025-09-14T03:17,34,120
SYN-0007922,Imaging,35,2025-03-15T07:26,2025-03-15T07:33,2025-03-15T09:02,7,96
SYN-0007923,Emergency,21,2025-07-05T01:49,2025-07-05T02:04,2025-07-05T09:47,15,478
SYN-0007924,Imaging,63,2025-07-04T10:24,2025-07-04T10:49,2025-07-04T11:50,25,86
SYN-0007925,Cardiology,29,2025-02-01T16:37,2025-02-01T17:59,2025-02-01T20:35,82,238
SYN-0007926,Imaging,36,2025-06-12T01:23,2025-06-12T01:35,2025-06-12T03:03,12,100
SYN-0007927,Orthopedics,90,2025-11-17T15:51,2025-11-17T16:55,2025-11-17T17:32,64,101
SYN-0007928,Cardiology,31,2025-09-20T13:23,2025-09-20T14:18,2025-09-20T15:37,55,134
SYN-0007929,Imaging,68,2025-04-01T13:36,2025-04-01T14:18,2025-04-01T14:58,42,82
SYN-0007930,Emergency,25,2025-09-28T16:30,2025-09-28T17:35,2025-09-28T19:12,65,162
SYN-0007931,Cardiology,94,2025-06-29T12:20,2025-06-29T13:39,2025-06-29T15:40,79,200
SYN-0007932,General Medicine,37,2025-07-14T17:48,2025-07-14T20:13,2025-07-14T21:49,145,241
SYN-0007933,Imaging,72,2025-06-26T19:11,2025-06-26T20:01,2025-06-26T20:35,50,84
SYN-0007934,Emergency,93,2025-12-30T15:13,2025-12-30T18:44,2025-12-31T02:29,211,676
SYN-0007935,Orthopedics,61,2025-07-11T04:37,2025-07-11T05:54,2025-07-11T08:10,77,213
SYN-0007936,Orthopedics,76,2025-09-15T19:16,2025-09-15T20:38,2025-09-15T22:38,82,202
SYN-0007937,General Medicine,42,2025-11-23T16:17,2025-11-23T16:56,2025-11-23T18:10,39,113
SYN-0007938,Emergency,36,2025-07-29T15:21,2025-07-29T17:37,2025-07-30T00:10,136,529
SYN-0007939,Imaging,34,2025-06-16T10:45,2025-06-16T11:03,2025-06-16T12:25,18,100
SYN-0007940,Cardiology,45,2025-04-28T12:41,2025-04-28T13:21,2025-04-28T14:12,40,91
SYN-0007941,General Medicine,78,2025-04-05T04:24,2025-04-05T05:27,2025-04-05T07:37,63,193
SYN-0007942,Imaging,52,2025-10-25T13:45,2025-10-25T14:03,2025-10-25T15:17,18,92
SYN-0007943,Emergency,23,2025-07-21T12:57,2025-07-21T16:23,2025-07-21T22:34,206,577
SYN-0007944,Orthopedics,64,2025-09-02T22:15,2025-09-02T23:53,2025-09-03T02:02,98,227
SYN-0007945,Emergency,47,2025-10-03T02:03,2025-10-03T02:33,2025-10-03T04:26,30,143
SYN-0007946,General Medicine,62,2025-01-12T14:00,2025-01-12T14:30,2025-01-12T15:31,30,91
SYN-0007947,Emergency,86,2025-04-06T13:52,2025-04-06T14:36,2025-04-06T21:08,44,436
SYN-0007948,General Medicine,55,2025-12-14T05:10,2025-12-14T06:01,2025-12-14T06:40,51,90
SYN-0007949,Orthopedics,85,2025-05-04T13:51,2025-05-04T15:11,2025-05-04T17:12,80,201
SYN-0007950,Cardiology,79,2025-12-24T01:48,2025-12-24T02:49,2025-12-24T05:21,61,213
SYN-0007951,Orthopedics,58,2025-06-03T01:26,2025-06-03T01:54,2025-06-03T03:16,28,110
SYN-0007952,Orthopedics,42,2025-11-29T15:16,2025-11-29T15:48,2025-11-29T17:16,32,120
SYN-0007953,Cardiology,95,2025-06-07T05:58,2025-06-07T06:59,2025-06-07T09:57,61,239
SYN-0007954,Imaging,33,2025-09-09T00:17,2025-09-09T00:45,2025-09-09T01:10,28,53
SYN-0007955,Emergency,18,2025-10-04T05:43,2025-10-04T05:56,2025-10-04T07:36,13,113
SYN-0007956,Imaging,50,2025-02-19T07:21,2025-02-19T08:22,2025-02-19T08:58,61,97
SYN-0007957,Cardiology,90,2025-10-08T14:45,2025-10-08T16:10,2025-10-08T17:59,85,194
SYN-0007958,Imaging,26,2025-12-28T16:46,2025-12-28T17:34,2025-12-28T18:16,48,90
SYN-0007959,Orthopedics,49,2025-12-13T21:44,2025-12-13T23:44,2025-12-14T01:45,120,241
SYN-0007960,Emergency,18,2025-05-13T04:12,2025-05-13T04:28,2025-05-13T08:00,16,228
SYN-0007961,General Medicine,46,2025-11-26T23:49,2025-11-27T00:48,2025-11-27T01:34,59,105
SYN-0007962,Emergency,24,2025-09-21T03:04,2025-09-21T06:04,2025-09-21T13:28,180,624
SYN-0007963,Imaging,75,2025-12-07T02:41,2025-12-07T03:12,2025-12-07T03:56,31,75
SYN-0007964,Cardiology,42,2025-12-13T20:32,2025-12-13T20:50,2025-12-13T22:08,18,96
SYN-0007965,Orthopedics,24,2025-09-05T11:55,2025-09-05T12:10,2025-09-05T13:59,15,124
SYN-0007966,Cardiology,85,2025-01-20T12:22,2025-01-20T13:25,2025-01-20T15:45,63,203
SYN-0007967,Cardiology,95,2025-01-01T04:31,2025-01-01T05:28,2025-01-01T06:17,57,106
SYN-0007968,Emergency,21,2025-05-06T20:16,2025-05-06T22:26,2025-05-07T00:13,130,237
SYN-0007969,General Medicine,33,2025-04-25T01:10,2025-04-25T03:22,2025-04-25T04:13,132,183
SYN-0007970,General Medicine,49,2025-05-12T01:30,2025-05-12T02:51,2025-05-12T04:49,81,199
SYN-0007971,General Medicine,22,2025-10-29T02:54,2025-10-29T04:26,2025-10-29T07:21,92,267
SYN-0007972,Cardiology,59,2025-02-24T21:28,2025-02-24T22:03,2025-02-24T23:41,35,133
SYN-0007973,General Medicine,62,2025-12-05T06:45,2025-12-05T09:07,2025-12-05T12:41,142,356
SYN-0007974,Emergency,21,2025-11-21T09:19,2025-11-21T11:26,2025-11-21T15:00,127,341
SYN-0007975,Cardiology,88,2025-01-11T00:29,2025-01-11T00:55,2025-01-11T02:30,26,121
SYN-0007976,General Medicine,18,2025-11-12T23:48,2025-11-13T02:15,2025-11-13T02:59,147,191
SYN-0007977,General Medicine,61,2025-12-05T11:57,2025-12-05T13:19,2025-12-05T14:06,82,129
SYN-0007978,Emergency,33,2025-07-23T15:41,2025-07-23T16:34,2025-07-23T23:51,53,490
SYN-0007979,Cardiology,83,2025-11-20T02:15,2025-11-20T02:23,2025-11-20T03:20,8,65
SYN-0007980,General Medicine,84,2025-09-12T12:48,2025-09-12T14:46,2025-09-12T17:22,118,274
SYN-0007981,Imaging,18,2025-09-04T04:27,2025-09-04T05:13,2025-09-04T06:11,46,104
SYN-0007982,General Medicine,56,2025-03-12T14:36,2025-03-12T16:12,2025-03-12T19:09,96,273
SYN-0007983,Orthopedics,40,2025-11-15T18:01,2025-11-15T18:11,2025-11-15T19:56,10,115
SYN-0007984,Cardiology,68,2025-08-01T02:16,2025-08-01T03:11,2025-08-01T05:41,55,205
SYN-0007985,Cardiology,61,2025-11-09T13:39,2025-11-09T14:41,2025-11-09T16:11,62,152
SYN-0007986,Emergency,35,2025-07-29T17:44,2025-07-29T20:12,2025-07-29T21:45,148,241
SYN-0007987,Emergency,88,2025-06-14T13:01,2025-06-14T14:29,2025-06-14T21:45,88,524
SYN-0007988,Orthopedics,51,2025-02-03T11:38,2025-02-03T13:20,2025-02-03T15:12,102,214
SYN-0007989,Imaging,67,2025-12-21T14:50,2025-12-21T15:13,2025-12-21T15:41,23,51
SYN-0007990,Orthopedics,95,2025-08-04T11:07,2025-08-04T12:36,2025-08-04T13:55,89,168
SYN-0007991,Cardiology,72,2025-03-19T15:18,2025-03-19T16:36,2025-03-19T18:34,78,196
SYN-0007992,Imaging,74,2025-01-25T09:40,2025-01-25T10:42,2025-01-25T11:29,62,109
SYN-0007993,General Medicine,86,2025-09-20T01:44,2025-09-20T03:41,2025-09-20T06:35,117,291
SYN-0007994,Orthopedics,29,2025-02-24T21:17,2025-02-24T22:19,2025-02-24T23:58,62,161
SYN-0007995,Emergency,76,2025-11-15T00:50,2025-11-15T02:41,2025-11-15T08:41,111,471
SYN-0007996,Cardiology,82,2025-03-08T17:39,2025-03-08T18:38,2025-03-08T20:37,59,178
SYN-0007997,Imaging,86,2025-11-24T16:36,2025-11-24T17:11,2025-11-24T18:40,35,124
SYN-0007998,General Medicine,78,2025-11-27T23:12,2025-11-28T00:43,2025-11-28T02:08,91,176
SYN-0007999,Emergency,91,2025-07-22T23:19,2025-07-22T23:47,2025-07-23T01:38,28,139
SYN-0008000,Cardiology,63,2025-07-13T16:09,2025-07-13T16:28,2025-07-13T19:03,19,174
SYN-0008001,General Medicine,49,2025-07-08T08:45,2025-07-08T11:08,2025-07-08T12:15,143,210
SYN-0008002,Imaging,74,2025-07-16T21:42,2025-07-16T22:56,2025-07-16T23:12,74,90
SYN-0008003,Emergency,93,2025-12-18T07:49,2025-12-18T09:13,2025-12-18T10:03,84,134
SYN-0008004,Cardiology,83,2025-02-19T17:08,2025-02-19T18:02,2025-02-19T20:15,54,187
SYN-0008005,Imaging,73,2025-05-10T22:21,2025-05-10T23:13,2025-05-11T00:18,52,117
SYN-0008006,General Medicine,46,2025-02-06T12:51,2025-02-06T13:36,2025-02-06T17:19,45,268
SYN-0008007,Cardiology,81,2025-09-07T05:56,2025-09-07T07:01,2025-09-07T08:39,65,163
SYN-0008008,Emergency,79,2025-10-11T13:07,2025-10-11T13:53,2025-10-11T17:29,46,262
SYN-0008009,Cardiology,18,2025-07-01T10:31,2025-07-01T10:45,2025-07-01T12:09,14,98
SYN-0008010,Emergency,76,2025-09-06T14:37,2025-09-06T17:08,2025-09-07T00:17,151,580
SYN-0008011,General Medicine,65,2025-03-25T20:11,2025-03-25T21:50,2025-03-26T01:41,99,330
SYN-0008012,Cardiology,61,2025-05-13T06:11,2025-05-13T06:34,2025-05-13T08:37,23,146
SYN-0008013,Imaging,92,2025-01-06T00:42,2025-01-06T01:35,2025-01-06T01:52,53,70
SYN-0008014,General Medicine,86,2025-12-24T14:41,2025-12-24T14:51,2025-12-24T16:46,10,125
SYN-0008015,Cardiology,21,2025-05-30T16:03,2025-05-30T17:00,2025-05-30T17:56,57,113
SYN-0008016,Cardiology,69,2025-06-29T01:14,2025-06-29T01:53,2025-06-29T02:56,39,102
SYN-0008017,Orthopedics,93,2025-04-02T00:42,2025-04-02T02:10,2025-04-02T03:28,88,166
SYN-0008018,General Medicine,95,2025-07-14T09:35,2025-07-14T11:07,2025-07-14T13:28,92,233
SYN-0008019,Imaging,23,2025-12-29T21:02,2025-12-29T22:03,2025-12-29T22:21,61,79
SYN-0008020,Imaging,52,2025-12-30T03:45,2025-12-30T03:55,2025-12-30T04:13,10,28
SYN-0008021,Imaging,49,2025-06-24T11:32,2025-06-24T11:49,2025-06-24T12:39,17,67
SYN-0008022,Imaging,93,2025-07-22T06:31,2025-07-22T06:40,2025-07-22T07:01,9,30
SYN-0008023,Emergency,57,2025-12-22T11:55,2025-12-22T15:11,2025-12-22T23:05,196,670
SYN-0008024,Orthopedics,28,2025-11-15T17:03,2025-11-15T17:33,2025-11-15T19:42,30,159
SYN-0008025,Imaging,73,2025-11-30T19:40,2025-11-30T20:15,2025-11-30T21:34,35,114
SYN-0008026,Cardiology,80,2025-12-15T01:49,2025-12-15T02:04,2025-12-15T04:20,15,151
SYN-0008027,Orthopedics,50,2025-08-25T16:23,2025-08-25T18:14,2025-08-25T18:45,111,142
SYN-0008028,Orthopedics,72,2025-11-15T07:20,2025-11-15T09:11,2025-11-15T11:49,111,269
SYN-0008029,Emergency,87,2025-07-31T12:19,2025-07-31T14:43,2025-07-31T16:29,144,250
SYN-0008030,Imaging,39,2025-07-19T13:26,2025-07-19T14:10,2025-07-19T14:33,44,67
SYN-0008031,Imaging,26,2025-06-20T07:06,2025-06-20T08:15,2025-06-20T09:16,69,130
SYN-0008032,Orthopedics,78,2025-12-31T12:05,2025-12-31T12:23,2025-12-31T15:01,18,176
SYN-0008033,Cardiology,91,2025-07-08T01:03,2025-07-08T02:01,2025-07-08T03:39,58,156
SYN-0008034,Cardiology,44,2025-04-10T06:56,2025-04-10T07:11,2025-04-10T08:37,15,101
SYN-0008035,Cardiology,33,2025-04-26T22:29,2025-04-26T23:47,2025-04-27T02:46,78,257
SYN-0008036,Orthopedics,77,2025-01-11T09:53,2025-01-11T11:10,2025-01-11T11:46,77,113
SYN-0008037,Emergency,18,2025-04-11T22:25,2025-04-11T23:29,2025-04-12T07:19,64,534
SYN-0008038,Orthopedics,62,2025-07-08T06:47,2025-07-08T08:23,2025-07-08T10:02,96,195
SYN-0008039,Imaging,64,2025-02-21T18:03,2025-02-21T19:06,2025-02-21T20:22,63,139
SYN-0008040,Orthopedics,67,2025-10-04T14:43,2025-10-04T15:02,2025-10-04T17:30,19,167
SYN-0008041,Emergency,88,2025-11-01T03:39,2025-11-01T05:04,2025-11-01T08:15,85,276
SYN-0008042,General Medicine,30,2025-03-03T13:04,2025-03-03T14:13,2025-03-03T17:10,69,246
SYN-0008043,Imaging,69,2025-11-17T12:32,2025-11-17T13:16,2025-11-17T14:18,44,106
SYN-0008044,Imaging,78,2025-09-29T04:54,2025-09-29T05:56,2025-09-29T07:02,62,128
SYN-0008045,Imaging,79,2025-07-03T06:54,2025-07-03T07:48,2025-07-03T08:54,54,120
SYN-0008046,Imaging,34,2025-09-14T21:25,2025-09-14T21:35,2025-09-14T23:01,10,96
SYN-0008047,Emergency,35,2025-09-07T01:17,2025-09-07T03:35,2025-09-07T09:48,138,511
SYN-0008048,General Medicine,59,2025-08-28T22:59,2025-08-29T01:00,2025-08-29T02:49,121,230
SYN-0008049,Cardiology,25,2025-09-22T21:06,2025-09-22T21:20,2025-09-23T00:10,14,184
SYN-0008050,Orthopedics,85,2025-12-27T12:38,2025-12-27T13:56,2025-12-27T16:43,78,245
SYN-0008051,Cardiology,36,2025-12-22T02:18,2025-12-22T03:38,2025-12-22T06:31,80,253
SYN-0008052,Imaging,36,2025-07-20T21:14,2025-07-20T22:05,2025-07-20T22:58,51,104
SYN-0008053,Cardiology,88,2025-02-26T01:45,2025-02-26T01:50,2025-02-26T04:25,5,160
SYN-0008054,Orthopedics,95,2025-10-29T13:52,2025-10-29T15:25,2025-10-29T16:05,93,133
SYN-0008055,Cardiology,85,2025-06-19T01:16,2025-06-19T02:37,2025-06-19T05:21,81,245
SYN-0008056,Imaging,66,2025-02-14T22:20,2025-02-14T23:00,2025-02-14T23:19,40,59
SYN-0008057,Imaging,73,2025-10-30T02:39,2025-10-30T03:01,2025-10-30T03:55,22,76
SYN-0008058,Cardiology,38,2025-06-28T22:51,2025-06-29T00:10,2025-06-29T01:04,79,133
SYN-0008059,Emergency,42,2025-02-10T11:51,2025-02-10T13:06,2025-02-10T15:42,75,231
SYN-0008060,Emergency,90,2025-05-19T07:03,2025-05-19T09:32,2025-05-19T15:58,149,535
SYN-0008061,Cardiology,31,2025-02-27T12:16,2025-02-27T12:51,2025-02-27T13:41,35,85
SYN-0008062,Emergency,20,2025-07-11T09:33,2025-07-11T13:08,2025-07-11T21:02,215,689
SYN-0008063,Imaging,61,2025-08-24T11:31,2025-08-24T12:21,2025-08-24T13:08,50,97
SYN-0008064,General Medicine,35,2025-09-28T12:58,2025-09-28T15:15,2025-09-28T17:06,137,248
SYN-0008065,Orthopedics,31,2025-10-13T22:50,2025-10-13T23:40,2025-10-14T00:49,50,119
SYN-0008066,Orthopedics,70,2025-05-21T10:25,2025-05-21T10:39,2025-05-21T12:19,14,114
SYN-0008067,General Medicine,76,2025-09-10T06:30,2025-09-10T08:37,2025-09-10T10:11,127,221
SYN-0008068,General Medicine,75,2025-02-23T01:17,2025-02-23T02:21,2025-02-23T04:12,64,175
SYN-0008069,General Medicine,29,2025-11-29T06:00,2025-11-29T08:29,2025-11-29T09:50,149,230
SYN-0008070,Cardiology,72,2025-10-17T09:21,2025-10-17T10:08,2025-10-17T12:22,47,181
SYN-0008071,General Medicine,87,2025-05-29T01:30,2025-05-29T03:30,2025-05-29T05:03,120,213
SYN-0008072,General Medicine,50,2025-11-15T11:28,2025-11-15T13:08,2025-11-15T16:39,100,311
SYN-0008073,Emergency,59,2025-04-13T13:49,2025-04-13T15:57,2025-04-13T22:01,128,492
SYN-0008074,Imaging,73,2025-03-22T17:04,2025-03-22T17:14,2025-03-22T17:44,10,40
SYN-0008075,Cardiology,78,2025-08-12T04:48,2025-08-12T05:26,2025-08-12T07:59,38,191
SYN-0008076,Imaging,68,2025-05-23T16:03,2025-05-23T16:29,2025-05-23T17:59,26,116
SYN-0008077,General Medicine,85,2025-11-11T07:00,2025-11-11T08:22,2025-11-11T09:27,82,147
SYN-0008078,Orthopedics,93,2025-12-20T08:17,2025-12-20T10:09,2025-12-20T11:08,112,171
SYN-0008079,Imaging,90,2025-12-17T12:50,2025-12-17T13:19,2025-12-17T14:29,29,99
SYN-0008080,General Medicine,34,2025-01-03T20:35,2025-01-03T20:57,2025-01-03T21:50,22,75
SYN-0008081,Imaging,34,2025-08-16T18:42,2025-08-16T18:56,2025-08-16T19:18,14,36
SYN-0008082,Emergency,38,2025-11-27T17:39,2025-11-27T18:37,2025-11-27T23:43,58,364
SYN-0008083,Emergency,27,2025-09-24T00:36,2025-09-24T01:18,2025-09-24T02:51,42,135
SYN-0008084,General Medicine,63,2025-07-19T12:46,2025-07-19T13:06,2025-07-19T16:18,20,212
SYN-0008085,Imaging,71,2025-07-17T02:09,2025-07-17T02:35,2025-07-17T03:29,26,80
SYN-0008086,Cardiology,68,2025-03-10T08:09,2025-03-10T08:33,2025-03-10T09:27,24,78
SYN-0008087,Orthopedics,48,2025-06-08T01:30,2025-06-08T02:29,2025-06-08T04:43,59,193
SYN-0008088,General Medicine,22,2025-09-14T21:45,2025-09-14T22:49,2025-09-15T02:12,64,267
SYN-0008089,General Medicine,34,2025-05-18T08:12,2025-05-18T09:01,2025-05-18T10:44,49,152
SYN-0008090,Imaging,86,2025-06-25T04:28,2025-06-25T04:49,2025-06-25T05:45,21,77
SYN-0008091,Emergency,24,2025-06-21T03:13,2025-06-21T04:33,2025-06-21T05:10,80,117
SYN-0008092,Imaging,26,2025-07-26T16:04,2025-07-26T16:49,2025-07-26T17:44,45,100
SYN-0008093,Orthopedics,36,2025-02-14T15:05,2025-02-14T17:04,2025-02-14T18:14,119,189
SYN-0008094,Orthopedics,62,2025-05-19T01:57,2025-05-19T03:09,2025-05-19T04:55,72,178
SYN-0008095,Emergency,19,2025-09-26T18:00,2025-09-26T20:14,2025-09-26T23:07,134,307
SYN-0008096,General Medicine,41,2025-06-29T16:18,2025-06-29T17:22,2025-06-29T21:00,64,282
SYN-0008097,General Medicine,21,2025-12-06T01:29,2025-12-06T01:52,2025-12-06T04:51,23,202
SYN-0008098,Cardiology,56,2025-01-03T20:19,2025-01-03T20:57,2025-01-03T22:51,38,152
SYN-0008099,Cardiology,77,2025-01-09T18:08,2025-01-09T18:24,2025-01-09T19:15,16,67
SYN-0008100,Imaging,48,2025-05-07T14:57,2025-05-07T15:14,2025-05-07T16:40,17,103
SYN-0008101,Orthopedics,80,2025-04-05T02:15,2025-04-05T03:49,2025-04-05T05:20,94,185
SYN-0008102,Imaging,63,2025-11-14T14:32,2025-11-14T15:05,2025-11-14T16:22,33,110
SYN-0008103,Orthopedics,26,2025-10-17T16:42,2025-10-17T17:19,2025-10-17T19:41,37,179
SYN-0008104,Imaging,78,2025-09-17T22:27,2025-09-17T22:48,2025-09-17T23:59,21,92
SYN-0008105,Cardiology,89,2025-08-14T17:22,2025-08-14T18:10,2025-08-14T20:17,48,175
SYN-0008106,Emergency,41,2025-03-12T20:51,2025-03-12T22:14,2025-03-13T02:43,83,352
SYN-0008107,Imaging,61,2025-03-19T00:09,2025-03-19T01:06,2025-03-19T02:15,57,126
SYN-0008108,Cardiology,95,2025-04-03T20:52,2025-04-03T22:11,2025-04-03T23:51,79,179
SYN-0008109,Orthopedics,35,2025-02-07T03:21,2025-02-07T03:48,2025-02-07T06:16,27,175
SYN-0008110,Emergency,44,2025-03-13T12:33,2025-03-13T14:11,2025-03-13T15:11,98,158
SYN-0008111,Orthopedics,90,2025-07-01T17:23,2025-07-01T19:14,2025-07-01T20:40,111,197
SYN-0008112,Emergency,87,2025-12-11T02:24,2025-12-11T04:25,2025-12-11T06:15,121,231
SYN-0008113,General Medicine,54,2025-05-12T18:04,2025-05-12T19:38,2025-05-12T22:17,94,253
SYN-0008114,Imaging,90,2025-06-06T17:12,2025-06-06T18:17,2025-06-06T18:56,65,104
SYN-0008115,Emergency,46,2025-02-01T14:29,2025-02-01T18:11,2025-02-01T19:48,222,319
SYN-0008116,Imaging,74,2025-04-18T19:09,2025-04-18T19:28,2025-04-18T19:57,19,48
SYN-0008117,Orthopedics,58,2025-09-22T01:26,2025-09-22T02:47,2025-09-22T04:19,81,173
SYN-0008118,Imaging,28,2025-05-12T15:00,2025-05-12T15:16,2025-05-12T16:07,16,67
SYN-0008119,Emergency,40,2025-05-17T03:35,2025-05-17T05:32,2025-05-17T11:46,117,491
SYN-0008120,Emergency,59,2025-10-13T03:38,2025-10-13T07:21,2025-10-13T13:52,223,614
SYN-0008121,General Medicine,53,2025-01-03T19:22,2025-01-03T19:54,2025-01-03T20:35,32,73
SYN-0008122,Orthopedics,45,2025-07-02T21:47,2025-07-02T22:16,2025-07-03T00:26,29,159
SYN-0008123,Imaging,44,2025-07-02T18:11,2025-07-02T18:50,2025-07-02T19:42,39,91
SYN-0008124,Cardiology,50,2025-03-09T15:37,2025-03-09T16:54,2025-03-09T19:26,77,229
SYN-0008125,Cardiology,77,2025-02-11T01:12,2025-02-11T01:37,2025-02-11T02:23,25,71
SYN-0008126,Cardiology,82,2025-10-17T19:05,2025-10-17T19:31,2025-10-17T22:09,26,184
SYN-0008127,Cardiology,83,2025-12-03T06:48,2025-12-03T07:33,2025-12-03T08:58,45,130
SYN-0008128,Emergency,87,2025-11-21T19:04,2025-11-21T22:50,2025-11-22T04:41,226,577
SYN-0008129,Orthopedics,25,2025-03-19T11:53,2025-03-19T13:23,2025-03-19T15:56,90,243
SYN-0008130,General Medicine,45,2025-09-28T23:29,2025-09-29T00:34,2025-09-29T01:52,65,143
SYN-0008131,Emergency,25,2025-02-01T14:15,2025-02-01T14:28,2025-02-01T15:20,13,65
SYN-0008132,Imaging,83,2025-09-07T02:44,2025-09-07T03:16,2025-09-07T03:48,32,64
SYN-0008133,Imaging,54,2025-08-29T19:29,2025-08-29T20:34,2025-08-29T21:46,65,137
SYN-0008134,Imaging,33,2025-10-28T20:58,2025-10-28T21:50,2025-10-28T23:15,52,137
SYN-0008135,Imaging,77,2025-08-14T01:19,2025-08-14T01:45,2025-08-14T03:10,26,111
SYN-0008136,Emergency,71,2025-07-19T16:18,2025-07-19T17:29,2025-07-19T20:27,71,249
SYN-0008137,Cardiology,66,2025-07-29T00:25,2025-07-29T00:58,2025-07-29T02:30,33,125
SYN-0008138,Orthopedics,26,2025-07-27T13:32,2025-07-27T15:00,2025-07-27T17:15,88,223
SYN-0008139,Orthopedics,60,2025-05-27T03:25,2025-05-27T04:07,2025-05-27T06:22,42,177
SYN-0008140,Emergency,44,2025-12-27T12:09,2025-12-27T14:18,2025-12-27T17:28,129,319
SYN-0008141,Orthopedics,31,2025-09-24T20:11,2025-09-24T21:52,2025-09-24T22:39,101,148
SYN-0008142,Imaging,63,2025-10-09T12:24,2025-10-09T13:19,2025-10-09T14:46,55,142
SYN-0008143,General Medicine,59,2025-10-25T09:05,2025-10-25T10:47,2025-10-25T13:45,102,280
SYN-0008144,Imaging,46,2025-06-16T12:13,2025-06-16T12:19,2025-06-16T12:39,6,26
SYN-0008145,Imaging,90,2025-05-13T18:35,2025-05-13T19:20,2025-05-13T19:54,45,79
SYN-0008146,Imaging,35,2025-07-06T14:56,2025-07-06T15:35,2025-07-06T16:56,39,120
SYN-0008147,Emergency,41,2025-04-27T07:56,2025-04-27T08:08,2025-04-27T13:26,12,330
SYN-0008148,Cardiology,61,2025-07-13T09:05,2025-07-13T09:51,2025-07-13T10:59,46,114
SYN-0008149,Orthopedics,43,2025-09-26T03:55,2025-09-26T05:01,2025-09-26T08:01,66,246
SYN-0008150,Imaging,68,2025-12-19T22:16,2025-12-19T22:37,2025-12-19T23:21,21,65
SYN-0008151,Imaging,54,2025-02-21T00:51,2025-02-21T01:01,2025-02-21T01:50,10,59
SYN-0008152,Cardiology,25,2025-06-05T19:59,2025-06-05T20:58,2025-06-05T23:01,59,182
SYN-0008153,Cardiology,87,2025-02-03T16:04,2025-02-03T17:28,2025-02-03T20:13,84,249
SYN-0008154,Emergency,37,2025-12-21T09:31,2025-12-21T10:37,2025-12-21T17:51,66,500
SYN-0008155,Cardiology,20,2025-03-30T17:39,2025-03-30T18:59,2025-03-30T20:20,80,161
SYN-0008156,General Medicine,57,2025-04-19T05:03,2025-04-19T06:04,2025-04-19T08:06,61,183
SYN-0008157,Cardiology,95,2025-05-02T00:28,2025-05-02T01:50,2025-05-02T03:14,82,166
SYN-0008158,Orthopedics,90,2025-08-11T12:57,2025-08-11T13:06,2025-08-11T13:58,9,61
SYN-0008159,Imaging,21,2025-07-09T13:04,2025-07-09T13:26,2025-07-09T14:52,22,108
SYN-0008160,Imaging,43,2025-08-28T03:34,2025-08-28T04:34,2025-08-28T06:04,60,150
SYN-0008161,General Medicine,86,2025-12-07T16:03,2025-12-07T16:26,2025-12-07T19:15,23,192
SYN-0008162,Cardiology,69,2025-12-30T05:38,2025-12-30T07:07,2025-12-30T09:07,89,209
SYN-0008163,Imaging,82,2025-11-16T03:52,2025-11-16T04:00,2025-11-16T04:21,8,29
SYN-0008164,Cardiology,73,2025-10-18T17:12,2025-10-18T17:56,2025-10-18T19:58,44,166
SYN-0008165,Imaging,73,2025-06-11T15:23,2025-06-11T16:16,2025-06-11T17:10,53,107
SYN-0008166,Emergency,44,2025-08-14T05:21,2025-08-14T08:25,2025-08-14T13:44,184,503
SYN-0008167,General Medicine,63,2025-04-26T14:41,2025-04-26T16:35,2025-04-26T19:14,114,273
SYN-0008168,Emergency,92,2025-09-02T05:22,2025-09-02T07:47,2025-09-02T11:04,145,342
SYN-0008169,Cardiology,91,2025-05-01T06:30,2025-05-01T07:17,2025-05-01T09:51,47,201
SYN-0008170,Imaging,90,2025-10-04T22:37,2025-10-04T23:05,2025-10-05T00:08,28,91
SYN-0008171,Cardiology,75,2025-08-27T09:37,2025-08-27T10:08,2025-08-27T11:29,31,112
SYN-0008172,Cardiology,70,2025-08-10T11:45,2025-08-10T12:52,2025-08-10T14:39,67,174
SYN-0008173,General Medicine,52,2025-02-09T22:36,2025-02-09T23:28,2025-02-10T01:59,52,203
SYN-0008174,Imaging,50,2025-06-25T11:08,2025-06-25T11:35,2025-06-25T12:14,27,66
SYN-0008175,Orthopedics,68,2025-10-31T01:24,2025-10-31T03:21,2025-10-31T05:41,117,257
SYN-0008176,Emergency,56,2025-03-14T21:54,2025-03-14T22:15,2025-03-15T01:45,21,231
SYN-0008177,General Medicine,66,2025-02-05T02:18,2025-02-05T04:06,2025-02-05T04:58,108,160
SYN-0008178,General Medicine,84,2025-10-09T03:49,2025-10-09T05:40,2025-10-09T06:53,111,184
SYN-0008179,General Medicine,52,2025-05-04T08:39,2025-05-04T10:49,2025-05-04T13:56,130,317
SYN-0008180,Orthopedics,49,2025-01-14T20:09,2025-01-14T21:31,2025-01-14T23:06,82,177
SYN-0008181,General Medicine,59,2025-11-08T02:37,2025-11-08T04:19,2025-11-08T05:10,102,153
SYN-0008182,Imaging,52,2025-08-07T05:33,2025-08-07T05:49,2025-08-07T06:33,16,60
SYN-0008183,Emergency,48,2025-06-15T22:06,2025-06-16T01:53,2025-06-16T07:10,227,544
SYN-0008184,Emergency,33,2025-01-21T03:22,2025-01-21T05:51,2025-01-21T08:27,149,305
SYN-0008185,Imaging,71,2025-12-08T10:54,2025-12-08T11:23,2025-12-08T12:12,29,78
SYN-0008186,General Medicine,44,2025-04-09T11:08,2025-04-09T11:35,2025-04-09T15:30,27,262
SYN-0008187,Imaging,29,2025-01-02T17:13,2025-01-02T18:21,2025-01-02T19:07,68,114
SYN-0008188,Cardiology,67,2025-02-25T21:48,2025-02-25T22:13,2025-02-25T23:05,25,77
SYN-0008189,Cardiology,41,2025-09-25T06:54,2025-09-25T07:11,2025-09-25T10:04,17,190
SYN-0008190,Emergency,48,2025-04-22T14:55,2025-04-22T15:06,2025-04-22T20:57,11,362
SYN-0008191,General Medicine,45,2025-04-21T14:41,2025-04-21T15:16,2025-04-21T17:19,35,158
SYN-0008192,Emergency,45,2025-10-15T14:44,2025-10-15T15:43,2025-10-15T18:17,59,213
SYN-0008193,Emergency,93,2025-01-04T13:07,2025-01-04T14:31,2025-01-04T21:34,84,507
SYN-0008194,General Medicine,80,2025-05-03T07:20,2025-05-03T08:15,2025-05-03T09:05,55,105
SYN-0008195,Emergency,88,2025-03-30T23:28,2025-03-31T00:24,2025-03-31T02:59,56,211
SYN-0008196,General Medicine,22,2025-05-17T09:15,2025-05-17T11:14,2025-05-17T13:47,119,272
SYN-0008197,Emergency,95,2025-09-11T04:12,2025-09-11T05:08,2025-09-11T10:56,56,404
SYN-0008198,Emergency,30,2025-06-28T07:40,2025-06-28T11:39,2025-06-28T19:23,239,703
SYN-0008199,Imaging,91,2025-10-18T10:27,2025-10-18T11:34,2025-10-18T12:29,67,122
SYN-0008200,Emergency,31,2025-01-05T03:40,2025-01-05T03:51,2025-01-05T10:18,11,398
SYN-0008201,General Medicine,61,2025-10-01T22:53,2025-10-01T23:23,2025-10-02T01:51,30,178
SYN-0008202,Cardiology,85,2025-08-13T22:32,2025-08-13T22:59,2025-08-14T00:59,27,147
SYN-0008203,Cardiology,32,2025-12-17T05:22,2025-12-17T05:59,2025-12-17T07:39,37,137
SYN-0008204,Orthopedics,81,2025-07-27T07:06,2025-07-27T07:20,2025-07-27T09:10,14,124
SYN-0008205,Orthopedics,77,2025-03-24T16:43,2025-03-24T17:43,2025-03-24T18:42,60,119
SYN-0008206,Emergency,19,2025-11-26T06:41,2025-11-26T10:40,2025-11-26T17:16,239,635
SYN-0008207,Cardiology,22,2025-05-16T17:08,2025-05-16T18:14,2025-05-16T19:35,66,147
SYN-0008208,Orthopedics,84,2025-06-22T21:08,2025-06-22T21:19,2025-06-22T22:00,11,52
SYN-0008209,Emergency,54,2025-05-28T04:02,2025-05-28T07:52,2025-05-28T15:47,230,705
SYN-0008210,General Medicine,39,2025-05-30T04:48,2025-05-30T05:27,2025-05-30T06:42,39,114
SYN-0008211,Emergency,21,2025-01-10T04:31,2025-01-10T06:18,2025-01-10T12:29,107,478
SYN-0008212,Orthopedics,51,2025-05-10T13:52,2025-05-10T15:47,2025-05-10T17:11,115,199
SYN-0008213,Emergency,62,2025-04-12T02:16,2025-04-12T04:45,2025-04-12T07:14,149,298
SYN-0008214,Cardiology,64,2025-04-27T15:18,2025-04-27T16:20,2025-04-27T18:43,62,205
SYN-0008215,Cardiology,29,2025-04-30T10:33,2025-04-30T12:01,2025-04-30T12:56,88,143
SYN-0008216,Cardiology,77,2025-11-14T23:03,2025-11-14T23:22,2025-11-15T00:32,19,89
SYN-0008217,General Medicine,39,2025-07-31T06:26,2025-07-31T08:04,2025-07-31T11:39,98,313
SYN-0008218,General Medicine,81,2025-10-09T06:43,2025-10-09T07:48,2025-10-09T09:00,65,137
SYN-0008219,Emergency,69,2025-03-02T18:14,2025-03-02T18:49,2025-03-03T01:42,35,448
SYN-0008220,Imaging,73,2025-03-24T05:45,2025-03-24T06:54,2025-03-24T07:23,69,98
SYN-0008221,Imaging,94,2025-04-09T19:31,2025-04-09T20:44,2025-04-09T21:51,73,140
SYN-0008222,Emergency,60,2025-03-11T19:06,2025-03-11T20:01,2025-03-11T23:14,55,248
SYN-0008223,Cardiology,39,2025-07-06T20:13,2025-07-06T21:22,2025-07-06T23:48,69,215
SYN-0008224,Imaging,39,2025-01-12T11:05,2025-01-12T12:06,2025-01-12T12:50,61,105
SYN-0008225,Cardiology,79,2025-03-02T22:13,2025-03-02T22:23,2025-03-03T00:24,10,131
SYN-0008226,Orthopedics,19,2025-07-26T00:16,2025-07-26T00:47,2025-07-26T01:22,31,66
SYN-0008227,Orthopedics,95,2025-02-26T12:13,2025-02-26T13:59,2025-02-26T15:19,106,186
SYN-0008228,General Medicine,25,2025-02-24T01:47,2025-02-24T03:08,2025-02-24T06:57,81,310
SYN-0008229,Orthopedics,58,2025-08-23T17:30,2025-08-23T17:38,2025-08-23T20:02,8,152
SYN-0008230,Emergency,38,2025-08-21T22:49,2025-08-22T01:14,2025-08-22T03:56,145,307
SYN-0008231,General Medicine,75,2025-12-23T08:40,2025-12-23T10:04,2025-12-23T12:19,84,219
SYN-0008232,Emergency,82,2025-12-28T14:14,2025-12-28T15:23,2025-12-28T22:33,69,499
SYN-0008233,Orthopedics,24,2025-12-25T08:43,2025-12-25T09:43,2025-12-25T12:08,60,205
SYN-0008234,Emergency,21,2025-06-15T10:59,2025-06-15T13:32,2025-06-15T19:37,153,518
SYN-0008235,Imaging,23,2025-08-03T04:02,2025-08-03T04:57,2025-08-03T05:46,55,104
SYN-0008236,Orthopedics,59,2025-08-23T10:08,2025-08-23T11:18,2025-08-23T12:47,70,159
SYN-0008237,Emergency,74,2025-04-29T23:58,2025-04-30T00:29,2025-04-30T05:13,31,315
SYN-0008238,Cardiology,35,2025-06-26T11:48,2025-06-26T12:51,2025-06-26T15:29,63,221
SYN-0008239,General Medicine,33,2025-01-19T18:51,2025-01-19T19:48,2025-01-19T22:42,57,231
SYN-0008240,General Medicine,64,2025-01-08T22:10,2025-01-08T23:20,2025-01-09T00:23,70,133
SYN-0008241,Emergency,26,2025-04-25T19:08,2025-04-25T19:41,2025-04-26T02:35,33,447
SYN-0008242,Cardiology,43,2025-11-08T01:28,2025-11-08T02:05,2025-11-08T02:57,37,89
SYN-0008243,Imaging,94,2025-02-23T03:41,2025-02-23T04:54,2025-02-23T05:12,73,91
SYN-0008244,Emergency,56,2025-05-11T04:14,2025-05-11T05:57,2025-05-11T06:42,103,148
SYN-0008245,Emergency,26,2025-02-16T18:15,2025-02-16T20:07,2025-02-16T23:18,112,303
SYN-0008246,Imaging,29,2025-02-26T12:51,2025-02-26T13:30,2025-02-26T14:45,39,114
SYN-0008247,Imaging,87,2025-07-17T17:05,2025-07-17T17:16,2025-07-17T18:21,11,76
SYN-0008248,Orthopedics,83,2025-11-14T05:11,2025-11-14T06:59,2025-11-14T09:21,108,250
SYN-0008249,General Medicine,38,2025-03-07T05:15,2025-03-07T07:08,2025-03-07T08:27,113,192
SYN-0008250,Orthopedics,95,2025-11-23T02:24,2025-11-23T04:15,2025-11-23T04:59,111,155
SYN-0008251,Emergency,87,2025-08-05T19:46,2025-08-05T21:14,2025-08-06T03:08,88,442
SYN-0008252,Emergency,91,2025-03-29T17:22,2025-03-29T18:35,2025-03-29T23:42,73,380
SYN-0008253,Emergency,60,2025-07-19T19:02,2025-07-19T19:43,2025-07-19T21:04,41,122
SYN-0008254,Imaging,74,2025-12-05T09:36,2025-12-05T10:44,2025-12-05T11:50,68,134
SYN-0008255,Imaging,34,2025-09-04T08:42,2025-09-04T08:56,2025-09-04T10:25,14,103
SYN-0008256,Orthopedics,30,2025-01-22T02:35,2025-01-22T03:52,2025-01-22T06:04,77,209
SYN-0008257,Imaging,30,2025-04-22T14:44,2025-04-22T14:53,2025-04-22T16:20,9,96
SYN-0008258,Imaging,27,2025-08-30T02:29,2025-08-30T03:28,2025-08-30T04:22,59,113
SYN-0008259,Imaging,37,2025-04-04T21:19,2025-04-04T22:23,2025-04-04T22:43,64,84
SYN-0008260,Cardiology,62,2025-07-03T04:43,2025-07-03T05:59,2025-07-03T06:45,76,122
SYN-0008261,Cardiology,74,2025-04-29T02:00,2025-04-29T02:44,2025-04-29T05:24,44,204
SYN-0008262,Imaging,37,2025-05-19T01:26,2025-05-19T01:48,2025-05-19T02:44,22,78
SYN-0008263,Emergency,86,2025-05-13T22:55,2025-05-14T01:43,2025-05-14T05:13,168,378
SYN-0008264,Orthopedics,48,2025-12-12T09:01,2025-12-12T10:13,2025-12-12T13:07,72,246
SYN-0008265,Orthopedics,40,2025-12-30T06:03,2025-12-30T07:38,2025-12-30T10:16,95,253
SYN-0008266,Imaging,61,2025-06-06T12:42,2025-06-06T13:08,2025-06-06T13:47,26,65
SYN-0008267,Imaging,21,2025-07-05T15:19,2025-07-05T15:26,2025-07-05T16:01,7,42
SYN-0008268,General Medicine,72,2025-10-19T21:57,2025-10-19T23:09,2025-10-20T02:06,72,249
SYN-0008269,Cardiology,67,2025-08-13T12:32,2025-08-13T13:54,2025-08-13T16:54,82,262
SYN-0008270,Orthopedics,35,2025-07-14T02:35,2025-07-14T03:48,2025-07-14T05:31,73,176
SYN-0008271,Imaging,58,2025-06-19T07:33,2025-06-19T08:09,2025-06-19T09:38,36,125
SYN-0008272,Imaging,95,2025-06-24T13:52,2025-06-24T14:41,2025-06-24T15:12,49,80
SYN-0008273,Emergency,76,2025-10-31T03:30,2025-10-31T06:01,2025-10-31T12:46,151,556
SYN-0008274,Imaging,49,2025-12-11T15:53,2025-12-11T16:19,2025-12-11T16:53,26,60
SYN-0008275,Orthopedics,57,2025-06-20T21:13,2025-06-20T23:08,2025-06-21T00:35,115,202
SYN-0008276,Emergency,25,2025-04-26T01:54,2025-04-26T03:43,2025-04-26T09:35,109,461
SYN-0008277,Emergency,49,2025-05-22T13:56,2025-05-22T15:51,2025-05-22T19:58,115,362
SYN-0008278,Orthopedics,51,2025-03-26T23:19,2025-03-27T01:03,2025-03-27T01:48,104,149
SYN-0008279,Cardiology,43,2025-10-18T01:48,2025-10-18T02:04,2025-10-18T04:24,16,156
SYN-0008280,Orthopedics,71,2025-05-09T22:13,2025-05-10T00:10,2025-05-10T02:07,117,234
SYN-0008281,Cardiology,41,2025-11-02T12:52,2025-11-02T13:48,2025-11-02T15:16,56,144
SYN-0008282,Cardiology,22,2025-12-01T12:04,2025-12-01T12:33,2025-12-01T14:51,29,167
SYN-0008283,Orthopedics,64,2025-09-22T21:58,2025-09-22T22:38,2025-09-23T00:16,40,138
SYN-0008284,Emergency,44,2025-08-12T04:10,2025-08-12T07:29,2025-08-12T13:33,199,563
SYN-0008285,Orthopedics,28,2025-04-18T06:13,2025-04-18T08:09,2025-04-18T09:53,116,220
SYN-0008286,Emergency,51,2025-09-05T05:47,2025-09-05T06:23,2025-09-05T10:52,36,305
SYN-0008287,General Medicine,79,2025-08-31T01:58,2025-08-31T03:15,2025-08-31T05:00,77,182
SYN-0008288,Orthopedics,40,2025-08-06T22:20,2025-08-06T22:46,2025-08-06T23:36,26,76
SYN-0008289,Orthopedics,64,2025-03-21T20:27,2025-03-21T21:20,2025-03-21T22:50,53,143
SYN-0008290,Emergency,33,2025-03-23T00:07,2025-03-23T00:58,2025-03-23T06:47,51,400
SYN-0008291,Imaging,50,2025-05-07T10:32,2025-05-07T11:11,2025-05-07T12:28,39,116
SYN-0008292,Imaging,74,2025-12-31T21:30,2025-12-31T22:11,2025-12-31T22:48,41,78
SYN-0008293,Cardiology,59,2025-05-29T18:21,2025-05-29T18:58,2025-05-29T21:35,37,194
SYN-0008294,Cardiology,65,2025-12-28T01:28,2025-12-28T02:56,2025-12-28T05:56,88,268
SYN-0008295,General Medicine,18,2025-06-24T15:57,2025-06-24T16:37,2025-06-24T18:39,40,162
SYN-0008296,Emergency,51,2025-03-28T19:41,2025-03-28T21:49,2025-03-29T01:00,128,319
SYN-0008297,Orthopedics,53,2025-06-10T08:59,2025-06-10T10:27,2025-06-10T11:16,88,137
SYN-0008298,Imaging,61,2025-02-05T11:23,2025-02-05T11:50,2025-02-05T12:35,27,72
SYN-0008299,Imaging,43,2025-08-25T03:14,2025-08-25T03:40,2025-08-25T04:28,26,74
SYN-0008300,Emergency,35,2025-03-08T20:08,2025-03-08T20:24,2025-03-09T03:04,16,416
SYN-0008301,Orthopedics,79,2025-06-23T18:02,2025-06-23T18:58,2025-06-23T20:44,56,162
SYN-0008302,General Medicine,44,2025-08-13T16:06,2025-08-13T17:54,2025-08-13T19:07,108,181
SYN-0008303,Emergency,52,2025-02-21T17:00,2025-02-21T20:39,2025-02-22T02:34,219,574
SYN-0008304,Imaging,93,2025-11-03T08:35,2025-11-03T08:41,2025-11-03T09:50,6,75
SYN-0008305,Imaging,94,2025-10-02T23:23,2025-10-02T23:42,2025-10-03T00:00,19,37
SYN-0008306,Imaging,95,2025-08-14T09:06,2025-08-14T09:42,2025-08-14T10:54,36,108
SYN-0008307,Emergency,26,2025-04-18T01:37,2025-04-18T05:32,2025-04-18T12:57,235,680
SYN-0008308,General Medicine,67,2025-01-27T22:10,2025-01-28T00:25,2025-01-28T03:28,135,318
SYN-0008309,Orthopedics,52,2025-02-26T10:52,2025-02-26T10:58,2025-02-26T13:16,6,144
SYN-0008310,Imaging,31,2025-01-07T13:05,2025-01-07T13:20,2025-01-07T14:19,15,74
SYN-0008311,Emergency,18,2025-08-20T20:48,2025-08-21T00:48,2025-08-21T02:42,240,354
SYN-0008312,Cardiology,23,2025-10-30T10:09,2025-10-30T10:38,2025-10-30T11:43,29,94
SYN-0008313,Emergency,41,2025-02-08T09:03,2025-02-08T10:18,2025-02-08T17:17,75,494
SYN-0008314,Imaging,83,2025-10-30T15:33,2025-10-30T15:59,2025-10-30T17:25,26,112
SYN-0008315,Cardiology,40,2025-03-24T03:40,2025-03-24T05:06,2025-03-24T06:25,86,165
SYN-0008316,Emergency,51,2025-02-28T05:11,2025-02-28T07:42,2025-02-28T11:32,151,381
SYN-0008317,General Medicine,65,2025-04-13T16:19,2025-04-13T18:49,2025-04-13T20:34,150,255
SYN-0008318,Emergency,66,2025-10-15T15:38,2025-10-15T19:25,2025-10-15T23:51,227,493
SYN-0008319,General Medicine,38,2025-07-10T05:59,2025-07-10T08:04,2025-07-10T10:43,125,284
SYN-0008320,Emergency,54,2025-02-19T02:45,2025-02-19T03:10,2025-02-19T09:11,25,386
SYN-0008321,Emergency,35,2025-07-16T09:06,2025-07-16T10:27,2025-07-16T18:06,81,540
SYN-0008322,Orthopedics,46,2025-12-13T09:12,2025-12-13T10:07,2025-12-13T10:40,55,88
SYN-0008323,Imaging,26,2025-11-05T02:52,2025-11-05T03:18,2025-11-05T04:04,26,72
SYN-0008324,Orthopedics,84,2025-05-04T12:58,2025-05-04T14:17,2025-05-04T16:21,79,203
SYN-0008325,Orthopedics,59,2025-11-29T17:54,2025-11-29T19:33,2025-11-29T21:12,99,198
SYN-0008326,Imaging,95,2025-12-23T15:29,2025-12-23T16:29,2025-12-23T17:11,60,102
SYN-0008327,General Medicine,21,2025-06-17T04:56,2025-06-17T05:49,2025-06-17T08:50,53,234
SYN-0008328,Orthopedics,91,2025-12-14T23:12,2025-12-14T23:57,2025-12-15T02:34,45,202
SYN-0008329,Imaging,74,2025-10-11T22:55,2025-10-12T00:08,2025-10-12T00:49,73,114
SYN-0008330,Imaging,30,2025-08-16T02:32,2025-08-16T02:39,2025-08-16T03:54,7,82
SYN-0008331,Emergency,95,2025-06-09T01:08,2025-06-09T02:52,2025-06-09T08:22,104,434
SYN-0008332,Orthopedics,58,2025-03-17T06:38,2025-03-17T08:16,2025-03-17T11:03,98,265
SYN-0008333,Emergency,90,2025-06-17T09:32,2025-06-17T12:59,2025-06-17T15:52,207,380
SYN-0008334,Emergency,21,2025-11-12T18:35,2025-11-12T19:45,2025-11-12T23:09,70,274
SYN-0008335,Cardiology,67,2025-10-26T10:02,2025-10-26T11:14,2025-10-26T13:30,72,208
SYN-0008336,Imaging,63,2025-06-03T23:51,2025-06-03T23:57,2025-06-04T01:05,6,74
SYN-0008337,Orthopedics,20,2025-10-14T00:36,2025-10-14T02:07,2025-10-14T04:36,91,240
SYN-0008338,Imaging,29,2025-05-05T19:39,2025-05-05T20:25,2025-05-05T20:50,46,71
SYN-0008339,Emergency,34,2025-07-31T20:57,2025-07-31T21:29,2025-08-01T02:15,32,318
SYN-0008340,Imaging,57,2025-10-04T11:33,2025-10-04T11:59,2025-10-04T12:31,26,58
SYN-0008341,Orthopedics,34,2025-01-17T23:53,2025-01-18T00:11,2025-01-18T02:55,18,182
SYN-0008342,Orthopedics,25,2025-08-02T15:26,2025-08-02T16:15,2025-08-02T19:14,49,228
SYN-0008343,General Medicine,59,2025-06-20T11:46,2025-06-20T13:25,2025-06-20T17:16,99,330
SYN-0008344,Imaging,38,2025-09-02T22:25,2025-09-02T23:17,2025-09-03T00:02,52,97
SYN-0008345,Orthopedics,76,2025-12-09T16:50,2025-12-09T18:17,2025-12-09T19:49,87,179
SYN-0008346,General Medicine,71,2025-11-22T16:28,2025-11-22T18:02,2025-11-22T18:41,94,133
SYN-0008347,Orthopedics,46,2025-12-01T01:11,2025-12-01T02:55,2025-12-01T04:47,104,216
SYN-0008348,Imaging,37,2025-09-14T18:28,2025-09-14T19:05,2025-09-14T20:31,37,123
SYN-0008349,Orthopedics,60,2025-05-05T04:16,2025-05-05T04:30,2025-05-05T05:43,14,87
SYN-0008350,General Medicine,93,2025-11-30T11:31,2025-11-30T12:55,2025-11-30T15:12,84,221
SYN-0008351,Emergency,59,2025-12-25T02:22,2025-12-25T02:53,2025-12-25T09:00,31,398
SYN-0008352,Cardiology,53,2025-05-08T13:04,2025-05-08T13:29,2025-05-08T16:16,25,192
SYN-0008353,General Medicine,44,2025-04-29T01:03,2025-04-29T03:02,2025-04-29T04:55,119,232
SYN-0008354,General Medicine,92,2025-07-05T12:52,2025-07-05T14:43,2025-07-05T17:20,111,268
SYN-0008355,General Medicine,46,2025-02-13T20:25,2025-02-13T20:48,2025-02-13T21:54,23,89
SYN-0008356,General Medicine,74,2025-01-28T16:55,2025-01-28T18:31,2025-01-28T20:09,96,194
SYN-0008357,Emergency,29,2025-07-10T22:46,2025-07-10T23:11,2025-07-11T04:27,25,341
SYN-0008358,Orthopedics,54,2025-04-04T20:44,2025-04-04T22:02,2025-04-04T22:53,78,129
SYN-0008359,Cardiology,58,2025-12-09T02:05,2025-12-09T03:03,2025-12-09T05:09,58,184
SYN-0008360,Cardiology,43,2025-02-20T09:11,2025-02-20T10:25,2025-02-20T12:37,74,206
SYN-0008361,General Medicine,60,2025-06-30T08:07,2025-06-30T10:20,2025-06-30T12:26,133,259
SYN-0008362,Cardiology,27,2025-10-31T19:37,2025-10-31T21:00,2025-10-31T22:57,83,200
SYN-0008363,Orthopedics,20,2025-05-03T00:39,2025-05-03T01:00,2025-05-03T03:21,21,162
SYN-0008364,Orthopedics,36,2025-09-15T21:31,2025-09-15T21:43,2025-09-16T00:23,12,172
SYN-0008365,Emergency,44,2025-06-29T04:20,2025-06-29T06:11,2025-06-29T13:25,111,545
SYN-0008366,Orthopedics,26,2025-02-25T12:12,2025-02-25T14:10,2025-02-25T16:24,118,252
SYN-0008367,General Medicine,42,2025-12-28T04:41,2025-12-28T06:58,2025-12-28T09:42,137,301
SYN-0008368,Imaging,66,2025-05-11T18:00,2025-05-11T18:23,2025-05-11T19:44,23,104
SYN-0008369,Orthopedics,82,2025-06-09T02:46,2025-06-09T04:08,2025-06-09T05:26,82,160
SYN-0008370,Emergency,79,2025-02-18T00:40,2025-02-18T02:03,2025-02-18T03:25,83,165
SYN-0008371,Emergency,24,2025-10-08T01:13,2025-10-08T04:48,2025-10-08T12:10,215,657
SYN-0008372,Cardiology,82,2025-02-14T12:45,2025-02-14T13:15,2025-02-14T14:59,30,134
SYN-0008373,Orthopedics,85,2025-03-05T05:35,2025-03-05T06:17,2025-03-05T07:59,42,144
SYN-0008374,Orthopedics,24,2025-11-10T00:47,2025-11-10T01:23,2025-11-10T03:40,36,173
SYN-0008375,Cardiology,46,2025-03-05T11:15,2025-03-05T11:22,2025-03-05T12:57,7,102
SYN-0008376,Imaging,38,2025-02-05T03:44,2025-02-05T04:59,2025-02-05T06:23,75,159
SYN-0008377,Emergency,71,2025-06-24T23:27,2025-06-24T23:45,2025-06-25T05:12,18,345
SYN-0008378,Imaging,77,2025-11-30T06:37,2025-11-30T07:34,2025-11-30T08:52,57,135
SYN-0008379,Imaging,76,2025-09-07T02:04,2025-09-07T02:39,2025-09-07T03:47,35,103
SYN-0008380,Imaging,56,2025-09-11T20:07,2025-09-11T20:51,2025-09-11T21:51,44,104
SYN-0008381,Orthopedics,50,2025-06-01T11:32,2025-06-01T12:56,2025-06-01T13:40,84,128
SYN-0008382,General Medicine,50,2025-08-29T21:33,2025-08-29T22:11,2025-08-30T01:18,38,225
SYN-0008383,Cardiology,24,2025-03-20T13:18,2025-03-20T14:08,2025-03-20T15:21,50,123
SYN-0008384,Cardiology,65,2025-08-18T11:22,2025-08-18T12:15,2025-08-18T13:52,53,150
SYN-0008385,Cardiology,42,2025-04-09T12:26,2025-04-09T13:01,2025-04-09T13:58,35,92
SYN-0008386,Cardiology,64,2025-05-30T20:10,2025-05-30T20:39,2025-05-30T21:45,29,95
SYN-0008387,Emergency,61,2025-08-18T07:17,2025-08-18T08:46,2025-08-18T14:51,89,454
SYN-0008388,Emergency,66,2025-04-15T07:34,2025-04-15T09:42,2025-04-15T10:23,128,169
SYN-0008389,Orthopedics,72,2025-04-11T22:27,2025-04-11T22:34,2025-04-12T00:54,7,147
SYN-0008390,Emergency,31,2025-07-24T22:32,2025-07-25T00:20,2025-07-25T04:35,108,363
SYN-0008391,Orthopedics,57,2025-08-05T05:38,2025-08-05T07:03,2025-08-05T08:04,85,146
SYN-0008392,General Medicine,31,2025-04-25T11:02,2025-04-25T13:14,2025-04-25T15:35,132,273
SYN-0008393,Imaging,50,2025-06-28T04:09,2025-06-28T04:50,2025-06-28T06:16,41,127
SYN-0008394,Cardiology,24,2025-07-01T11:55,2025-07-01T12:58,2025-07-01T15:39,63,224
SYN-0008395,Cardiology,73,2025-02-09T02:07,2025-02-09T03:26,2025-02-09T05:23,79,196
SYN-0008396,General Medicine,62,2025-05-03T23:18,2025-05-04T00:51,2025-05-04T03:23,93,245
SYN-0008397,Cardiology,47,2025-04-25T19:42,2025-04-25T21:12,2025-04-25T22:05,90,143
SYN-0008398,Orthopedics,77,2025-11-27T13:21,2025-11-27T14:30,2025-11-27T15:52,69,151
SYN-0008399,Emergency,86,2025-05-12T14:36,2025-05-12T15:27,2025-05-12T19:08,51,272
SYN-0008400,Orthopedics,93,2025-03-03T15:03,2025-03-03T16:15,2025-03-03T19:08,72,245
SYN-0008401,General Medicine,28,2025-09-18T20:38,2025-09-18T22:04,2025-09-19T01:08,86,270
SYN-0008402,Imaging,92,2025-02-18T22:44,2025-02-18T23:31,2025-02-19T01:00,47,136
SYN-0008403,Orthopedics,56,2025-08-02T12:08,2025-08-02T12:53,2025-08-02T15:03,45,175
SYN-0008404,Imaging,48,2025-04-16T03:13,2025-04-16T03:50,2025-04-16T04:46,37,93
SYN-0008405,General Medicine,27,2025-07-07T17:51,2025-07-07T18:02,2025-07-07T18:39,11,48
SYN-0008406,Orthopedics,85,2025-04-24T17:59,2025-04-24T18:25,2025-04-24T20:12,26,133
SYN-0008407,Imaging,60,2025-09-24T03:11,2025-09-24T04:19,2025-09-24T05:42,68,151
SYN-0008408,Orthopedics,82,2025-02-20T08:04,2025-02-20T09:12,2025-02-20T09:44,68,100
SYN-0008409,General Medicine,94,2025-12-22T09:36,2025-12-22T11:46,2025-12-22T15:31,130,355
SYN-0008410,Orthopedics,56,2025-04-01T23:23,2025-04-02T01:05,2025-04-02T01:46,102,143
SYN-0008411,Imaging,72,2025-06-16T09:30,2025-06-16T10:32,2025-06-16T10:52,62,82
SYN-0008412,Imaging,34,2025-02-02T09:00,2025-02-02T09:23,2025-02-02T10:21,23,81
SYN-0008413,General Medicine,27,2025-08-14T10:25,2025-08-14T10:42,2025-08-14T11:26,17,61
SYN-0008414,Imaging,48,2025-12-27T15:46,2025-12-27T16:52,2025-12-27T17:11,66,85
SYN-0008415,Orthopedics,49,2025-02-01T05:36,2025-02-01T07:10,2025-02-01T09:28,94,232
SYN-0008416,Emergency,56,2025-06-11T08:02,2025-06-11T09:57,2025-06-11T11:17,115,195
SYN-0008417,Emergency,29,2025-04-03T20:16,2025-04-03T23:37,2025-04-04T04:16,201,480
SYN-0008418,Imaging,59,2025-12-17T13:37,2025-12-17T14:16,2025-12-17T15:15,39,98
SYN-0008419,Cardiology,40,2025-07-30T03:19,2025-07-30T04:26,2025-07-30T06:39,67,200
SYN-0008420,General Medicine,80,2025-10-18T23:44,2025-10-19T00:45,2025-10-19T01:47,61,123
SYN-0008421,General Medicine,24,2025-09-16T13:04,2025-09-16T14:40,2025-09-16T15:33,96,149
SYN-0008422,Imaging,62,2025-02-21T03:28,2025-02-21T04:23,2025-02-21T05:44,55,136
SYN-0008423,Orthopedics,59,2025-03-21T23:05,2025-03-22T00:45,2025-03-22T03:14,100,249
SYN-0008424,Orthopedics,28,2025-10-31T05:07,2025-10-31T06:58,2025-10-31T09:14,111,247
SYN-0008425,Imaging,23,2025-08-08T13:22,2025-08-08T14:20,2025-08-08T15:46,58,144
SYN-0008426,General Medicine,67,2025-06-24T00:32,2025-06-24T01:43,2025-06-24T04:00,71,208
SYN-0008427,Orthopedics,90,2025-09-06T18:30,2025-09-06T19:27,2025-09-06T20:00,57,90
SYN-0008428,Orthopedics,32,2025-10-28T23:18,2025-10-29T00:03,2025-10-29T01:03,45,105
SYN-0008429,Emergency,71,2025-09-01T08:56,2025-09-01T10:02,2025-09-01T12:18,66,202
SYN-0008430,Cardiology,65,2025-07-09T21:47,2025-07-09T22:15,2025-07-09T23:33,28,106
SYN-0008431,Emergency,68,2025-09-29T18:00,2025-09-29T20:20,2025-09-29T22:06,140,246
SYN-0008432,General Medicine,28,2025-04-04T16:29,2025-04-04T18:22,2025-04-04T19:09,113,160
SYN-0008433,Cardiology,57,2025-11-25T10:39,2025-11-25T12:06,2025-11-25T14:40,87,241
SYN-0008434,General Medicine,88,2025-12-20T22:56,2025-12-21T00:45,2025-12-21T03:43,109,287
SYN-0008435,Orthopedics,43,2025-10-25T08:28,2025-10-25T09:40,2025-10-25T12:13,72,225
SYN-0008436,Emergency,25,2025-06-13T10:50,2025-06-13T13:26,2025-06-13T17:33,156,403
SYN-0008437,Orthopedics,51,2025-02-07T02:25,2025-02-07T02:50,2025-02-07T05:26,25,181
SYN-0008438,Cardiology,62,2025-05-12T09:15,2025-05-12T10:09,2025-05-12T11:40,54,145
SYN-0008439,General Medicine,35,2025-07-02T08:45,2025-07-02T09:15,2025-07-02T11:33,30,168
SYN-0008440,Cardiology,79,2025-04-08T16:19,2025-04-08T16:24,2025-04-08T17:39,5,80
SYN-0008441,Orthopedics,32,2025-01-08T06:26,2025-01-08T07:22,2025-01-08T10:22,56,236
SYN-0008442,Imaging,95,2025-03-20T14:01,2025-03-20T14:55,2025-03-20T15:36,54,95
SYN-0008443,Emergency,49,2025-11-06T15:44,2025-11-06T18:20,2025-11-07T01:52,156,608
SYN-0008444,Imaging,62,2025-09-22T04:45,2025-09-22T04:52,2025-09-22T06:14,7,89
SYN-0008445,Cardiology,37,2025-11-02T21:06,2025-11-02T22:00,2025-11-02T22:46,54,100
SYN-0008446,Cardiology,42,2025-10-28T21:40,2025-10-28T22:09,2025-10-28T22:57,29,77
SYN-0008447,Orthopedics,63,2025-05-31T01:35,2025-05-31T02:33,2025-05-31T05:03,58,208
SYN-0008448,Imaging,55,2025-10-13T03:34,2025-10-13T04:37,2025-10-13T05:39,63,125
SYN-0008449,Cardiology,26,2025-08-14T06:56,2025-08-14T08:18,2025-08-14T11:16,82,260
SYN-0008450,Emergency,22,2025-01-07T02:47,2025-01-07T06:21,2025-01-07T09:23,214,396
SYN-0008451,Cardiology,20,2025-05-28T23:51,2025-05-29T00:16,2025-05-29T03:01,25,190
SYN-0008452,Cardiology,74,2025-05-07T18:52,2025-05-07T19:13,2025-05-07T21:16,21,144
SYN-0008453,Orthopedics,59,2025-05-31T17:54,2025-05-31T19:49,2025-05-31T21:56,115,242
SYN-0008454,Cardiology,28,2025-10-28T20:27,2025-10-28T21:01,2025-10-28T23:13,34,166
SYN-0008455,Emergency,19,2025-04-21T03:13,2025-04-21T05:45,2025-04-21T10:38,152,445
SYN-0008456,Cardiology,92,2025-11-09T13:59,2025-11-09T15:13,2025-11-09T15:58,74,119
SYN-0008457,Orthopedics,26,2025-04-12T00:39,2025-04-12T01:48,2025-04-12T04:03,69,204
SYN-0008458,General Medicine,31,2025-02-16T15:47,2025-02-16T17:22,2025-02-16T18:43,95,176
SYN-0008459,Emergency,77,2025-02-27T05:40,2025-02-27T08:37,2025-02-27T10:30,177,290
SYN-0008460,Imaging,72,2025-10-12T22:35,2025-10-12T22:43,2025-10-12T23:24,8,49
SYN-0008461,Imaging,56,2025-10-13T15:38,2025-10-13T16:33,2025-10-13T17:17,55,99
SYN-0008462,Imaging,49,2025-02-23T14:54,2025-02-23T15:21,2025-02-23T16:40,27,106
SYN-0008463,Cardiology,61,2025-07-23T19:16,2025-07-23T20:14,2025-07-23T22:22,58,186
SYN-0008464,Emergency,24,2025-12-24T18:42,2025-12-24T19:41,2025-12-24T21:53,59,191
SYN-0008465,Cardiology,46,2025-01-23T11:25,2025-01-23T12:55,2025-01-23T14:51,90,206
SYN-0008466,Imaging,43,2025-09-09T05:56,2025-09-09T06:47,2025-09-09T07:29,51,93
SYN-0008467,Emergency,50,2025-04-24T02:04,2025-04-24T05:02,2025-04-24T07:14,178,310
SYN-0008468,Orthopedics,71,2025-08-29T07:33,2025-08-29T07:54,2025-08-29T10:18,21,165
SYN-0008469,Imaging,24,2025-09-07T06:11,2025-09-07T06:28,2025-09-07T07:57,17,106
SYN-0008470,Cardiology,82,2025-10-21T07:35,2025-10-21T07:46,2025-10-21T10:05,11,150
SYN-0008471,Imaging,34,2025-02-18T19:56,2025-02-18T20:08,2025-02-18T21:21,12,85
SYN-0008472,Imaging,55,2025-07-26T19:56,2025-07-26T20:43,2025-07-26T21:17,47,81
SYN-0008473,General Medicine,38,2025-09-16T21:30,2025-09-16T21:58,2025-09-17T00:36,28,186
SYN-0008474,General Medicine,18,2025-05-04T05:49,2025-05-04T08:08,2025-05-04T09:38,139,229
SYN-0008475,Emergency,93,2025-07-21T08:50,2025-07-21T10:23,2025-07-21T11:54,93,184
SYN-0008476,Imaging,52,2025-10-29T05:09,2025-10-29T06:10,2025-10-29T07:28,61,139
SYN-0008477,General Medicine,28,2025-10-19T05:47,2025-10-19T06:19,2025-10-19T07:51,32,124
SYN-0008478,Imaging,62,2025-10-29T09:58,2025-10-29T10:48,2025-10-29T11:59,50,121
SYN-0008479,Cardiology,67,2025-04-08T11:40,2025-04-08T12:50,2025-04-08T14:17,70,157
SYN-0008480,Emergency,52,2025-08-27T16:32,2025-08-27T20:16,2025-08-28T01:36,224,544
SYN-0008481,General Medicine,89,2025-08-11T00:53,2025-08-11T01:09,2025-08-11T02:12,16,79
SYN-0008482,Orthopedics,50,2025-05-19T03:27,2025-05-19T04:46,2025-05-19T06:31,79,184
SYN-0008483,Orthopedics,68,2025-10-26T00:40,2025-10-26T01:43,2025-10-26T04:15,63,215
SYN-0008484,Emergency,61,2025-11-15T03:53,2025-11-15T07:07,2025-11-15T09:38,194,345
SYN-0008485,Orthopedics,65,2025-03-07T19:55,2025-03-07T20:02,2025-03-07T20:40,7,45
SYN-0008486,General Medicine,74,2025-10-19T11:23,2025-10-19T13:01,2025-10-19T16:35,98,312
SYN-0008487,General Medicine,90,2025-06-01T16:04,2025-06-01T17:02,2025-06-01T18:08,58,124
SYN-0008488,Orthopedics,19,2025-10-07T08:18,2025-10-07T09:59,2025-10-07T11:17,101,179
SYN-0008489,Emergency,29,2025-07-27T08:50,2025-07-27T11:28,2025-07-27T18:37,158,587
SYN-0008490,Cardiology,71,2025-01-23T08:21,2025-01-23T09:47,2025-01-23T12:29,86,248
SYN-0008491,Imaging,47,2025-08-27T05:52,2025-08-27T06:10,2025-08-27T07:36,18,104
SYN-0008492,Imaging,86,2025-12-25T18:57,2025-12-25T19:06,2025-12-25T20:28,9,91
SYN-0008493,Emergency,35,2025-01-01T12:31,2025-01-01T14:33,2025-01-01T16:12,122,221
SYN-0008494,Emergency,88,2025-06-06T07:31,2025-06-06T11:20,2025-06-06T13:44,229,373
SYN-0008495,General Medicine,19,2025-04-26T00:15,2025-04-26T00:50,2025-04-26T01:37,35,82
SYN-0008496,General Medicine,72,2025-12-14T03:33,2025-12-14T05:32,2025-12-14T07:43,119,250
SYN-0008497,Cardiology,43,2025-01-13T16:59,2025-01-13T18:00,2025-01-13T19:26,61,147
SYN-0008498,Imaging,82,2025-07-02T04:55,2025-07-02T05:28,2025-07-02T06:20,33,85
SYN-0008499,Cardiology,79,2025-11-03T05:14,2025-11-03T06:07,2025-11-03T08:24,53,190
SYN-0008500,Emergency,92,2025-03-15T06:49,2025-03-15T08:56,2025-03-15T14:53,127,484
SYN-0008501,Emergency,80,2025-08-26T08:51,2025-08-26T10:29,2025-08-26T14:26,98,335
SYN-0008502,Orthopedics,80,2025-10-25T02:59,2025-10-25T04:51,2025-10-25T06:10,112,191
SYN-0008503,Imaging,68,2025-07-09T19:00,2025-07-09T19:09,2025-07-09T20:04,9,64
SYN-0008504,Imaging,68,2025-02-25T06:21,2025-02-25T06:51,2025-02-25T07:37,30,76
SYN-0008505,Orthopedics,52,2025-09-06T19:58,2025-09-06T21:35,2025-09-06T22:06,97,128
SYN-0008506,Imaging,48,2025-12-27T13:26,2025-12-27T14:41,2025-12-27T16:04,75,158
SYN-0008507,Emergency,86,2025-11-09T05:02,2025-11-09T08:25,2025-11-09T11:56,203,414
SYN-0008508,Emergency,60,2025-04-28T02:40,2025-04-28T03:04,2025-04-28T10:49,24,489
SYN-0008509,Cardiology,72,2025-05-09T05:31,2025-05-09T05:48,2025-05-09T07:07,17,96
SYN-0008510,Imaging,81,2025-07-18T03:40,2025-07-18T04:01,2025-07-18T04:56,21,76
SYN-0008511,General Medicine,90,2025-01-24T18:52,2025-01-24T19:14,2025-01-24T22:39,22,227
SYN-0008512,Orthopedics,19,2025-08-11T17:12,2025-08-11T18:23,2025-08-11T19:06,71,114
SYN-0008513,Emergency,33,2025-10-09T03:40,2025-10-09T07:09,2025-10-09T10:09,209,389
SYN-0008514,Orthopedics,23,2025-01-10T11:07,2025-01-10T12:29,2025-01-10T14:58,82,231
SYN-0008515,Emergency,22,2025-02-10T11:36,2025-02-10T12:04,2025-02-10T17:30,28,354
SYN-0008516,Imaging,50,2025-08-22T04:21,2025-08-22T04:52,2025-08-22T06:13,31,112
SYN-0008517,Imaging,81,2025-08-14T00:41,2025-08-14T01:42,2025-08-14T02:26,61,105
SYN-0008518,Orthopedics,91,2025-06-18T22:05,2025-06-18T22:41,2025-06-19T00:53,36,168
SYN-0008519,Emergency,31,2025-07-21T04:35,2025-07-21T07:06,2025-07-21T12:45,151,490
SYN-0008520,Cardiology,91,2025-08-20T12:41,2025-08-20T12:59,2025-08-20T15:59,18,198
SYN-0008521,Imaging,36,2025-06-09T11:54,2025-06-09T13:02,2025-06-09T13:25,68,91
SYN-0008522,Emergency,55,2025-09-12T23:21,2025-09-13T00:22,2025-09-13T00:58,61,97
SYN-0008523,Cardiology,63,2025-05-08T12:51,2025-05-08T14:20,2025-05-08T16:09,89,198
SYN-0008524,Emergency,43,2025-01-31T11:22,2025-01-31T11:58,2025-01-31T13:12,36,110
SYN-0008525,Orthopedics,91,2025-01-11T11:40,2025-01-11T13:01,2025-01-11T14:47,81,187
SYN-0008526,Orthopedics,26,2025-07-25T20:18,2025-07-25T20:44,2025-07-25T23:41,26,203
SYN-0008527,Cardiology,47,2025-01-27T11:17,2025-01-27T12:02,2025-01-27T14:41,45,204
SYN-0008528,Cardiology,77,2025-11-01T21:58,2025-11-01T22:34,2025-11-02T01:13,36,195
SYN-0008529,Imaging,39,2025-10-09T23:33,2025-10-10T00:33,2025-10-10T00:52,60,79
SYN-0008530,General Medicine,57,2025-05-28T02:25,2025-05-28T03:56,2025-05-28T04:44,91,139
SYN-0008531,Emergency,88,2025-12-09T12:34,2025-12-09T15:29,2025-12-09T17:47,175,313
SYN-0008532,Cardiology,55,2025-07-28T19:40,2025-07-28T20:53,2025-07-28T23:36,73,236
SYN-0008533,Cardiology,83,2025-03-14T18:13,2025-03-14T18:20,2025-03-14T21:20,7,187
SYN-0008534,Cardiology,90,2025-04-28T07:04,2025-04-28T08:01,2025-04-28T09:47,57,163
SYN-0008535,Cardiology,41,2025-01-07T04:57,2025-01-07T06:23,2025-01-07T09:02,86,245
SYN-0008536,Imaging,18,2025-05-02T11:48,2025-05-02T12:41,2025-05-02T13:27,53,99
SYN-0008537,Imaging,89,2025-08-13T22:43,2025-08-13T23:03,2025-08-14T00:02,20,79
SYN-0008538,Emergency,46,2025-03-27T08:33,2025-03-27T11:04,2025-03-27T14:20,151,347
SYN-0008539,Cardiology,83,2025-12-09T04:10,2025-12-09T04:28,2025-12-09T05:32,18,82
SYN-0008540,Imaging,75,2025-11-15T17:36,2025-11-15T17:48,2025-11-15T18:46,12,70
SYN-0008541,Imaging,93,2025-02-22T01:07,2025-02-22T02:09,2025-02-22T03:27,62,140
SYN-0008542,Cardiology,47,2025-01-25T07:10,2025-01-25T08:40,2025-01-25T09:59,90,169
SYN-0008543,Emergency,58,2025-11-20T05:54,2025-11-20T06:43,2025-11-20T11:44,49,350
SYN-0008544,Imaging,82,2025-09-18T08:08,2025-09-18T08:47,2025-09-18T09:06,39,58
SYN-0008545,General Medicine,44,2025-01-10T10:07,2025-01-10T11:04,2025-01-10T12:34,57,147
SYN-0008546,Imaging,80,2025-11-15T20:57,2025-11-15T21:03,2025-11-15T22:06,6,69
SYN-0008547,General Medicine,52,2025-05-04T14:33,2025-05-04T16:46,2025-05-04T17:44,133,191
SYN-0008548,General Medicine,66,2025-05-08T09:46,2025-05-08T11:56,2025-05-08T15:15,130,329
SYN-0008549,Orthopedics,42,2025-02-16T17:00,2025-02-16T17:48,2025-02-16T20:17,48,197
SYN-0008550,Imaging,79,2025-10-29T14:47,2025-10-29T15:28,2025-10-29T16:56,41,129
SYN-0008551,Orthopedics,57,2025-03-10T23:47,2025-03-11T01:21,2025-03-11T03:24,94,217
SYN-0008552,Orthopedics,40,2025-09-17T12:31,2025-09-17T13:05,2025-09-17T15:30,34,179
SYN-0008553,Orthopedics,84,2025-08-05T09:26,2025-08-05T10:27,2025-08-05T12:13,61,167
SYN-0008554,General Medicine,71,2025-04-12T13:52,2025-04-12T14:39,2025-04-12T16:31,47,159
SYN-0008555,General Medicine,84,2025-03-23T22:06,2025-03-23T22:28,2025-03-24T01:59,22,233
SYN-0008556,Orthopedics,58,2025-03-23T17:08,2025-03-23T17:26,2025-03-23T18:22,18,74
SYN-0008557,Imaging,87,2025-06-19T02:23,2025-06-19T03:28,2025-06-19T04:14,65,111
SYN-0008558,Orthopedics,72,2025-12-01T22:09,2025-12-01T22:23,2025-12-02T00:14,14,125
SYN-0008559,Orthopedics,22,2025-12-27T01:03,2025-12-27T02:42,2025-12-27T04:59,99,236
SYN-0008560,Orthopedics,95,2025-01-07T17:34,2025-01-07T17:46,2025-01-07T20:01,12,147
SYN-0008561,General Medicine,26,2025-06-02T13:36,2025-06-02T14:37,2025-06-02T17:16,61,220
SYN-0008562,General Medicine,59,2025-11-12T23:15,2025-11-13T00:22,2025-11-13T01:58,67,163
SYN-0008563,Emergency,58,2025-12-20T01:40,2025-12-20T02:35,2025-12-20T09:33,55,473
SYN-0008564,General Medicine,56,2025-07-01T01:01,2025-07-01T03:00,2025-07-01T03:43,119,162
SYN-0008565,Orthopedics,44,2025-06-25T12:33,2025-06-25T13:26,2025-06-25T14:47,53,134
SYN-0008566,General Medicine,64,2025-08-07T22:17,2025-08-07T23:05,2025-08-08T00:37,48,140
SYN-0008567,Cardiology,24,2025-11-26T04:30,2025-11-26T05:10,2025-11-26T07:17,40,167
SYN-0008568,Orthopedics,78,2025-09-03T13:45,2025-09-03T13:59,2025-09-03T15:50,14,125
SYN-0008569,General Medicine,86,2025-05-21T02:03,2025-05-21T02:47,2025-05-21T05:00,44,177
SYN-0008570,General Medicine,39,2025-05-28T11:27,2025-05-28T11:38,2025-05-28T15:38,11,251
SYN-0008571,Orthopedics,29,2025-12-04T20:45,2025-12-04T22:16,2025-12-04T23:23,91,158
SYN-0008572,Imaging,38,2025-10-11T18:12,2025-10-11T18:31,2025-10-11T19:53,19,101
SYN-0008573,General Medicine,50,2025-12-03T22:08,2025-12-03T23:54,2025-12-04T02:52,106,284
SYN-0008574,Imaging,78,2025-06-06T23:52,2025-06-07T00:50,2025-06-07T01:28,58,96
SYN-0008575,Emergency,53,2025-09-08T21:19,2025-09-08T22:22,2025-09-09T04:42,63,443
SYN-0008576,Imaging,85,2025-10-28T21:20,2025-10-28T22:21,2025-10-28T22:59,61,99
SYN-0008577,Emergency,33,2025-05-18T18:41,2025-05-18T21:17,2025-05-19T05:11,156,630
SYN-0008578,General Medicine,29,2025-07-24T06:24,2025-07-24T07:13,2025-07-24T08:28,49,124
SYN-0008579,Cardiology,68,2025-01-01T17:03,2025-01-01T17:36,2025-01-01T18:56,33,113
SYN-0008580,Cardiology,30,2025-07-02T13:24,2025-07-02T14:13,2025-07-02T15:59,49,155
SYN-0008581,General Medicine,65,2025-09-06T20:05,2025-09-06T21:47,2025-09-06T23:27,102,202
SYN-0008582,Orthopedics,58,2025-04-30T13:22,2025-04-30T13:35,2025-04-30T16:23,13,181
SYN-0008583,General Medicine,51,2025-03-04T06:53,2025-03-04T09:18,2025-03-04T10:49,145,236
SYN-0008584,Emergency,69,2025-09-10T18:59,2025-09-10T19:22,2025-09-10T21:50,23,171
SYN-0008585,Cardiology,82,2025-04-26T10:13,2025-04-26T10:21,2025-04-26T11:57,8,104
SYN-0008586,Cardiology,59,2025-05-19T22:11,2025-05-19T23:11,2025-05-20T01:57,60,226
SYN-0008587,Orthopedics,75,2025-08-13T12:50,2025-08-13T14:46,2025-08-13T15:18,116,148
SYN-0008588,General Medicine,74,2025-09-20T08:30,2025-09-20T10:59,2025-09-20T13:06,149,276
SYN-0008589,Emergency,35,2025-11-14T23:38,2025-11-15T01:37,2025-11-15T09:11,119,573
SYN-0008590,Emergency,25,2025-09-25T00:18,2025-09-25T01:17,2025-09-25T03:02,59,164
SYN-0008591,General Medicine,86,2025-10-24T22:31,2025-10-25T00:27,2025-10-25T01:41,116,190
SYN-0008592,Orthopedics,56,2025-06-03T03:43,2025-06-03T04:37,2025-06-03T06:21,54,158
SYN-0008593,Imaging,44,2025-05-08T07:31,2025-05-08T08:25,2025-05-08T08:46,54,75
SYN-0008594,Emergency,87,2025-09-21T05:40,2025-09-21T08:17,2025-09-21T10:14,157,274
SYN-0008595,Imaging,68,2025-07-30T19:01,2025-07-30T19:28,2025-07-30T20:49,27,108
SYN-0008596,Imaging,27,2025-06-02T10:25,2025-06-02T10:57,2025-06-02T12:02,32,97
SYN-0008597,Imaging,88,2025-01-12T23:25,2025-01-12T23:55,2025-01-13T00:41,30,76
SYN-0008598,Orthopedics,78,2025-03-17T02:17,2025-03-17T03:11,2025-03-17T03:51,54,94
SYN-0008599,Cardiology,48,2025-01-11T09:35,2025-01-11T10:30,2025-01-11T11:53,55,138
SYN-0008600,Cardiology,83,2025-02-05T18:06,2025-02-05T19:02,2025-02-05T21:06,56,180
SYN-0008601,Orthopedics,91,2025-07-24T19:51,2025-07-24T21:36,2025-07-25T00:13,105,262
SYN-0008602,Emergency,48,2025-11-12T09:05,2025-11-12T11:56,2025-11-12T13:12,171,247
SYN-0008603,Orthopedics,47,2025-01-26T04:08,2025-01-26T06:02,2025-01-26T07:28,114,200
SYN-0008604,Emergency,67,2025-03-13T07:17,2025-03-13T07:42,2025-03-13T14:17,25,420
SYN-0008605,Imaging,40,2025-11-11T05:34,2025-11-11T06:09,2025-11-11T07:12,35,98
SYN-0008606,Cardiology,58,2025-09-22T04:58,2025-09-22T06:10,2025-09-22T08:05,72,187
SYN-0008607,Orthopedics,86,2025-01-02T22:29,2025-01-02T22:43,2025-01-03T00:27,14,118
SYN-0008608,Orthopedics,38,2025-04-21T20:59,2025-04-21T22:02,2025-04-22T00:08,63,189
SYN-0008609,General Medicine,18,2025-03-17T19:08,2025-03-17T20:48,2025-03-17T21:37,100,149
SYN-0008610,General Medicine,28,2025-11-07T22:10,2025-11-07T23:39,2025-11-08T02:23,89,253
SYN-0008611,Emergency,23,2025-10-29T21:10,2025-10-29T22:57,2025-10-30T05:41,107,511
SYN-0008612,Emergency,18,2025-10-11T14:24,2025-10-11T15:20,2025-10-11T23:13,56,529
SYN-0008613,Orthopedics,74,2025-03-17T15:51,2025-03-17T16:49,2025-03-17T17:23,58,92
SYN-0008614,Orthopedics,83,2025-05-26T02:10,2025-05-26T03:33,2025-05-26T05:28,83,198
SYN-0008615,General Medicine,35,2025-10-04T12:20,2025-10-04T12:57,2025-10-04T16:57,37,277
SYN-0008616,Orthopedics,71,2025-01-18T09:46,2025-01-18T10:26,2025-01-18T11:14,40,88
SYN-0008617,Imaging,58,2025-07-29T15:14,2025-07-29T16:21,2025-07-29T17:45,67,151
SYN-0008618,Imaging,73,2025-02-25T10:52,2025-02-25T11:25,2025-02-25T11:58,33,66
SYN-0008619,Orthopedics,37,2025-07-19T09:05,2025-07-19T09:17,2025-07-19T10:32,12,87
SYN-0008620,Cardiology,52,2025-09-10T08:18,2025-09-10T09:30,2025-09-10T11:04,72,166
SYN-0008621,Orthopedics,27,2025-12-02T15:04,2025-12-02T16:57,2025-12-02T17:30,113,146
SYN-0008622,Emergency,39,2025-12-04T21:56,2025-12-05T00:50,2025-12-05T01:27,174,211
SYN-0008623,General Medicine,39,2025-01-18T11:02,2025-01-18T13:24,2025-01-18T15:29,142,267
SYN-0008624,Cardiology,21,2025-09-09T23:46,2025-09-10T01:15,2025-09-10T02:06,89,140
SYN-0008625,Imaging,50,2025-03-10T15:45,2025-03-10T16:45,2025-03-10T17:56,60,131
SYN-0008626,General Medicine,43,2025-06-11T22:17,2025-06-11T23:53,2025-06-12T01:22,96,185
SYN-0008627,Emergency,50,2025-02-28T16:13,2025-02-28T18:30,2025-03-01T01:31,137,558
SYN-0008628,Imaging,26,2025-07-06T00:37,2025-07-06T01:22,2025-07-06T02:22,45,105
SYN-0008629,Cardiology,92,2025-08-02T03:25,2025-08-02T04:42,2025-08-02T06:09,77,164
SYN-0008630,Cardiology,82,2025-05-12T00:01,2025-05-12T00:26,2025-05-12T01:12,25,71
SYN-0008631,General Medicine,24,2025-05-12T19:09,2025-05-12T19:37,2025-05-12T21:38,28,149
SYN-0008632,General Medicine,74,2025-03-22T13:58,2025-03-22T15:38,2025-03-22T16:43,100,165
SYN-0008633,Imaging,38,2025-03-29T12:36,2025-03-29T13:51,2025-03-29T14:06,75,90
SYN-0008634,Imaging,23,2025-09-01T07:56,2025-09-01T08:56,2025-09-01T09:32,60,96
SYN-0008635,Orthopedics,47,2025-12-14T12:08,2025-12-14T13:50,2025-12-14T14:34,102,146
SYN-0008636,Cardiology,94,2025-06-18T16:58,2025-06-18T17:38,2025-06-18T18:39,40,101
SYN-0008637,Orthopedics,39,2025-06-29T21:46,2025-06-29T22:21,2025-06-29T23:04,35,78
SYN-0008638,Orthopedics,50,2025-12-21T03:28,2025-12-21T03:38,2025-12-21T04:51,10,83
SYN-0008639,General Medicine,48,2025-04-21T15:41,2025-04-21T17:32,2025-04-21T21:30,111,349
SYN-0008640,General Medicine,55,2025-07-25T03:19,2025-07-25T04:27,2025-07-25T07:06,68,227
SYN-0008641,Emergency,79,2025-06-18T21:56,2025-06-19T01:20,2025-06-19T07:37,204,581
SYN-0008642,Imaging,94,2025-06-03T06:31,2025-06-03T07:21,2025-06-03T08:08,50,97
SYN-0008643,General Medicine,85,2025-09-17T11:53,2025-09-17T13:11,2025-09-17T14:20,78,147
SYN-0008644,Emergency,84,2025-01-20T03:38,2025-01-20T04:36,2025-01-20T07:01,58,203
SYN-0008645,Imaging,89,2025-07-29T08:06,2025-07-29T08:43,2025-07-29T09:10,37,64
SYN-0008646,Imaging,83,2025-02-04T02:01,2025-02-04T02:37,2025-02-04T03:08,36,67
SYN-0008647,Orthopedics,25,2025-08-31T06:21,2025-08-31T08:09,2025-08-31T08:44,108,143
SYN-0008648,Orthopedics,31,2025-12-27T20:50,2025-12-27T22:20,2025-12-28T01:00,90,250
SYN-0008649,Orthopedics,33,2025-08-18T08:12,2025-08-18T09:31,2025-08-18T10:08,79,116
SYN-0008650,General Medicine,80,2025-12-06T18:51,2025-12-06T19:33,2025-12-06T20:57,42,126
SYN-0008651,Cardiology,79,2025-02-07T20:31,2025-02-07T20:49,2025-02-07T21:49,18,78
SYN-0008652,Orthopedics,91,2025-12-09T14:56,2025-12-09T15:37,2025-12-09T17:12,41,136
SYN-0008653,Cardiology,78,2025-02-22T05:26,2025-02-22T06:43,2025-02-22T07:55,77,149
SYN-0008654,Emergency,21,2025-01-08T04:45,2025-01-08T06:59,2025-01-08T09:37,134,292
SYN-0008655,Cardiology,85,2025-10-15T06:07,2025-10-15T06:44,2025-10-15T09:00,37,173
SYN-0008656,General Medicine,60,2025-10-16T10:50,2025-10-16T12:10,2025-10-16T14:55,80,245
SYN-0008657,Imaging,53,2025-08-02T22:01,2025-08-02T22:32,2025-08-02T23:48,31,107
SYN-0008658,General Medicine,18,2025-10-02T13:12,2025-10-02T14:58,2025-10-02T17:11,106,239
SYN-0008659,Imaging,66,2025-10-14T17:25,2025-10-14T17:47,2025-10-14T18:30,22,65
SYN-0008660,Emergency,51,2025-12-09T05:12,2025-12-09T08:38,2025-12-09T11:37,206,385
SYN-0008661,Emergency,87,2025-03-18T21:54,2025-03-18T22:41,2025-03-18T23:14,47,80
SYN-0008662,Emergency,82,2025-06-03T10:21,2025-06-03T11:20,2025-06-03T15:33,59,312
SYN-0008663,Cardiology,18,2025-07-25T08:59,2025-07-25T09:49,2025-07-25T11:07,50,128
SYN-0008664,Orthopedics,64,2025-06-29T21:48,2025-06-29T22:20,2025-06-30T01:18,32,210
SYN-0008665,Emergency,68,2025-04-10T13:34,2025-04-10T15:26,2025-04-10T16:05,112,151
SYN-0008666,General Medicine,65,2025-11-18T05:46,2025-11-18T07:20,2025-11-18T09:53,94,247
SYN-0008667,Cardiology,89,2025-07-30T22:20,2025-07-30T23:20,2025-07-31T01:52,60,212
SYN-0008668,Emergency,72,2025-03-13T19:59,2025-03-13T21:04,2025-03-14T03:15,65,436
SYN-0008669,Cardiology,76,2025-02-20T14:33,2025-02-20T15:29,2025-02-20T18:14,56,221
SYN-0008670,Orthopedics,49,2025-02-18T19:53,2025-02-18T20:17,2025-02-18T21:53,24,120
SYN-0008671,Orthopedics,52,2025-10-08T16:38,2025-10-08T17:14,2025-10-08T19:48,36,190
SYN-0008672,Cardiology,46,2025-06-17T12:11,2025-06-17T13:34,2025-06-17T16:30,83,259
SYN-0008673,Emergency,48,2025-09-18T14:41,2025-09-18T15:44,2025-09-18T21:33,63,412
SYN-0008674,General Medicine,23,2025-10-17T04:22,2025-10-17T06:05,2025-10-17T07:09,103,167
SYN-0008675,General Medicine,41,2025-05-18T01:08,2025-05-18T03:35,2025-05-18T05:33,147,265
SYN-0008676,General Medicine,21,2025-07-31T09:00,2025-07-31T11:09,2025-07-31T12:39,129,219
SYN-0008677,Emergency,56,2025-12-22T23:00,2025-12-22T23:31,2025-12-23T02:11,31,191
SYN-0008678,Imaging,43,2025-12-23T09:39,2025-12-23T10:26,2025-12-23T11:15,47,96
SYN-0008679,Imaging,93,2025-07-20T14:00,2025-07-20T15:04,2025-07-20T15:23,64,83
SYN-0008680,General Medicine,76,2025-10-31T15:47,2025-10-31T16:07,2025-10-31T19:04,20,197
SYN-0008681,General Medicine,64,2025-08-14T18:10,2025-08-14T18:37,2025-08-14T21:41,27,211
SYN-0008682,Imaging,75,2025-12-15T23:56,2025-12-16T00:44,2025-12-16T02:12,48,136
SYN-0008683,Cardiology,22,2025-03-10T12:22,2025-03-10T13:45,2025-03-10T16:08,83,226
SYN-0008684,Cardiology,78,2025-09-07T20:30,2025-09-07T21:07,2025-09-07T21:57,37,87
SYN-0008685,Cardiology,84,2025-02-07T06:24,2025-02-07T07:20,2025-02-07T08:29,56,125
SYN-0008686,Emergency,81,2025-03-21T17:44,2025-03-21T19:09,2025-03-22T02:33,85,529
SYN-0008687,Orthopedics,22,2025-06-06T06:00,2025-06-06T06:59,2025-06-06T08:40,59,160
SYN-0008688,Imaging,76,2025-11-29T06:41,2025-11-29T07:06,2025-11-29T07:34,25,53
SYN-0008689,Emergency,91,2025-11-05T23:56,2025-11-06T02:59,2025-11-06T09:37,183,581
SYN-0008690,General Medicine,82,2025-08-22T05:12,2025-08-22T05:47,2025-08-22T07:56,35,164
SYN-0008691,Imaging,49,2025-10-26T16:25,2025-10-26T16:53,2025-10-26T17:37,28,72
SYN-0008692,Orthopedics,22,2025-03-28T10:41,2025-03-28T12:23,2025-03-28T13:10,102,149
SYN-0008693,Orthopedics,89,2025-11-17T03:30,2025-11-17T04:43,2025-11-17T06:37,73,187
SYN-0008694,Imaging,67,2025-04-16T20:49,2025-04-16T21:51,2025-04-16T22:20,62,91
SYN-0008695,Orthopedics,88,2025-04-27T08:56,2025-04-27T10:44,2025-04-27T13:16,108,260
SYN-0008696,Emergency,39,2025-03-27T16:24,2025-03-27T18:55,2025-03-27T20:38,151,254
SYN-0008697,Imaging,39,2025-09-25T06:20,2025-09-25T07:33,2025-09-25T08:53,73,153
SYN-0008698,Orthopedics,69,2025-02-16T14:09,2025-02-16T15:27,2025-02-16T18:26,78,257
SYN-0008699,Emergency,30,2025-08-01T18:37,2025-08-01T21:30,2025-08-02T02:31,173,474
SYN-0008700,Orthopedics,65,2025-09-01T17:54,2025-09-01T19:25,2025-09-01T22:18,91,264
SYN-0008701,Cardiology,53,2025-02-14T22:29,2025-02-14T23:33,2025-02-15T01:16,64,167
SYN-0008702,Cardiology,33,2025-05-28T23:12,2025-05-29T00:15,2025-05-29T02:46,63,214
SYN-0008703,General Medicine,81,2025-10-21T20:42,2025-10-21T22:14,2025-10-22T00:18,92,216
SYN-0008704,Emergency,73,2025-03-31T18:04,2025-03-31T20:20,2025-04-01T03:50,136,586
SYN-0008705,General Medicine,52,2025-03-11T12:36,2025-03-11T13:51,2025-03-11T15:26,75,170
SYN-0008706,Orthopedics,52,2025-02-13T01:01,2025-02-13T01:06,2025-02-13T01:37,5,36
SYN-0008707,Emergency,70,2025-09-27T03:04,2025-09-27T06:34,2025-09-27T10:51,210,467
SYN-0008708,Emergency,24,2025-03-31T14:13,2025-03-31T15:01,2025-03-31T17:33,48,200
SYN-0008709,Imaging,95,2025-11-20T16:46,2025-11-20T17:30,2025-11-20T17:50,44,64
SYN-0008710,Imaging,85,2025-10-27T08:54,2025-10-27T09:19,2025-10-27T10:48,25,114
SYN-0008711,Cardiology,57,2025-08-29T10:29,2025-08-29T10:56,2025-08-29T13:49,27,200
SYN-0008712,Cardiology,51,2025-07-14T16:46,2025-07-14T17:49,2025-07-14T19:26,63,160
SYN-0008713,General Medicine,65,2025-04-19T15:29,2025-04-19T17:43,2025-04-19T20:40,134,311
SYN-0008714,Emergency,42,2025-12-16T20:18,2025-12-16T23:52,2025-12-17T07:38,214,680
SYN-0008715,Imaging,75,2025-07-20T20:59,2025-07-20T21:56,2025-07-20T22:52,57,113
SYN-0008716,Orthopedics,79,2025-06-27T05:30,2025-06-27T06:40,2025-06-27T09:08,70,218
SYN-0008717,Emergency,42,2025-08-23T22:05,2025-08-23T22:30,2025-08-24T06:09,25,484
SYN-0008718,General Medicine,73,2025-02-10T03:42,2025-02-10T04:28,2025-02-10T06:28,46,166
SYN-0008719,Imaging,42,2025-08-24T19:02,2025-08-24T20:05,2025-08-24T20:35,63,93
SYN-0008720,Imaging,55,2025-12-13T05:20,2025-12-13T05:25,2025-12-13T05:53,5,33
SYN-0008721,Cardiology,38,2025-02-14T14:43,2025-02-14T14:50,2025-02-14T16:40,7,117
SYN-0008722,Orthopedics,55,2025-02-04T00:51,2025-02-04T01:44,2025-02-04T02:29,53,98
SYN-0008723,Emergency,68,2025-10-25T19:56,2025-10-25T20:57,2025-10-25T22:17,61,141
SYN-0008724,Imaging,79,2025-04-18T12:32,2025-04-18T13:36,2025-04-18T14:36,64,124
SYN-0008725,Emergency,75,2025-04-24T09:55,2025-04-24T11:57,2025-04-24T13:23,122,208
SYN-0008726,General Medicine,73,2025-11-16T17:27,2025-11-16T19:36,2025-11-16T20:32,129,185
SYN-0008727,Cardiology,55,2025-10-26T20:52,2025-10-26T21:38,2025-10-26T22:25,46,93
SYN-0008728,Cardiology,55,2025-01-18T02:56,2025-01-18T03:59,2025-01-18T05:24,63,148
SYN-0008729,Cardiology,70,2025-12-21T16:21,2025-12-21T17:31,2025-12-21T18:41,70,140
SYN-0008730,Imaging,74,2025-05-03T07:08,2025-05-03T08:03,2025-05-03T08:35,55,87
SYN-0008731,Emergency,57,2025-09-11T05:12,2025-09-11T05:58,2025-09-11T12:45,46,453
SYN-0008732,Cardiology,91,2025-06-19T00:50,2025-06-19T01:04,2025-06-19T03:30,14,160
SYN-0008733,Emergency,71,2025-08-13T23:49,2025-08-14T01:20,2025-08-14T06:11,91,382
SYN-0008734,Orthopedics,60,2025-04-02T19:56,2025-04-02T21:54,2025-04-03T00:27,118,271
SYN-0008735,Imaging,77,2025-10-07T14:00,2025-10-07T14:11,2025-10-07T15:02,11,62
SYN-0008736,General Medicine,44,2025-02-02T14:59,2025-02-02T15:49,2025-02-02T19:06,50,247
SYN-0008737,Imaging,58,2025-03-20T06:41,2025-03-20T06:48,2025-03-20T07:53,7,72
SYN-0008738,Orthopedics,26,2025-10-14T01:55,2025-10-14T02:04,2025-10-14T03:21,9,86
SYN-0008739,Cardiology,46,2025-12-10T03:56,2025-12-10T04:33,2025-12-10T05:25,37,89
SYN-0008740,Emergency,25,2025-04-23T16:05,2025-04-23T19:56,2025-04-23T21:35,231,330
SYN-0008741,Imaging,69,2025-11-14T01:38,2025-11-14T02:32,2025-11-14T03:43,54,125
SYN-0008742,Orthopedics,47,2025-08-25T03:56,2025-08-25T04:37,2025-08-25T05:08,41,72
SYN-0008743,Cardiology,70,2025-03-24T22:53,2025-03-24T23:33,2025-03-25T00:58,40,125
SYN-0008744,General Medicine,46,2025-09-01T21:30,2025-09-01T22:51,2025-09-02T00:17,81,167
SYN-0008745,Cardiology,77,2025-02-23T08:38,2025-02-23T09:47,2025-02-23T12:23,69,225
SYN-0008746,General Medicine,48,2025-02-19T08:34,2025-02-19T08:47,2025-02-19T10:50,13,136
SYN-0008747,General Medicine,46,2025-11-26T22:13,2025-11-26T22:31,2025-11-27T00:26,18,133
SYN-0008748,Cardiology,74,2025-10-03T08:53,2025-10-03T09:12,2025-10-03T10:54,19,121
SYN-0008749,General Medicine,60,2025-09-17T21:14,2025-09-17T23:02,2025-09-18T00:47,108,213
SYN-0008750,Orthopedics,58,2025-03-22T06:07,2025-03-22T06:29,2025-03-22T08:43,22,156
SYN-0008751,Emergency,62,2025-01-09T02:35,2025-01-09T02:52,2025-01-09T07:07,17,272
SYN-0008752,Orthopedics,38,2025-09-23T04:20,2025-09-23T05:28,2025-09-23T06:00,68,100
SYN-0008753,General Medicine,86,2025-10-18T03:54,2025-10-18T05:39,2025-10-18T06:18,105,144
SYN-0008754,Imaging,34,2025-03-09T10:28,2025-03-09T11:07,2025-03-09T11:59,39,91
SYN-0008755,Cardiology,58,2025-05-07T05:14,2025-05-07T06:02,2025-05-07T08:38,48,204
SYN-0008756,General Medicine,69,2025-04-20T13:38,2025-04-20T15:29,2025-04-20T18:31,111,293
SYN-0008757,Cardiology,22,2025-01-19T04:07,2025-01-19T04:52,2025-01-19T07:27,45,200
SYN-0008758,Imaging,26,2025-09-09T19:57,2025-09-09T20:25,2025-09-09T21:22,28,85
SYN-0008759,Orthopedics,64,2025-11-22T07:16,2025-11-22T07:32,2025-11-22T10:05,16,169
SYN-0008760,Emergency,78,2025-05-27T04:28,2025-05-27T08:19,2025-05-27T13:48,231,560
SYN-0008761,General Medicine,45,2025-09-01T15:07,2025-09-01T16:21,2025-09-01T19:21,74,254
SYN-0008762,Emergency,43,2025-11-27T20:12,2025-11-27T23:55,2025-11-28T01:53,223,341
SYN-0008763,Orthopedics,85,2025-09-01T09:06,2025-09-01T10:48,2025-09-01T12:22,102,196
SYN-0008764,Emergency,72,2025-12-25T15:17,2025-12-25T18:18,2025-12-25T19:21,181,244
SYN-0008765,Cardiology,71,2025-07-15T18:23,2025-07-15T18:42,2025-07-15T20:17,19,114
SYN-0008766,Emergency,27,2025-10-02T07:25,2025-10-02T09:16,2025-10-02T12:07,111,282
SYN-0008767,Orthopedics,49,2025-09-02T05:18,2025-09-02T05:42,2025-09-02T08:02,24,164
SYN-0008768,Cardiology,75,2025-07-10T13:42,2025-07-10T14:05,2025-07-10T15:22,23,100
SYN-0008769,Emergency,18,2025-03-11T00:24,2025-03-11T03:43,2025-03-11T09:59,199,575
SYN-0008770,Emergency,39,2025-03-20T17:53,2025-03-20T19:12,2025-03-21T00:12,79,379
SYN-0008771,General Medicine,23,2025-07-18T09:45,2025-07-18T11:48,2025-07-18T12:36,123,171
SYN-0008772,General Medicine,56,2025-11-22T19:31,2025-11-22T20:45,2025-11-22T22:18,74,167
SYN-0008773,General Medicine,69,2025-04-09T20:34,2025-04-09T21:14,2025-04-10T01:11,40,277
SYN-0008774,General Medicine,19,2025-07-01T20:30,2025-07-01T21:08,2025-07-01T23:42,38,192
SYN-0008775,Emergency,59,2025-01-14T04:37,2025-01-14T07:00,2025-01-14T14:46,143,609
SYN-0008776,General Medicine,60,2025-01-09T16:17,2025-01-09T18:45,2025-01-09T22:41,148,384
SYN-0008777,General Medicine,52,2025-03-29T22:03,2025-03-29T22:23,2025-03-30T01:12,20,189
SYN-0008778,Emergency,21,2025-07-25T19:08,2025-07-25T20:07,2025-07-25T22:27,59,199
SYN-0008779,Orthopedics,24,2025-03-23T18:41,2025-03-23T18:50,2025-03-23T21:41,9,180
SYN-0008780,Orthopedics,84,2025-09-06T12:12,2025-09-06T13:05,2025-09-06T14:31,53,139
SYN-0008781,Imaging,48,2025-03-18T22:33,2025-03-18T22:42,2025-03-18T23:20,9,47
SYN-0008782,Emergency,90,2025-10-30T01:52,2025-10-30T02:26,2025-10-30T06:26,34,274
SYN-0008783,Orthopedics,27,2025-04-10T19:56,2025-04-10T20:54,2025-04-10T21:29,58,93
SYN-0008784,Cardiology,72,2025-11-23T05:40,2025-11-23T06:22,2025-11-23T08:57,42,197
SYN-0008785,Orthopedics,37,2025-03-25T13:26,2025-03-25T13:49,2025-03-25T16:28,23,182
SYN-0008786,Orthopedics,68,2025-05-19T11:02,2025-05-19T12:19,2025-05-19T15:03,77,241
SYN-0008787,Cardiology,83,2025-07-14T18:29,2025-07-14T18:40,2025-07-14T21:22,11,173
SYN-0008788,General Medicine,94,2025-08-22T18:26,2025-08-22T19:43,2025-08-22T22:42,77,256
SYN-0008789,Emergency,18,2025-10-11T02:38,2025-10-11T06:24,2025-10-11T08:22,226,344
SYN-0008790,General Medicine,46,2025-06-28T04:17,2025-06-28T05:05,2025-06-28T05:35,48,78
SYN-0008791,Emergency,73,2025-07-09T02:52,2025-07-09T06:07,2025-07-09T13:48,195,656
SYN-0008792,Orthopedics,33,2025-12-27T18:22,2025-12-27T19:20,2025-12-27T21:20,58,178
SYN-0008793,Imaging,83,2025-12-24T12:17,2025-12-24T13:12,2025-12-24T14:12,55,115
SYN-0008794,Emergency,91,2025-07-27T19:53,2025-07-27T20:57,2025-07-27T21:38,64,105
SYN-0008795,General Medicine,48,2025-08-09T18:54,2025-08-09T20:32,2025-08-09T21:16,98,142
SYN-0008796,General Medicine,68,2025-03-15T03:05,2025-03-15T04:56,2025-03-15T06:40,111,215
SYN-0008797,Orthopedics,36,2025-10-08T19:11,2025-10-08T20:01,2025-10-08T20:41,50,90
SYN-0008798,General Medicine,34,2025-04-05T19:07,2025-04-05T20:39,2025-04-05T21:57,92,170
SYN-0008799,Cardiology,52,2025-04-18T14:05,2025-04-18T14:12,2025-04-18T16:57,7,172
SYN-0008800,General Medicine,30,2025-07-05T10:44,2025-07-05T12:59,2025-07-05T15:07,135,263
SYN-0008801,Cardiology,90,2025-06-08T10:18,2025-06-08T11:15,2025-06-08T12:25,57,127
SYN-0008802,Orthopedics,50,2025-12-23T19:30,2025-12-23T21:19,2025-12-23T23:21,109,231
SYN-0008803,Orthopedics,82,2025-03-28T08:09,2025-03-28T09:23,2025-03-28T11:34,74,205
SYN-0008804,Emergency,91,2025-05-26T16:36,2025-05-26T19:42,2025-05-26T22:57,186,381
SYN-0008805,Cardiology,65,2025-06-09T15:37,2025-06-09T16:21,2025-06-09T17:15,44,98
SYN-0008806,Orthopedics,78,2025-04-13T11:55,2025-04-13T13:21,2025-04-13T15:02,86,187
SYN-0008807,General Medicine,93,2025-04-02T00:15,2025-04-02T02:40,2025-04-02T04:40,145,265
SYN-0008808,Cardiology,65,2025-10-06T22:41,2025-10-06T22:47,2025-10-07T01:22,6,161
SYN-0008809,Imaging,94,2025-09-27T18:11,2025-09-27T18:41,2025-09-27T19:18,30,67
SYN-0008810,Imaging,38,2025-11-14T04:30,2025-11-14T04:53,2025-11-14T06:06,23,96
SYN-0008811,Cardiology,28,2025-06-21T19:38,2025-06-21T20:13,2025-06-21T22:44,35,186
SYN-0008812,Cardiology,50,2025-06-17T23:42,2025-06-18T00:47,2025-06-18T02:59,65,197
SYN-0008813,Emergency,61,2025-09-08T18:36,2025-09-08T21:02,2025-09-08T23:17,146,281
SYN-0008814,Imaging,83,2025-04-08T17:20,2025-04-08T17:29,2025-04-08T18:04,9,44
SYN-0008815,Emergency,81,2025-11-27T20:20,2025-11-27T20:52,2025-11-28T04:42,32,502
SYN-0008816,Emergency,34,2025-11-03T04:40,2025-11-03T07:43,2025-11-03T08:26,183,226
SYN-0008817,General Medicine,35,2025-01-13T21:51,2025-01-13T23:16,2025-01-14T01:18,85,207
SYN-0008818,Imaging,46,2025-11-28T04:45,2025-11-28T05:26,2025-11-28T06:15,41,90
SYN-0008819,Orthopedics,30,2025-07-22T02:56,2025-07-22T04:26,2025-07-22T05:50,90,174
SYN-0008820,Orthopedics,21,2025-02-23T07:40,2025-02-23T09:14,2025-02-23T10:47,94,187
SYN-0008821,Cardiology,85,2025-04-01T01:44,2025-04-01T02:12,2025-04-01T03:58,28,134
SYN-0008822,Imaging,72,2025-02-06T08:42,2025-02-06T09:41,2025-02-06T10:55,59,133
SYN-0008823,Imaging,79,2025-12-09T17:58,2025-12-09T19:05,2025-12-09T19:52,67,114
SYN-0008824,Cardiology,25,2025-02-27T20:53,2025-02-27T21:04,2025-02-27T22:13,11,80
SYN-0008825,Orthopedics,83,2025-06-17T19:36,2025-06-17T19:41,2025-06-17T22:32,5,176
SYN-0008826,Orthopedics,68,2025-05-07T06:40,2025-05-07T07:16,2025-05-07T09:45,36,185
SYN-0008827,Emergency,78,2025-11-22T11:17,2025-11-22T14:49,2025-11-22T16:02,212,285
SYN-0008828,Imaging,54,2025-05-18T04:20,2025-05-18T05:09,2025-05-18T05:52,49,92
SYN-0008829,Cardiology,93,2025-06-04T04:28,2025-06-04T04:50,2025-06-04T06:58,22,150
SYN-0008830,Cardiology,51,2025-04-08T12:38,2025-04-08T14:01,2025-04-08T15:19,83,161
SYN-0008831,Cardiology,75,2025-12-14T06:18,2025-12-14T07:09,2025-12-14T10:00,51,222
SYN-0008832,Cardiology,64,2025-07-03T16:27,2025-07-03T17:30,2025-07-03T20:11,63,224
SYN-0008833,Imaging,31,2025-05-01T01:03,2025-05-01T01:51,2025-05-01T02:12,48,69
SYN-0008834,General Medicine,29,2025-05-16T22:50,2025-05-17T01:14,2025-05-17T03:12,144,262
SYN-0008835,Emergency,73,2025-08-14T00:22,2025-08-14T01:44,2025-08-14T06:43,82,381
SYN-0008836,Emergency,42,2025-10-03T14:05,2025-10-03T15:13,2025-10-03T21:47,68,462
SYN-0008837,General Medicine,86,2025-10-16T12:43,2025-10-16T13:51,2025-10-16T16:50,68,247
SYN-0008838,Imaging,40,2025-08-05T19:15,2025-08-05T20:29,2025-08-05T21:48,74,153
SYN-0008839,Emergency,77,2025-07-27T19:03,2025-07-27T22:27,2025-07-28T05:20,204,617
SYN-0008840,Orthopedics,65,2025-06-29T13:22,2025-06-29T15:22,2025-06-29T18:22,120,300
SYN-0008841,General Medicine,25,2025-12-12T17:48,2025-12-12T19:17,2025-12-12T21:41,89,233
SYN-0008842,Imaging,85,2025-05-10T08:48,2025-05-10T09:24,2025-05-10T10:54,36,126
SYN-0008843,Orthopedics,37,2025-02-09T17:41,2025-02-09T18:16,2025-02-09T19:19,35,98
SYN-0008844,Orthopedics,71,2025-03-01T03:18,2025-03-01T04:02,2025-03-01T06:16,44,178
SYN-0008845,Imaging,75,2025-11-21T02:46,2025-11-21T03:28,2025-11-21T04:35,42,109
SYN-0008846,General Medicine,45,2025-11-13T09:45,2025-11-13T10:12,2025-11-13T12:55,27,190
SYN-0008847,Imaging,55,2025-08-26T01:42,2025-08-26T01:57,2025-08-26T02:40,15,58
SYN-0008848,Orthopedics,26,2025-04-09T08:28,2025-04-09T10:13,2025-04-09T13:12,105,284
SYN-0008849,Emergency,74,2025-09-02T04:04,2025-09-02T07:16,2025-09-02T12:32,192,508
SYN-0008850,Cardiology,29,2025-02-07T14:48,2025-02-07T15:22,2025-02-07T17:32,34,164
SYN-0008851,General Medicine,81,2025-06-05T15:47,2025-06-05T17:08,2025-06-05T19:35,81,228
SYN-0008852,Imaging,43,2025-10-20T00:28,2025-10-20T01:27,2025-10-20T01:59,59,91
SYN-0008853,General Medicine,90,2025-08-01T16:06,2025-08-01T17:53,2025-08-01T19:53,107,227
SYN-0008854,General Medicine,90,2025-12-05T10:22,2025-12-05T12:38,2025-12-05T16:01,136,339
SYN-0008855,Emergency,35,2025-04-22T22:07,2025-04-23T01:18,2025-04-23T05:53,191,466
SYN-0008856,Emergency,20,2025-03-31T19:15,2025-03-31T19:36,2025-04-01T00:47,21,332
SYN-0008857,Emergency,40,2025-07-06T01:34,2025-07-06T02:08,2025-07-06T08:58,34,444
SYN-0008858,General Medicine,94,2025-10-31T01:55,2025-10-31T03:49,2025-10-31T07:09,114,314
SYN-0008859,Emergency,28,2025-08-21T19:48,2025-08-21T21:39,2025-08-21T23:42,111,234
SYN-0008860,Orthopedics,31,2025-09-05T17:20,2025-09-05T18:27,2025-09-05T20:19,67,179
SYN-0008861,Orthopedics,90,2025-02-01T03:00,2025-02-01T04:55,2025-02-01T07:54,115,294
SYN-0008862,Imaging,83,2025-01-11T05:01,2025-01-11T06:02,2025-01-11T06:29,61,88
SYN-0008863,Emergency,63,2025-07-13T02:09,2025-07-13T02:19,2025-07-13T08:54,10,405
SYN-0008864,General Medicine,38,2025-07-18T17:13,2025-07-18T19:26,2025-07-18T20:42,133,209
SYN-0008865,Cardiology,72,2025-10-14T23:00,2025-10-15T00:06,2025-10-15T02:06,66,186
SYN-0008866,Orthopedics,84,2025-08-05T13:38,2025-08-05T15:13,2025-08-05T16:15,95,157
SYN-0008867,Cardiology,76,2025-03-25T17:11,2025-03-25T17:21,2025-03-25T19:34,10,143
SYN-0008868,Emergency,60,2025-04-24T01:51,2025-04-24T04:31,2025-04-24T08:58,160,427
SYN-0008869,Emergency,50,2025-06-08T02:51,2025-06-08T03:47,2025-06-08T09:51,56,420
SYN-0008870,Cardiology,73,2025-06-18T22:44,2025-06-18T23:19,2025-06-19T01:27,35,163
SYN-0008871,Imaging,81,2025-12-19T11:35,2025-12-19T12:27,2025-12-19T13:39,52,124
SYN-0008872,Imaging,67,2025-04-05T17:19,2025-04-05T17:51,2025-04-05T18:38,32,79
SYN-0008873,Orthopedics,24,2025-08-23T23:04,2025-08-24T00:17,2025-08-24T02:50,73,226
SYN-0008874,Cardiology,56,2025-01-07T14:35,2025-01-07T16:05,2025-01-07T17:07,90,152
SYN-0008875,General Medicine,50,2025-03-09T02:26,2025-03-09T04:28,2025-03-09T07:31,122,305
SYN-0008876,Emergency,41,2025-02-24T14:56,2025-02-24T17:06,2025-02-24T21:40,130,404
SYN-0008877,General Medicine,28,2025-10-28T16:34,2025-10-28T16:51,2025-10-28T20:42,17,248
SYN-0008878,General Medicine,68,2025-07-12T09:14,2025-07-12T09:33,2025-07-12T12:06,19,172
SYN-0008879,Imaging,78,2025-07-18T18:08,2025-07-18T19:05,2025-07-18T20:23,57,135
SYN-0008880,Cardiology,39,2025-03-29T04:01,2025-03-29T04:17,2025-03-29T06:59,16,178
SYN-0008881,Orthopedics,67,2025-09-26T03:40,2025-09-26T05:23,2025-09-26T06:51,103,191
SYN-0008882,Imaging,45,2025-02-06T17:06,2025-02-06T18:15,2025-02-06T19:01,69,115
SYN-0008883,Cardiology,91,2025-10-09T16:49,2025-10-09T17:38,2025-10-09T19:13,49,144
SYN-0008884,Orthopedics,59,2025-09-21T21:31,2025-09-21T23:07,2025-09-22T00:13,96,162
SYN-0008885,General Medicine,80,2025-10-04T12:45,2025-10-04T14:49,2025-10-04T18:25,124,340
SYN-0008886,Cardiology,89,2025-12-12T13:20,2025-12-12T14:05,2025-12-12T14:52,45,92
SYN-0008887,Emergency,40,2025-12-30T12:29,2025-12-30T15:50,2025-12-30T16:48,201,259
SYN-0008888,General Medicine,77,2025-08-05T15:47,2025-08-05T16:54,2025-08-05T20:11,67,264
SYN-0008889,Imaging,41,2025-02-22T09:52,2025-02-22T10:31,2025-02-22T11:39,39,107
SYN-0008890,Imaging,69,2025-05-29T23:48,2025-05-30T00:04,2025-05-30T00:52,16,64
SYN-0008891,Cardiology,74,2025-05-09T04:46,2025-05-09T05:04,2025-05-09T07:30,18,164
SYN-0008892,Orthopedics,46,2025-07-06T04:05,2025-07-06T05:00,2025-07-06T06:46,55,161
SYN-0008893,General Medicine,26,2025-08-20T19:48,2025-08-20T20:07,2025-08-20T23:06,19,198
SYN-0008894,General Medicine,45,2025-10-19T22:12,2025-10-19T23:48,2025-10-20T01:58,96,226
SYN-0008895,Emergency,43,2025-10-14T19:18,2025-10-14T19:43,2025-10-15T01:46,25,388
SYN-0008896,Imaging,63,2025-02-09T04:31,2025-02-09T04:54,2025-02-09T05:24,23,53
SYN-0008897,Emergency,75,2025-02-11T03:10,2025-02-11T04:59,2025-02-11T07:41,109,271
SYN-0008898,General Medicine,56,2025-02-10T09:27,2025-02-10T11:35,2025-02-10T15:14,128,347
SYN-0008899,General Medicine,64,2025-05-29T21:34,2025-05-29T22:11,2025-05-29T23:04,37,90
SYN-0008900,Cardiology,64,2025-10-30T15:24,2025-10-30T16:29,2025-10-30T18:17,65,173
SYN-0008901,Cardiology,92,2025-08-19T18:16,2025-08-19T19:22,2025-08-19T20:48,66,152
SYN-0008902,General Medicine,78,2025-12-02T13:15,2025-12-02T15:05,2025-12-02T17:27,110,252
SYN-0008903,Emergency,84,2025-08-06T03:24,2025-08-06T04:59,2025-08-06T08:33,95,309
SYN-0008904,General Medicine,41,2025-03-06T22:23,2025-03-06T22:42,2025-03-07T01:13,19,170
SYN-0008905,General Medicine,59,2025-03-11T23:27,2025-03-12T01:15,2025-03-12T04:20,108,293
SYN-0008906,Orthopedics,79,2025-05-14T07:34,2025-05-14T09:09,2025-05-14T11:59,95,265
SYN-0008907,Emergency,91,2025-04-03T16:35,2025-04-03T16:57,2025-04-03T23:03,22,388
SYN-0008908,Cardiology,34,2025-06-04T11:29,2025-06-04T12:01,2025-06-04T13:12,32,103
SYN-0008909,Imaging,78,2025-05-23T00:29,2025-05-23T01:39,2025-05-23T03:07,70,158
SYN-0008910,Orthopedics,26,2025-04-25T00:51,2025-04-25T01:49,2025-04-25T02:24,58,93
SYN-0008911,Cardiology,64,2025-02-25T03:41,2025-02-25T04:41,2025-02-25T06:39,60,178
SYN-0008912,Imaging,95,2025-04-09T14:25,2025-04-09T15:31,2025-04-09T15:56,66,91
SYN-0008913,Emergency,65,2025-05-06T19:34,2025-05-06T21:58,2025-05-07T00:44,144,310
SYN-0008914,Emergency,70,2025-09-15T04:30,2025-09-15T07:44,2025-09-15T13:16,194,526
SYN-0008915,Emergency,61,2025-09-23T11:37,2025-09-23T13:48,2025-09-23T18:01,131,384
SYN-0008916,General Medicine,65,2025-06-10T06:46,2025-06-10T07:36,2025-06-10T08:45,50,119
SYN-0008917,Orthopedics,89,2025-08-24T07:41,2025-08-24T09:39,2025-08-24T10:42,118,181
SYN-0008918,Imaging,18,2025-05-22T23:09,2025-05-22T23:17,2025-05-23T00:27,8,78
SYN-0008919,Cardiology,48,2025-06-12T05:39,2025-06-12T06:02,2025-06-12T07:32,23,113
SYN-0008920,Orthopedics,85,2025-11-16T13:04,2025-11-16T13:27,2025-11-16T16:16,23,192
SYN-0008921,General Medicine,42,2025-09-30T17:59,2025-09-30T20:16,2025-09-30T21:12,137,193
SYN-0008922,Orthopedics,80,2025-08-07T16:29,2025-08-07T18:16,2025-08-07T20:30,107,241
SYN-0008923,Cardiology,81,2025-08-14T14:11,2025-08-14T15:08,2025-08-14T18:07,57,236
SYN-0008924,Orthopedics,59,2025-09-20T02:20,2025-09-20T03:17,2025-09-20T04:57,57,157
SYN-0008925,Emergency,84,2025-04-20T21:00,2025-04-20T23:06,2025-04-21T05:26,126,506
SYN-0008926,Cardiology,88,2025-03-31T11:53,2025-03-31T12:11,2025-03-31T12:58,18,65
SYN-0008927,Orthopedics,87,2025-02-05T18:23,2025-02-05T20:00,2025-02-05T20:42,97,139
SYN-0008928,Imaging,62,2025-08-15T02:21,2025-08-15T03:06,2025-08-15T04:12,45,111
SYN-0008929,Emergency,87,2025-09-04T10:17,2025-09-04T13:38,2025-09-04T19:54,201,577
SYN-0008930,Emergency,85,2025-08-22T01:27,2025-08-22T04:23,2025-08-22T04:59,176,212
SYN-0008931,Emergency,80,2025-11-03T04:11,2025-11-03T04:48,2025-11-03T05:18,37,67
SYN-0008932,General Medicine,50,2025-07-09T07:44,2025-07-09T09:59,2025-07-09T13:54,135,370
SYN-0008933,Imaging,75,2025-06-04T11:30,2025-06-04T12:30,2025-06-04T12:55,60,85
SYN-0008934,General Medicine,42,2025-10-02T11:17,2025-10-02T13:47,2025-10-02T16:06,150,289
SYN-0008935,Imaging,49,2025-08-29T15:48,2025-08-29T16:30,2025-08-29T17:34,42,106
SYN-0008936,Cardiology,74,2025-11-20T11:11,2025-11-20T11:45,2025-11-20T13:46,34,155
SYN-0008937,Orthopedics,47,2025-10-25T09:43,2025-10-25T11:23,2025-10-25T14:19,100,276
SYN-0008938,Cardiology,73,2025-04-24T18:05,2025-04-24T19:11,2025-04-24T20:33,66,148
SYN-0008939,Cardiology,62,2025-02-24T01:52,2025-02-24T03:01,2025-02-24T04:15,69,143
SYN-0008940,Emergency,55,2025-12-20T02:38,2025-12-20T03:34,2025-12-20T05:55,56,197
SYN-0008941,Cardiology,54,2025-06-28T07:28,2025-06-28T08:43,2025-06-28T11:35,75,247
SYN-0008942,Orthopedics,32,2025-04-30T20:24,2025-04-30T20:35,2025-04-30T22:27,11,123
SYN-0008943,General Medicine,18,2025-08-21T15:30,2025-08-21T16:54,2025-08-21T17:26,84,116
SYN-0008944,Orthopedics,21,2025-10-31T10:30,2025-10-31T11:35,2025-10-31T12:38,65,128
SYN-0008945,General Medicine,38,2025-11-07T23:32,2025-11-08T01:44,2025-11-08T04:58,132,326
SYN-0008946,General Medicine,93,2025-09-16T19:06,2025-09-16T19:35,2025-09-16T21:14,29,128
SYN-0008947,Imaging,66,2025-10-26T07:50,2025-10-26T08:52,2025-10-26T09:37,62,107
SYN-0008948,Emergency,92,2025-08-19T21:26,2025-08-20T00:02,2025-08-20T05:04,156,458
SYN-0008949,Emergency,74,2025-03-09T19:37,2025-03-09T22:22,2025-03-10T03:37,165,480
SYN-0008950,Orthopedics,73,2025-10-11T03:56,2025-10-11T05:03,2025-10-11T06:32,67,156
SYN-0008951,Orthopedics,85,2025-09-12T21:59,2025-09-12T22:30,2025-09-13T00:52,31,173
SYN-0008952,Imaging,64,2025-09-10T04:59,2025-09-10T05:42,2025-09-10T07:01,43,122
SYN-0008953,Imaging,86,2025-03-24T10:51,2025-03-24T11:10,2025-03-24T11:56,19,65
SYN-0008954,Orthopedics,26,2025-10-12T05:02,2025-10-12T05:40,2025-10-12T07:17,38,135
SYN-0008955,Imaging,41,2025-08-22T02:43,2025-08-22T03:19,2025-08-22T04:46,36,123
SYN-0008956,Orthopedics,79,2025-12-14T16:25,2025-12-14T17:31,2025-12-14T19:05,66,160
SYN-0008957,Imaging,38,2025-11-16T08:53,2025-11-16T09:33,2025-11-16T10:18,40,85
SYN-0008958,Emergency,83,2025-07-19T15:22,2025-07-19T16:08,2025-07-19T18:31,46,189
SYN-0008959,Imaging,27,2025-10-07T05:56,2025-10-07T06:57,2025-10-07T07:59,61,123
SYN-0008960,General Medicine,60,2025-12-08T13:40,2025-12-08T14:10,2025-12-08T17:00,30,200
SYN-0008961,Orthopedics,34,2025-06-10T21:14,2025-06-10T22:22,2025-06-11T01:09,68,235
SYN-0008962,Cardiology,25,2025-01-21T17:30,2025-01-21T18:51,2025-01-21T19:46,81,136
SYN-0008963,Orthopedics,54,2025-08-21T18:58,2025-08-21T20:18,2025-08-21T20:51,80,113
SYN-0008964,Orthopedics,47,2025-11-16T01:13,2025-11-16T02:52,2025-11-16T03:51,99,158
SYN-0008965,Imaging,54,2025-09-23T06:57,2025-09-23T07:43,2025-09-23T09:08,46,131
SYN-0008966,Emergency,91,2025-02-18T21:39,2025-02-18T23:11,2025-02-19T05:54,92,495
SYN-0008967,Cardiology,55,2025-05-15T15:26,2025-05-15T16:06,2025-05-15T18:08,40,162
SYN-0008968,Imaging,35,2025-03-17T02:39,2025-03-17T03:00,2025-03-17T04:15,21,96
SYN-0008969,Cardiology,25,2025-06-29T19:59,2025-06-29T21:22,2025-06-29T23:06,83,187
SYN-0008970,Imaging,65,2025-05-28T05:19,2025-05-28T06:07,2025-05-28T06:52,48,93
SYN-0008971,Cardiology,92,2025-08-17T11:30,2025-08-17T12:22,2025-08-17T15:07,52,217
SYN-0008972,General Medicine,38,2025-10-16T07:45,2025-10-16T08:00,2025-10-16T10:56,15,191
SYN-0008973,General Medicine,94,2025-03-29T09:49,2025-03-29T10:46,2025-03-29T14:22,57,273
SYN-0008974,Imaging,89,2025-12-23T20:53,2025-12-23T20:58,2025-12-23T22:20,5,87
SYN-0008975,Imaging,78,2025-04-17T12:46,2025-04-17T13:32,2025-04-17T14:47,46,121
SYN-0008976,Cardiology,24,2025-06-30T06:15,2025-06-30T07:19,2025-06-30T09:52,64,217
SYN-0008977,General Medicine,92,2025-06-09T19:54,2025-06-09T22:04,2025-06-10T00:30,130,276
SYN-0008978,General Medicine,70,2025-10-08T05:13,2025-10-08T06:26,2025-10-08T08:47,73,214
SYN-0008979,Emergency,82,2025-12-30T01:29,2025-12-30T04:04,2025-12-30T08:49,155,440
SYN-0008980,Orthopedics,55,2025-02-10T05:32,2025-02-10T06:19,2025-02-10T06:51,47,79
SYN-0008981,Orthopedics,35,2025-11-20T02:03,2025-11-20T02:54,2025-11-20T03:35,51,92
SYN-0008982,General Medicine,28,2025-01-20T19:23,2025-01-20T21:15,2025-01-20T22:25,112,182
SYN-0008983,Emergency,41,2025-06-18T10:39,2025-06-18T12:42,2025-06-18T18:25,123,466
SYN-0008984,Cardiology,75,2025-04-18T13:31,2025-04-18T14:27,2025-04-18T16:43,56,192
SYN-0008985,General Medicine,67,2025-07-30T21:59,2025-07-30T22:49,2025-07-31T00:47,50,168
SYN-0008986,Cardiology,28,2025-08-10T13:50,2025-08-10T13:57,2025-08-10T16:07,7,137
SYN-0008987,Orthopedics,26,2025-03-30T03:47,2025-03-30T04:46,2025-03-30T07:23,59,216
SYN-0008988,Imaging,92,2025-05-29T00:52,2025-05-29T01:53,2025-05-29T02:48,61,116
SYN-0008989,General Medicine,58,2025-07-22T09:43,2025-07-22T11:46,2025-07-22T12:58,123,195
SYN-0008990,General Medicine,22,2025-12-02T05:15,2025-12-02T05:48,2025-12-02T09:21,33,246
SYN-0008991,General Medicine,81,2025-01-06T04:53,2025-01-06T07:11,2025-01-06T08:58,138,245
SYN-0008992,Orthopedics,88,2025-05-26T23:40,2025-05-27T01:16,2025-05-27T03:06,96,206
SYN-0008993,Emergency,61,2025-10-13T08:38,2025-10-13T10:21,2025-10-13T12:31,103,233
SYN-0008994,General Medicine,84,2025-11-15T11:44,2025-11-15T13:56,2025-11-15T15:02,132,198
SYN-0008995,Cardiology,76,2025-01-25T04:51,2025-01-25T06:15,2025-01-25T08:34,84,223
SYN-0008996,Emergency,23,2025-05-19T06:25,2025-05-19T08:04,2025-05-19T09:16,99,171
SYN-0008997,Imaging,26,2025-05-13T06:57,2025-05-13T07:55,2025-05-13T09:07,58,130
SYN-0008998,Cardiology,67,2025-08-20T05:58,2025-08-20T07:11,2025-08-20T08:23,73,145
SYN-0008999,General Medicine,21,2025-11-24T14:36,2025-11-24T15:48,2025-11-24T18:39,72,243
SYN-0009000,Cardiology,46,2025-08-31T22:04,2025-08-31T23:10,2025-09-01T02:08,66,244
SYN-0009001,Imaging,91,2025-07-30T06:53,2025-07-30T07:17,2025-07-30T07:46,24,53
SYN-0009002,Cardiology,78,2025-06-12T03:52,2025-06-12T04:36,2025-06-12T05:42,44,110
SYN-0009003,Emergency,72,2025-01-02T20:04,2025-01-02T22:16,2025-01-03T00:49,132,285
SYN-0009004,Cardiology,85,2025-09-28T20:48,2025-09-28T22:05,2025-09-28T22:59,77,131
SYN-0009005,Cardiology,82,2025-07-09T21:53,2025-07-09T22:02,2025-07-10T00:31,9,158
SYN-0009006,Cardiology,72,2025-04-01T00:27,2025-04-01T01:26,2025-04-01T04:23,59,236
SYN-0009007,Imaging,72,2025-10-15T09:17,2025-10-15T09:42,2025-10-15T10:22,25,65
SYN-0009008,Orthopedics,69,2025-02-03T10:38,2025-02-03T12:08,2025-02-03T14:23,90,225
SYN-0009009,Imaging,90,2025-09-12T18:52,2025-09-12T19:58,2025-09-12T21:00,66,128
SYN-0009010,Orthopedics,55,2025-08-27T05:15,2025-08-27T06:17,2025-08-27T07:49,62,154
SYN-0009011,Emergency,74,2025-08-20T21:20,2025-08-21T00:57,2025-08-21T01:28,217,248
SYN-0009012,Imaging,55,2025-01-09T16:38,2025-01-09T16:59,2025-01-09T17:59,21,81
SYN-0009013,Emergency,21,2025-02-17T02:34,2025-02-17T03:29,2025-02-17T06:47,55,253
SYN-0009014,General Medicine,85,2025-08-25T21:36,2025-08-25T23:07,2025-08-26T03:03,91,327
SYN-0009015,Imaging,80,2025-09-07T11:34,2025-09-07T11:58,2025-09-07T12:40,24,66
SYN-0009016,General Medicine,78,2025-09-19T23:46,2025-09-20T01:10,2025-09-20T04:53,84,307
SYN-0009017,Cardiology,37,2025-01-16T11:53,2025-01-16T12:03,2025-01-16T15:02,10,189
SYN-0009018,Orthopedics,28,2025-07-28T10:43,2025-07-28T11:02,2025-07-28T11:36,19,53
SYN-0009019,Orthopedics,92,2025-08-09T14:52,2025-08-09T15:04,2025-08-09T17:33,12,161
SYN-0009020,Cardiology,19,2025-10-03T23:04,2025-10-03T23:23,2025-10-04T01:51,19,167
SYN-0009021,General Medicine,29,2025-03-25T10:26,2025-03-25T11:06,2025-03-25T13:25,40,179
SYN-0009022,Orthopedics,73,2025-10-06T11:02,2025-10-06T12:28,2025-10-06T14:31,86,209
SYN-0009023,Emergency,20,2025-07-27T04:34,2025-07-27T05:43,2025-07-27T11:44,69,430
SYN-0009024,Orthopedics,23,2025-02-02T19:06,2025-02-02T20:07,2025-02-02T22:08,61,182
SYN-0009025,Emergency,60,2025-08-16T02:39,2025-08-16T06:32,2025-08-16T14:06,233,687
SYN-0009026,General Medicine,34,2025-04-11T07:51,2025-04-11T09:18,2025-04-11T09:56,87,125
SYN-0009027,Imaging,67,2025-01-28T01:01,2025-01-28T01:08,2025-01-28T02:14,7,73
SYN-0009028,Orthopedics,60,2025-06-26T05:11,2025-06-26T06:33,2025-06-26T08:21,82,190
SYN-0009029,Imaging,46,2025-01-30T15:38,2025-01-30T16:27,2025-01-30T17:46,49,128
SYN-0009030,Imaging,69,2025-06-08T09:41,2025-06-08T10:13,2025-06-08T11:39,32,118
SYN-0009031,Orthopedics,56,2025-04-30T23:05,2025-05-01T00:12,2025-05-01T01:17,67,132
SYN-0009032,Orthopedics,80,2025-03-12T20:04,2025-03-12T20:50,2025-03-12T23:30,46,206
SYN-0009033,Emergency,48,2025-06-10T21:03,2025-06-10T23:27,2025-06-11T06:10,144,547
SYN-0009034,Orthopedics,51,2025-05-14T23:14,2025-05-14T23:27,2025-05-15T01:12,13,118
SYN-0009035,Orthopedics,49,2025-10-20T06:34,2025-10-20T08:01,2025-10-20T10:15,87,221
SYN-0009036,General Medicine,22,2025-01-30T14:00,2025-01-30T14:19,2025-01-30T18:06,19,246
SYN-0009037,Orthopedics,52,2025-01-14T05:41,2025-01-14T06:31,2025-01-14T07:55,50,134
SYN-0009038,General Medicine,81,2025-10-31T17:40,2025-10-31T20:09,2025-11-01T00:03,149,383
SYN-0009039,Cardiology,19,2025-08-08T14:41,2025-08-08T15:26,2025-08-08T16:37,45,116
SYN-0009040,General Medicine,24,2025-11-15T14:23,2025-11-15T16:09,2025-11-15T17:07,106,164
SYN-0009041,General Medicine,27,2025-06-03T11:14,2025-06-03T13:32,2025-06-03T15:56,138,282
SYN-0009042,Imaging,32,2025-12-31T21:05,2025-12-31T21:11,2025-12-31T22:41,6,96
SYN-0009043,Imaging,46,2025-03-16T17:53,2025-03-16T18:50,2025-03-16T20:13,57,140
SYN-0009044,Emergency,66,2025-08-03T03:01,2025-08-03T04:09,2025-08-03T11:58,68,537
SYN-0009045,General Medicine,88,2025-05-12T12:47,2025-05-12T13:24,2025-05-12T16:47,37,240
SYN-0009046,Emergency,66,2025-03-15T15:41,2025-03-15T17:24,2025-03-15T18:21,103,160
SYN-0009047,Orthopedics,67,2025-10-25T17:14,2025-10-25T18:00,2025-10-25T19:36,46,142
SYN-0009048,Cardiology,32,2025-06-18T16:06,2025-06-18T16:58,2025-06-18T19:35,52,209
SYN-0009049,Cardiology,31,2025-11-04T01:48,2025-11-04T02:37,2025-11-04T04:18,49,150
SYN-0009050,Cardiology,75,2025-12-31T12:14,2025-12-31T13:15,2025-12-31T15:43,61,209
SYN-0009051,Imaging,81,2025-09-16T06:03,2025-09-16T06:30,2025-09-16T07:05,27,62
SYN-0009052,General Medicine,64,2025-07-23T23:03,2025-07-24T00:32,2025-07-24T03:07,89,244
SYN-0009053,Emergency,33,2025-11-25T15:57,2025-11-25T18:29,2025-11-25T19:29,152,212
SYN-0009054,Imaging,61,2025-03-07T05:01,2025-03-07T05:35,2025-03-07T06:18,34,77
SYN-0009055,Imaging,53,2025-01-27T19:31,2025-01-27T19:48,2025-01-27T20:57,17,86
SYN-0009056,Cardiology,50,2025-07-13T00:11,2025-07-13T01:04,2025-07-13T02:10,53,119
SYN-0009057,Imaging,22,2025-08-31T11:02,2025-08-31T11:18,2025-08-31T12:26,16,84
SYN-0009058,Orthopedics,41,2025-09-27T09:51,2025-09-27T10:29,2025-09-27T11:25,38,94
SYN-0009059,Imaging,82,2025-09-09T05:20,2025-09-09T05:58,2025-09-09T06:49,38,89
SYN-0009060,Cardiology,65,2025-07-28T02:49,2025-07-28T04:10,2025-07-28T06:41,81,232
SYN-0009061,Orthopedics,46,2025-03-25T09:05,2025-03-25T09:21,2025-03-25T12:17,16,192
SYN-0009062,Imaging,72,2025-12-20T05:50,2025-12-20T06:00,2025-12-20T06:47,10,57
SYN-0009063,Cardiology,74,2025-05-21T01:15,2025-05-21T01:22,2025-05-21T02:55,7,100
SYN-0009064,Cardiology,39,2025-08-25T20:22,2025-08-25T21:43,2025-08-26T00:08,81,226
SYN-0009065,Orthopedics,71,2025-12-13T01:06,2025-12-13T03:06,2025-12-13T04:20,120,194
SYN-0009066,Emergency,54,2025-12-20T18:42,2025-12-20T21:52,2025-12-21T05:12,190,630
SYN-0009067,Emergency,52,2025-07-10T10:33,2025-07-10T12:02,2025-07-10T16:15,89,342
SYN-0009068,Emergency,33,2025-11-13T23:57,2025-11-14T03:30,2025-11-14T05:27,213,330
SYN-0009069,Cardiology,37,2025-07-25T15:33,2025-07-25T16:23,2025-07-25T17:56,50,143
SYN-0009070,Orthopedics,29,2025-10-08T15:07,2025-10-08T15:57,2025-10-08T17:54,50,167
SYN-0009071,General Medicine,37,2025-11-10T07:01,2025-11-10T08:01,2025-11-10T09:07,60,126
SYN-0009072,Emergency,33,2025-07-06T06:58,2025-07-06T08:01,2025-07-06T13:04,63,366
SYN-0009073,Orthopedics,91,2025-01-07T11:25,2025-01-07T12:14,2025-01-07T13:02,49,97
SYN-0009074,Orthopedics,36,2025-09-21T14:53,2025-09-21T15:32,2025-09-21T16:35,39,102
SYN-0009075,Imaging,69,2025-09-25T19:36,2025-09-25T20:24,2025-09-25T20:39,48,63
SYN-0009076,General Medicine,83,2025-02-14T23:18,2025-02-15T01:36,2025-02-15T04:49,138,331
SYN-0009077,Orthopedics,19,2025-05-06T04:34,2025-05-06T06:01,2025-05-06T08:45,87,251
SYN-0009078,Imaging,37,2025-02-22T07:09,2025-02-22T07:34,2025-02-22T08:49,25,100
SYN-0009079,Imaging,22,2025-08-12T10:38,2025-08-12T11:07,2025-08-12T11:48,29,70
SYN-0009080,Cardiology,85,2025-12-22T20:52,2025-12-22T22:21,2025-12-23T00:00,89,188
SYN-0009081,Emergency,37,2025-06-30T18:08,2025-06-30T21:25,2025-07-01T04:35,197,627
SYN-0009082,Imaging,49,2025-11-25T15:04,2025-11-25T16:09,2025-11-25T16:44,65,100
SYN-0009083,Cardiology,75,2025-04-02T07:04,2025-04-02T07:28,2025-04-02T09:57,24,173
SYN-0009084,Imaging,73,2025-08-01T04:56,2025-08-01T05:55,2025-08-01T07:06,59,130
SYN-0009085,General Medicine,92,2025-04-01T00:26,2025-04-01T02:01,2025-04-01T04:40,95,254
SYN-0009086,Orthopedics,76,2025-11-22T00:30,2025-11-22T02:12,2025-11-22T04:20,102,230
SYN-0009087,Orthopedics,52,2025-07-30T19:52,2025-07-30T21:11,2025-07-30T22:19,79,147
SYN-0009088,General Medicine,43,2025-02-23T02:26,2025-02-23T03:25,2025-02-23T07:16,59,290
SYN-0009089,Imaging,38,2025-12-27T09:05,2025-12-27T10:12,2025-12-27T11:11,67,126
SYN-0009090,Imaging,95,2025-07-09T18:54,2025-07-09T19:51,2025-07-09T21:10,57,136
SYN-0009091,Emergency,69,2025-06-17T09:57,2025-06-17T13:02,2025-06-17T16:21,185,384
SYN-0009092,Imaging,41,2025-06-02T08:41,2025-06-02T09:42,2025-06-02T11:01,61,140
SYN-0009093,Emergency,33,2025-10-16T23:09,2025-10-17T00:07,2025-10-17T01:15,58,126
SYN-0009094,Cardiology,94,2025-11-24T19:32,2025-11-24T19:50,2025-11-24T22:38,18,186
SYN-0009095,Emergency,23,2025-08-09T04:56,2025-08-09T06:33,2025-08-09T09:07,97,251
SYN-0009096,Cardiology,43,2025-05-18T22:12,2025-05-18T23:27,2025-05-19T01:08,75,176
SYN-0009097,Emergency,83,2025-03-11T18:51,2025-03-11T21:48,2025-03-12T01:01,177,370
SYN-0009098,Emergency,53,2025-10-21T07:41,2025-10-21T08:17,2025-10-21T12:10,36,269
SYN-0009099,General Medicine,72,2025-07-01T16:52,2025-07-01T17:04,2025-07-01T18:14,12,82
SYN-0009100,Cardiology,94,2025-03-28T19:45,2025-03-28T20:58,2025-03-28T21:57,73,132
SYN-0009101,Cardiology,42,2025-09-24T01:12,2025-09-24T02:21,2025-09-24T05:21,69,249
SYN-0009102,Emergency,48,2025-07-20T23:59,2025-07-21T00:37,2025-07-21T04:08,38,249
SYN-0009103,General Medicine,64,2025-03-10T15:05,2025-03-10T17:18,2025-03-10T20:07,133,302
SYN-0009104,Imaging,58,2025-03-05T01:12,2025-03-05T01:48,2025-03-05T02:36,36,84
SYN-0009105,General Medicine,72,2025-10-02T22:41,2025-10-02T23:12,2025-10-02T23:47,31,66
SYN-0009106,Emergency,48,2025-05-14T12:16,2025-05-14T14:34,2025-05-14T18:39,138,383
SYN-0009107,Imaging,68,2025-07-30T22:56,2025-07-30T23:46,2025-07-31T00:08,50,72
SYN-0009108,Emergency,36,2025-05-08T03:10,2025-05-08T03:56,2025-05-08T07:56,46,286
SYN-0009109,Orthopedics,36,2025-04-06T23:51,2025-04-07T01:46,2025-04-07T04:22,115,271
SYN-0009110,Orthopedics,72,2025-04-17T14:49,2025-04-17T15:07,2025-04-17T17:57,18,188
SYN-0009111,Emergency,61,2025-06-28T04:41,2025-06-28T08:13,2025-06-28T15:20,212,639
SYN-0009112,Emergency,25,2025-02-17T09:00,2025-02-17T10:56,2025-02-17T12:30,116,210
SYN-0009113,General Medicine,59,2025-02-26T08:25,2025-02-26T09:49,2025-02-26T10:27,84,122
SYN-0009114,Imaging,35,2025-10-15T09:35,2025-10-15T10:43,2025-10-15T11:00,68,85
SYN-0009115,General Medicine,90,2025-01-28T01:35,2025-01-28T03:59,2025-01-28T04:45,144,190
SYN-0009116,General Medicine,41,2025-09-15T15:25,2025-09-15T17:37,2025-09-15T20:51,132,326
SYN-0009117,Imaging,65,2025-11-01T16:03,2025-11-01T17:15,2025-11-01T18:20,72,137
SYN-0009118,Emergency,88,2025-11-01T22:08,2025-11-02T00:34,2025-11-02T02:53,146,285
SYN-0009119,Emergency,32,2025-04-30T09:23,2025-04-30T12:48,2025-04-30T16:38,205,435
SYN-0009120,Orthopedics,78,2025-06-14T14:15,2025-06-14T14:25,2025-06-14T16:48,10,153
SYN-0009121,Cardiology,28,2025-11-27T03:20,2025-11-27T03:31,2025-11-27T06:30,11,190
SYN-0009122,Orthopedics,42,2025-01-14T00:39,2025-01-14T02:20,2025-01-14T03:40,101,181
SYN-0009123,General Medicine,21,2025-04-23T21:45,2025-04-23T21:57,2025-04-24T01:01,12,196
SYN-0009124,Emergency,40,2025-10-12T19:52,2025-10-12T21:29,2025-10-13T05:11,97,559
SYN-0009125,Imaging,40,2025-01-06T07:05,2025-01-06T07:15,2025-01-06T08:31,10,86
SYN-0009126,Orthopedics,75,2025-08-26T15:39,2025-08-26T16:47,2025-08-26T18:30,68,171
SYN-0009127,General Medicine,26,2025-05-06T02:08,2025-05-06T04:31,2025-05-06T08:04,143,356
SYN-0009128,Cardiology,86,2025-06-16T07:47,2025-06-16T08:13,2025-06-16T10:56,26,189
SYN-0009129,Emergency,37,2025-05-07T18:49,2025-05-07T22:46,2025-05-08T02:05,237,436
SYN-0009130,General Medicine,91,2025-04-09T10:30,2025-04-09T11:33,2025-04-09T12:47,63,137
SYN-0009131,Imaging,22,2025-07-06T08:33,2025-07-06T09:00,2025-07-06T09:56,27,83
SYN-0009132,Emergency,88,2025-07-01T04:28,2025-07-01T05:53,2025-07-01T11:26,85,418
SYN-0009133,Orthopedics,48,2025-08-01T08:47,2025-08-01T09:54,2025-08-01T11:58,67,191
SYN-0009134,Emergency,57,2025-10-20T14:17,2025-10-20T16:36,2025-10-20T21:40,139,443
SYN-0009135,Orthopedics,87,2025-11-27T23:20,2025-11-28T00:41,2025-11-28T02:19,81,179
SYN-0009136,Emergency,52,2025-05-07T11:37,2025-05-07T12:01,2025-05-07T16:34,24,297
SYN-0009137,Imaging,94,2025-10-27T08:20,2025-10-27T08:52,2025-10-27T09:58,32,98
SYN-0009138,General Medicine,64,2025-09-13T03:26,2025-09-13T04:37,2025-09-13T07:09,71,223
SYN-0009139,Orthopedics,61,2025-07-23T23:50,2025-07-24T01:17,2025-07-24T01:51,87,121
SYN-0009140,General Medicine,64,2025-12-25T20:57,2025-12-25T22:09,2025-12-26T00:57,72,240
SYN-0009141,Emergency,77,2025-12-30T22:39,2025-12-30T22:52,2025-12-31T06:49,13,490
SYN-0009142,Emergency,42,2025-02-09T11:25,2025-02-09T14:12,2025-02-09T19:39,167,494
SYN-0009143,Emergency,30,2025-04-16T10:44,2025-04-16T12:47,2025-04-16T20:01,123,557
SYN-0009144,Emergency,93,2025-09-22T00:21,2025-09-22T03:54,2025-09-22T06:20,213,359
SYN-0009145,General Medicine,44,2025-05-21T11:58,2025-05-21T12:08,2025-05-21T13:50,10,112
SYN-0009146,Cardiology,92,2025-11-03T06:47,2025-11-03T07:06,2025-11-03T09:26,19,159
SYN-0009147,Imaging,24,2025-03-26T03:03,2025-03-26T03:41,2025-03-26T03:58,38,55
SYN-0009148,Emergency,29,2025-01-23T13:39,2025-01-23T15:08,2025-01-23T19:05,89,326
SYN-0009149,General Medicine,41,2025-08-27T00:34,2025-08-27T01:35,2025-08-27T02:58,61,144
SYN-0009150,Emergency,40,2025-05-02T03:43,2025-05-02T07:30,2025-05-02T11:42,227,479
SYN-0009151,Imaging,27,2025-05-31T18:45,2025-05-31T18:56,2025-05-31T20:23,11,98
SYN-0009152,Imaging,69,2025-10-09T07:35,2025-10-09T08:15,2025-10-09T08:46,40,71
SYN-0009153,Cardiology,30,2025-10-04T01:57,2025-10-04T02:31,2025-10-04T03:45,34,108
SYN-0009154,Orthopedics,42,2025-04-24T17:09,2025-04-24T17:20,2025-04-24T20:10,11,181
SYN-0009155,Emergency,28,2025-12-13T03:29,2025-12-13T03:40,2025-12-13T04:42,11,73
SYN-0009156,Imaging,58,2025-08-03T21:18,2025-08-03T21:38,2025-08-03T23:07,20,109
SYN-0009157,Imaging,32,2025-09-01T12:55,2025-09-01T13:32,2025-09-01T13:52,37,57
SYN-0009158,General Medicine,94,2025-02-23T14:18,2025-02-23T16:00,2025-02-23T16:37,102,139
SYN-0009159,Emergency,70,2025-08-31T06:36,2025-08-31T06:47,2025-08-31T14:27,11,471
SYN-0009160,Imaging,71,2025-04-25T12:58,2025-04-25T13:32,2025-04-25T14:32,34,94
SYN-0009161,Cardiology,78,2025-03-05T08:55,2025-03-05T09:46,2025-03-05T12:05,51,190
SYN-0009162,Imaging,51,2025-05-13T14:45,2025-05-13T15:20,2025-05-13T16:21,35,96
SYN-0009163,Emergency,37,2025-01-21T11:37,2025-01-21T12:48,2025-01-21T18:51,71,434
SYN-0009164,Cardiology,30,2025-12-15T18:01,2025-12-15T19:13,2025-12-15T21:34,72,213
SYN-0009165,Emergency,72,2025-08-26T18:35,2025-08-26T20:26,2025-08-27T00:28,111,353
SYN-0009166,Emergency,42,2025-05-03T01:11,2025-05-03T02:04,2025-05-03T05:04,53,233
SYN-0009167,Orthopedics,74,2025-11-17T14:48,2025-11-17T16:46,2025-11-17T19:10,118,262
SYN-0009168,Orthopedics,65,2025-02-01T22:14,2025-02-01T22:29,2025-02-02T00:16,15,122
SYN-0009169,Imaging,42,2025-09-03T11:47,2025-09-03T12:02,2025-09-03T13:20,15,93
SYN-0009170,Cardiology,62,2025-12-26T03:19,2025-12-26T03:40,2025-12-26T06:31,21,192
SYN-0009171,Cardiology,85,2025-08-19T00:54,2025-08-19T01:49,2025-08-19T03:05,55,131
SYN-0009172,Imaging,69,2025-03-25T23:49,2025-03-26T01:00,2025-03-26T02:22,71,153
SYN-0009173,General Medicine,31,2025-12-14T14:18,2025-12-14T15:31,2025-12-14T16:26,73,128
SYN-0009174,Orthopedics,26,2025-03-10T04:03,2025-03-10T05:58,2025-03-10T06:57,115,174
SYN-0009175,Orthopedics,38,2025-03-26T11:24,2025-03-26T11:49,2025-03-26T13:26,25,122
SYN-0009176,Orthopedics,64,2025-08-16T00:17,2025-08-16T01:51,2025-08-16T04:29,94,252
SYN-0009177,Orthopedics,27,2025-06-07T21:26,2025-06-07T22:24,2025-06-08T00:46,58,200
SYN-0009178,Cardiology,51,2025-12-09T05:11,2025-12-09T06:12,2025-12-09T07:16,61,125
SYN-0009179,Emergency,69,2025-10-26T10:56,2025-10-26T13:32,2025-10-26T14:02,156,186
SYN-0009180,General Medicine,24,2025-08-20T04:21,2025-08-20T05:53,2025-08-20T07:42,92,201
SYN-0009181,General Medicine,42,2025-01-04T13:53,2025-01-04T15:33,2025-01-04T18:04,100,251
SYN-0009182,Orthopedics,81,2025-03-08T02:10,2025-03-08T02:15,2025-03-08T03:16,5,66
SYN-0009183,Imaging,67,2025-01-22T01:32,2025-01-22T01:48,2025-01-22T03:02,16,90
SYN-0009184,Emergency,32,2025-01-27T18:37,2025-01-27T19:39,2025-01-28T01:41,62,424
SYN-0009185,Emergency,45,2025-11-26T02:08,2025-11-26T05:10,2025-11-26T06:44,182,276
SYN-0009186,General Medicine,76,2025-03-05T23:15,2025-03-06T00:21,2025-03-06T01:14,66,119
SYN-0009187,Cardiology,78,2025-08-20T11:43,2025-08-20T11:51,2025-08-20T13:38,8,115
SYN-0009188,General Medicine,51,2025-11-04T05:04,2025-11-04T06:51,2025-11-04T08:52,107,228
SYN-0009189,Emergency,58,2025-02-16T11:25,2025-02-16T11:42,2025-02-16T12:44,17,79
SYN-0009190,Orthopedics,25,2025-10-18T09:43,2025-10-18T11:37,2025-10-18T12:40,114,177
SYN-0009191,Imaging,27,2025-07-31T19:59,2025-07-31T21:14,2025-07-31T21:48,75,109
SYN-0009192,Emergency,44,2025-07-24T00:08,2025-07-24T02:05,2025-07-24T10:00,117,592
SYN-0009193,Orthopedics,26,2025-08-09T14:33,2025-08-09T16:15,2025-08-09T17:29,102,176
SYN-0009194,Emergency,58,2025-12-11T10:44,2025-12-11T11:58,2025-12-11T19:57,74,553
SYN-0009195,Orthopedics,36,2025-11-14T20:21,2025-11-14T21:50,2025-11-15T00:01,89,220
SYN-0009196,Orthopedics,34,2025-04-17T05:00,2025-04-17T06:41,2025-04-17T09:26,101,266
SYN-0009197,Cardiology,34,2025-08-02T23:26,2025-08-02T23:38,2025-08-03T02:11,12,165
SYN-0009198,Emergency,83,2025-11-04T19:43,2025-11-04T23:16,2025-11-05T00:26,213,283
SYN-0009199,Orthopedics,84,2025-06-13T08:12,2025-06-13T09:08,2025-06-13T09:52,56,100
SYN-0009200,General Medicine,37,2025-09-04T01:55,2025-09-04T03:34,2025-09-04T04:29,99,154
SYN-0009201,Cardiology,58,2025-10-12T15:39,2025-10-12T16:19,2025-10-12T18:52,40,193
SYN-0009202,Cardiology,72,2025-07-28T17:07,2025-07-28T17:20,2025-07-28T20:11,13,184
SYN-0009203,Orthopedics,30,2025-06-20T02:48,2025-06-20T03:34,2025-06-20T04:52,46,124
SYN-0009204,Imaging,19,2025-08-17T23:49,2025-08-18T00:28,2025-08-18T01:57,39,128
SYN-0009205,Imaging,31,2025-07-29T17:02,2025-07-29T17:11,2025-07-29T18:07,9,65
SYN-0009206,Emergency,31,2025-12-13T11:17,2025-12-13T14:23,2025-12-13T16:42,186,325
SYN-0009207,Cardiology,48,2025-11-06T16:30,2025-11-06T17:57,2025-11-06T19:56,87,206
SYN-0009208,Emergency,81,2025-01-09T15:38,2025-01-09T19:01,2025-01-10T01:21,203,583
SYN-0009209,General Medicine,86,2025-12-19T02:18,2025-12-19T02:39,2025-12-19T05:52,21,214
SYN-0009210,Imaging,24,2025-10-01T14:32,2025-10-01T15:18,2025-10-01T16:30,46,118
SYN-0009211,Emergency,19,2025-06-15T14:28,2025-06-15T17:00,2025-06-16T00:19,152,591
SYN-0009212,Orthopedics,54,2025-07-22T15:49,2025-07-22T16:07,2025-07-22T17:59,18,130
SYN-0009213,Imaging,48,2025-06-25T02:04,2025-06-25T02:48,2025-06-25T04:06,44,122
SYN-0009214,Orthopedics,95,2025-09-28T05:46,2025-09-28T07:20,2025-09-28T08:47,94,181
SYN-0009215,Imaging,22,2025-12-14T22:25,2025-12-14T23:01,2025-12-15T00:11,36,106
SYN-0009216,Emergency,37,2025-09-20T07:50,2025-09-20T10:50,2025-09-20T14:58,180,428
SYN-0009217,Orthopedics,79,2025-02-25T16:59,2025-02-25T18:51,2025-02-25T20:22,112,203
SYN-0009218,Orthopedics,90,2025-01-03T23:36,2025-01-03T23:47,2025-01-04T01:22,11,106
SYN-0009219,Cardiology,32,2025-03-02T03:39,2025-03-02T04:44,2025-03-02T05:33,65,114
SYN-0009220,General Medicine,89,2025-10-17T16:33,2025-10-17T18:06,2025-10-17T21:15,93,282
SYN-0009221,General Medicine,63,2025-01-13T23:56,2025-01-14T02:00,2025-01-14T03:38,124,222
SYN-0009222,Cardiology,63,2025-08-27T12:21,2025-08-27T13:38,2025-08-27T14:28,77,127
SYN-0009223,Emergency,91,2025-12-18T18:39,2025-12-18T21:22,2025-12-19T00:51,163,372
SYN-0009224,Cardiology,75,2025-07-14T08:26,2025-07-14T09:35,2025-07-14T10:37,69,131
SYN-0009225,Cardiology,68,2025-02-06T03:17,2025-02-06T04:11,2025-02-06T06:37,54,200
SYN-0009226,Cardiology,27,2025-07-29T17:30,2025-07-29T18:52,2025-07-29T20:21,82,171
SYN-0009227,Imaging,52,2025-09-10T04:32,2025-09-10T04:49,2025-09-10T05:15,17,43
SYN-0009228,Emergency,40,2025-10-05T14:28,2025-10-05T18:05,2025-10-06T00:28,217,600
SYN-0009229,Imaging,68,2025-02-09T06:24,2025-02-09T07:34,2025-02-09T07:52,70,88
SYN-0009230,General Medicine,37,2025-03-31T09:00,2025-03-31T10:01,2025-03-31T10:53,61,113
SYN-0009231,Emergency,95,2025-08-30T22:15,2025-08-31T00:22,2025-08-31T05:50,127,455
SYN-0009232,Cardiology,44,2025-04-27T15:31,2025-04-27T16:46,2025-04-27T18:09,75,158
SYN-0009233,Cardiology,67,2025-08-28T19:20,2025-08-28T19:35,2025-08-28T21:07,15,107
SYN-0009234,Imaging,18,2025-09-10T02:34,2025-09-10T03:42,2025-09-10T04:14,68,100
SYN-0009235,Cardiology,33,2025-11-09T07:53,2025-11-09T09:04,2025-11-09T11:17,71,204
SYN-0009236,Imaging,51,2025-03-26T13:28,2025-03-26T13:55,2025-03-26T15:08,27,100
SYN-0009237,Emergency,81,2025-05-08T01:03,2025-05-08T02:01,2025-05-08T04:53,58,230
SYN-0009238,Imaging,58,2025-05-27T18:20,2025-05-27T18:49,2025-05-27T19:22,29,62
SYN-0009239,Imaging,41,2025-07-05T05:37,2025-07-05T06:11,2025-07-05T07:28,34,111
SYN-0009240,Emergency,19,2025-04-20T23:59,2025-04-21T03:02,2025-04-21T06:10,183,371
SYN-0009241,General Medicine,74,2025-01-26T06:11,2025-01-26T07:25,2025-01-26T08:42,74,151
SYN-0009242,General Medicine,32,2025-07-09T23:37,2025-07-10T00:48,2025-07-10T03:21,71,224
SYN-0009243,Orthopedics,26,2025-11-28T13:42,2025-11-28T15:10,2025-11-28T17:50,88,248
SYN-0009244,General Medicine,24,2025-09-07T07:30,2025-09-07T08:53,2025-09-07T09:59,83,149
SYN-0009245,Orthopedics,46,2025-08-29T07:17,2025-08-29T08:34,2025-08-29T09:38,77,141
SYN-0009246,Emergency,63,2025-09-23T03:44,2025-09-23T07:35,2025-09-23T14:37,231,653
SYN-0009247,General Medicine,68,2025-06-12T22:05,2025-06-13T00:20,2025-06-13T02:56,135,291
SYN-0009248,Orthopedics,44,2025-12-22T18:15,2025-12-22T19:45,2025-12-22T21:01,90,166
SYN-0009249,Imaging,46,2025-04-19T11:18,2025-04-19T12:07,2025-04-19T13:20,49,122
SYN-0009250,General Medicine,34,2025-02-22T00:32,2025-02-22T01:07,2025-02-22T03:25,35,173
SYN-0009251,General Medicine,59,2025-06-24T07:00,2025-06-24T07:48,2025-06-24T08:39,48,99
SYN-0009252,Emergency,48,2025-02-23T15:09,2025-02-23T15:45,2025-02-23T21:52,36,403
SYN-0009253,Cardiology,78,2025-01-22T09:28,2025-01-22T09:39,2025-01-22T10:51,11,83
SYN-0009254,Orthopedics,40,2025-02-02T07:05,2025-02-02T07:34,2025-02-02T09:39,29,154
SYN-0009255,Orthopedics,85,2025-07-23T02:28,2025-07-23T03:24,2025-07-23T06:21,56,233
SYN-0009256,Orthopedics,45,2025-05-05T04:14,2025-05-05T05:50,2025-05-05T06:46,96,152
SYN-0009257,Cardiology,39,2025-06-16T03:09,2025-06-16T03:30,2025-06-16T05:01,21,112
SYN-0009258,Emergency,85,2025-07-01T12:19,2025-07-01T14:51,2025-07-01T19:28,152,429
SYN-0009259,Orthopedics,91,2025-02-13T03:11,2025-02-13T05:09,2025-02-13T07:40,118,269
SYN-0009260,Orthopedics,49,2025-03-18T07:58,2025-03-18T08:29,2025-03-18T11:28,31,210
SYN-0009261,Imaging,89,2025-09-15T05:38,2025-09-15T05:44,2025-09-15T07:06,6,88
SYN-0009262,Imaging,39,2025-12-16T07:48,2025-12-16T08:59,2025-12-16T09:40,71,112
SYN-0009263,Emergency,88,2025-11-05T22:19,2025-11-05T23:26,2025-11-06T00:53,67,154
SYN-0009264,Cardiology,84,2025-02-09T09:11,2025-02-09T09:33,2025-02-09T11:54,22,163
SYN-0009265,Emergency,75,2025-06-02T06:59,2025-06-02T09:47,2025-06-02T17:11,168,612
SYN-0009266,Emergency,27,2025-06-18T20:29,2025-06-18T22:14,2025-06-18T23:38,105,189
SYN-0009267,Imaging,94,2025-07-16T13:50,2025-07-16T15:04,2025-07-16T15:57,74,127
SYN-0009268,General Medicine,43,2025-01-03T06:24,2025-01-03T07:37,2025-01-03T10:25,73,241
SYN-0009269,Imaging,87,2025-06-18T10:25,2025-06-18T11:05,2025-06-18T12:16,40,111
SYN-0009270,Emergency,75,2025-06-02T02:11,2025-06-02T02:45,2025-06-02T05:09,34,178
SYN-0009271,Emergency,68,2025-07-14T02:52,2025-07-14T05:53,2025-07-14T08:31,181,339
SYN-0009272,Cardiology,57,2025-08-17T00:51,2025-08-17T01:35,2025-08-17T03:53,44,182
SYN-0009273,Emergency,19,2025-12-22T13:16,2025-12-22T15:18,2025-12-22T23:06,122,590
SYN-0009274,Emergency,59,2025-09-17T06:53,2025-09-17T08:25,2025-09-17T10:54,92,241
SYN-0009275,General Medicine,51,2025-05-29T21:16,2025-05-29T23:38,2025-05-30T00:41,142,205
SYN-0009276,General Medicine,83,2025-04-01T12:37,2025-04-01T13:12,2025-04-01T16:32,35,235
SYN-0009277,Emergency,90,2025-05-11T11:43,2025-05-11T14:43,2025-05-11T19:57,180,494
SYN-0009278,Cardiology,35,2025-02-12T04:54,2025-02-12T06:05,2025-02-12T08:12,71,198
SYN-0009279,General Medicine,93,2025-12-17T10:21,2025-12-17T11:42,2025-12-17T14:17,81,236
SYN-0009280,General Medicine,63,2025-12-21T03:11,2025-12-21T04:03,2025-12-21T06:00,52,169
SYN-0009281,Cardiology,72,2025-09-28T05:24,2025-09-28T06:28,2025-09-28T07:30,64,126
SYN-0009282,Orthopedics,45,2025-06-21T00:26,2025-06-21T00:43,2025-06-21T02:35,17,129
SYN-0009283,Emergency,66,2025-01-12T18:00,2025-01-12T20:04,2025-01-13T03:09,124,549
SYN-0009284,Imaging,69,2025-02-14T07:29,2025-02-14T08:27,2025-02-14T09:45,58,136
SYN-0009285,Cardiology,91,2025-03-14T17:20,2025-03-14T17:54,2025-03-14T19:02,34,102
SYN-0009286,Emergency,31,2025-03-09T22:30,2025-03-10T01:43,2025-03-10T05:53,193,443
SYN-0009287,General Medicine,21,2025-06-10T08:35,2025-06-10T10:10,2025-06-10T12:06,95,211
SYN-0009288,General Medicine,32,2025-05-30T16:26,2025-05-30T17:38,2025-05-30T20:13,72,227
SYN-0009289,Cardiology,80,2025-06-17T17:56,2025-06-17T18:33,2025-06-17T19:32,37,96
SYN-0009290,Imaging,45,2025-01-07T03:10,2025-01-07T03:24,2025-01-07T04:38,14,88
SYN-0009291,Imaging,30,2025-10-29T14:07,2025-10-29T14:39,2025-10-29T14:57,32,50
SYN-0009292,General Medicine,54,2025-01-11T14:35,2025-01-11T15:20,2025-01-11T16:03,45,88
SYN-0009293,Orthopedics,79,2025-02-02T19:53,2025-02-02T21:04,2025-02-02T22:07,71,134
SYN-0009294,Cardiology,52,2025-05-13T21:37,2025-05-13T21:54,2025-05-14T00:19,17,162
SYN-0009295,Imaging,73,2025-08-06T09:36,2025-08-06T10:19,2025-08-06T10:50,43,74
SYN-0009296,General Medicine,36,2025-06-27T13:18,2025-06-27T14:37,2025-06-27T17:09,79,231
SYN-0009297,Orthopedics,72,2025-02-14T03:24,2025-02-14T05:21,2025-02-14T07:13,117,229
SYN-0009298,Orthopedics,60,2025-01-18T12:47,2025-01-18T14:38,2025-01-18T15:42,111,175
SYN-0009299,Cardiology,34,2025-03-29T02:59,2025-03-29T03:53,2025-03-29T06:30,54,211
SYN-0009300,Emergency,22,2025-04-26T17:05,2025-04-26T20:43,2025-04-27T01:03,218,478
SYN-0009301,General Medicine,47,2025-01-17T12:36,2025-01-17T14:14,2025-01-17T16:46,98,250
SYN-0009302,Orthopedics,86,2025-01-09T03:16,2025-01-09T04:50,2025-01-09T06:42,94,206
SYN-0009303,Emergency,87,2025-10-29T18:22,2025-10-29T20:57,2025-10-30T02:36,155,494
SYN-0009304,Orthopedics,59,2025-11-14T01:47,2025-11-14T02:27,2025-11-14T04:19,40,152
SYN-0009305,Imaging,51,2025-11-22T16:28,2025-11-22T17:41,2025-11-22T18:06,73,98
SYN-0009306,Orthopedics,51,2025-08-18T01:55,2025-08-18T02:23,2025-08-18T03:01,28,66
SYN-0009307,Emergency,65,2025-03-03T20:05,2025-03-03T22:57,2025-03-04T02:32,172,387
SYN-0009308,Orthopedics,19,2025-07-24T07:58,2025-07-24T08:56,2025-07-24T11:29,58,211
SYN-0009309,General Medicine,68,2025-03-27T05:28,2025-03-27T06:22,2025-03-27T07:04,54,96
SYN-0009310,Imaging,21,2025-01-26T19:16,2025-01-26T20:01,2025-01-26T20:47,45,91
SYN-0009311,Emergency,56,2025-02-27T02:48,2025-02-27T03:55,2025-02-27T06:36,67,228
SYN-0009312,Emergency,67,2025-02-07T23:37,2025-02-08T01:16,2025-02-08T08:03,99,506
SYN-0009313,Imaging,50,2025-02-22T13:06,2025-02-22T13:13,2025-02-22T14:41,7,95
SYN-0009314,Orthopedics,84,2025-08-14T05:55,2025-08-14T06:55,2025-08-14T08:56,60,181
SYN-0009315,Orthopedics,23,2025-01-10T20:49,2025-01-10T20:54,2025-01-10T21:36,5,47
SYN-0009316,Orthopedics,70,2025-08-02T06:36,2025-08-02T06:45,2025-08-02T07:20,9,44
SYN-0009317,Orthopedics,77,2025-07-03T10:36,2025-07-03T12:29,2025-07-03T14:30,113,234
SYN-0009318,Imaging,86,2025-08-04T07:34,2025-08-04T08:46,2025-08-04T09:28,72,114
SYN-0009319,Imaging,70,2025-09-21T01:51,2025-09-21T02:40,2025-09-21T03:16,49,85
SYN-0009320,Emergency,54,2025-04-14T09:05,2025-04-14T10:27,2025-04-14T15:39,82,394
SYN-0009321,Imaging,74,2025-08-19T06:58,2025-08-19T07:57,2025-08-19T08:29,59,91
SYN-0009322,Imaging,85,2025-05-21T02:42,2025-05-21T02:54,2025-05-21T03:19,12,37
SYN-0009323,Emergency,28,2025-08-30T07:39,2025-08-30T10:47,2025-08-30T15:17,188,458
SYN-0009324,Emergency,31,2025-05-05T06:07,2025-05-05T08:26,2025-05-05T09:53,139,226
SYN-0009325,Imaging,25,2025-09-29T12:17,2025-09-29T13:07,2025-09-29T13:44,50,87
SYN-0009326,General Medicine,95,2025-08-29T05:26,2025-08-29T06:06,2025-08-29T08:10,40,164
SYN-0009327,Emergency,61,2025-03-21T06:16,2025-03-21T07:44,2025-03-21T10:17,88,241
SYN-0009328,Emergency,81,2025-02-21T10:29,2025-02-21T12:31,2025-02-21T20:25,122,596
SYN-0009329,Orthopedics,79,2025-07-19T21:37,2025-07-19T21:51,2025-07-20T00:11,14,154
SYN-0009330,Imaging,23,2025-03-15T22:14,2025-03-15T23:08,2025-03-15T23:47,54,93
SYN-0009331,Cardiology,92,2025-03-30T13:48,2025-03-30T14:13,2025-03-30T16:01,25,133
SYN-0009332,Imaging,38,2025-02-12T04:03,2025-02-12T04:59,2025-02-12T06:14,56,131
SYN-0009333,Orthopedics,70,2025-03-14T13:20,2025-03-14T14:04,2025-03-14T16:10,44,170
SYN-0009334,General Medicine,66,2025-07-22T11:30,2025-07-22T12:45,2025-07-22T14:29,75,179
SYN-0009335,General Medicine,82,2025-09-24T03:06,2025-09-24T05:03,2025-09-24T06:45,117,219
SYN-0009336,General Medicine,28,2025-08-13T12:07,2025-08-13T13:03,2025-08-13T14:37,56,150
SYN-0009337,General Medicine,29,2025-02-19T00:20,2025-02-19T01:28,2025-02-19T02:45,68,145
SYN-0009338,Cardiology,53,2025-07-17T23:01,2025-07-18T00:02,2025-07-18T01:19,61,138
SYN-0009339,Imaging,59,2025-11-30T04:24,2025-11-30T04:49,2025-11-30T06:18,25,114
SYN-0009340,General Medicine,56,2025-07-13T19:23,2025-07-13T19:56,2025-07-13T23:29,33,246
SYN-0009341,General Medicine,91,2025-01-04T14:47,2025-01-04T16:15,2025-01-04T16:50,88,123
SYN-0009342,Orthopedics,69,2025-07-05T17:38,2025-07-05T18:32,2025-07-05T20:28,54,170
SYN-0009343,Cardiology,89,2025-07-30T14:04,2025-07-30T15:23,2025-07-30T16:47,79,163
SYN-0009344,General Medicine,79,2025-01-14T07:32,2025-01-14T09:48,2025-01-14T12:41,136,309
SYN-0009345,Cardiology,71,2025-12-14T14:08,2025-12-14T15:14,2025-12-14T17:40,66,212
SYN-0009346,Orthopedics,44,2025-12-09T06:13,2025-12-09T08:07,2025-12-09T11:03,114,290
SYN-0009347,Imaging,49,2025-08-23T04:52,2025-08-23T06:04,2025-08-23T06:24,72,92
SYN-0009348,Orthopedics,32,2025-09-13T07:22,2025-09-13T09:16,2025-09-13T10:23,114,181
SYN-0009349,General Medicine,33,2025-11-28T00:20,2025-11-28T00:55,2025-11-28T03:42,35,202
SYN-0009350,Imaging,57,2025-11-22T00:49,2025-11-22T01:10,2025-11-22T02:33,21,104
SYN-0009351,Imaging,72,2025-11-11T23:01,2025-11-12T00:01,2025-11-12T01:14,60,133
SYN-0009352,Imaging,94,2025-03-29T17:44,2025-03-29T17:56,2025-03-29T18:21,12,37
SYN-0009353,Cardiology,50,2025-10-05T02:33,2025-10-05T03:24,2025-10-05T04:50,51,137
SYN-0009354,Cardiology,75,2025-03-24T10:43,2025-03-24T11:31,2025-03-24T13:09,48,146
SYN-0009355,Imaging,71,2025-09-16T12:43,2025-09-16T13:51,2025-09-16T14:07,68,84
SYN-0009356,Imaging,21,2025-03-27T00:48,2025-03-27T01:33,2025-03-27T03:01,45,133
SYN-0009357,Orthopedics,93,2025-06-04T18:42,2025-06-04T20:35,2025-06-04T22:56,113,254
SYN-0009358,Imaging,53,2025-08-09T15:30,2025-08-09T16:37,2025-08-09T16:57,67,87
SYN-0009359,Imaging,52,2025-03-22T19:34,2025-03-22T20:40,2025-03-22T21:56,66,142
SYN-0009360,Emergency,77,2025-11-24T21:14,2025-11-24T22:54,2025-11-25T06:16,100,542
SYN-0009361,Emergency,28,2025-01-14T07:19,2025-01-14T08:03,2025-01-14T11:39,44,260
SYN-0009362,Orthopedics,54,2025-07-06T10:45,2025-07-06T11:37,2025-07-06T13:19,52,154
SYN-0009363,Emergency,76,2025-08-22T12:47,2025-08-22T15:40,2025-08-22T23:15,173,628
SYN-0009364,Orthopedics,45,2025-10-11T14:00,2025-10-11T14:21,2025-10-11T16:25,21,145
SYN-0009365,Imaging,63,2025-07-15T22:37,2025-07-15T23:15,2025-07-16T00:04,38,87
SYN-0009366,Orthopedics,67,2025-12-11T17:15,2025-12-11T18:53,2025-12-11T20:49,98,214
SYN-0009367,Imaging,52,2025-09-04T07:35,2025-09-04T08:06,2025-09-04T08:51,31,76
SYN-0009368,Cardiology,90,2025-01-20T05:06,2025-01-20T05:11,2025-01-20T07:21,5,135
SYN-0009369,Orthopedics,38,2025-11-24T04:23,2025-11-24T04:55,2025-11-24T05:27,32,64
SYN-0009370,Imaging,78,2025-04-15T01:32,2025-04-15T02:37,2025-04-15T03:08,65,96
SYN-0009371,Imaging,25,2025-12-29T14:49,2025-12-29T15:35,2025-12-29T16:54,46,125
SYN-0009372,General Medicine,69,2025-11-07T11:30,2025-11-07T12:49,2025-11-07T13:59,79,149
SYN-0009373,Emergency,87,2025-11-05T12:09,2025-11-05T13:19,2025-11-05T17:18,70,309
SYN-0009374,Emergency,77,2025-05-17T11:03,2025-05-17T14:34,2025-05-17T20:29,211,566
SYN-0009375,Imaging,94,2025-05-06T14:17,2025-05-06T15:01,2025-05-06T15:49,44,92
SYN-0009376,Orthopedics,25,2025-02-03T15:06,2025-02-03T15:36,2025-02-03T17:38,30,152
SYN-0009377,Imaging,63,2025-11-11T19:54,2025-11-11T20:49,2025-11-11T21:17,55,83
SYN-0009378,Cardiology,85,2025-12-07T02:01,2025-12-07T03:07,2025-12-07T05:58,66,237
SYN-0009379,Orthopedics,31,2025-12-24T12:22,2025-12-24T12:44,2025-12-24T14:25,22,123
SYN-0009380,Imaging,93,2025-02-17T01:29,2025-02-17T02:10,2025-02-17T03:37,41,128
SYN-0009381,Emergency,92,2025-11-08T21:33,2025-11-08T23:22,2025-11-09T01:30,109,237
SYN-0009382,Orthopedics,61,2025-05-07T09:52,2025-05-07T09:59,2025-05-07T12:29,7,157
SYN-0009383,General Medicine,30,2025-01-27T06:27,2025-01-27T07:22,2025-01-27T09:20,55,173
SYN-0009384,Imaging,78,2025-11-07T23:58,2025-11-08T00:12,2025-11-08T01:11,14,73
SYN-0009385,General Medicine,44,2025-04-14T08:17,2025-04-14T08:42,2025-04-14T11:14,25,177
SYN-0009386,Emergency,20,2025-02-03T13:19,2025-02-03T15:31,2025-02-03T21:43,132,504
SYN-0009387,General Medicine,57,2025-06-07T02:39,2025-06-07T03:05,2025-06-07T04:25,26,106
SYN-0009388,General Medicine,79,2025-06-01T19:48,2025-06-01T20:02,2025-06-01T21:08,14,80
SYN-0009389,Orthopedics,91,2025-11-11T17:10,2025-11-11T17:44,2025-11-11T18:59,34,109
SYN-0009390,Cardiology,88,2025-03-13T02:53,2025-03-13T03:33,2025-03-13T05:30,40,157
SYN-0009391,Emergency,91,2025-10-04T05:21,2025-10-04T05:54,2025-10-04T12:20,33,419
SYN-0009392,Orthopedics,40,2025-03-27T21:54,2025-03-27T23:17,2025-03-28T00:17,83,143
SYN-0009393,General Medicine,23,2025-07-11T09:30,2025-07-11T10:56,2025-07-11T13:13,86,223
SYN-0009394,Cardiology,88,2025-04-24T08:52,2025-04-24T09:05,2025-04-24T10:17,13,85
SYN-0009395,Imaging,63,2025-11-13T11:59,2025-11-13T12:16,2025-11-13T13:04,17,65
SYN-0009396,General Medicine,36,2025-03-01T18:57,2025-03-01T20:36,2025-03-01T21:30,99,153
SYN-0009397,Emergency,90,2025-06-17T20:04,2025-06-17T23:41,2025-06-18T01:47,217,343
SYN-0009398,Emergency,73,2025-10-08T04:22,2025-10-08T06:06,2025-10-08T11:44,104,442
SYN-0009399,Imaging,91,2025-06-07T21:36,2025-06-07T22:13,2025-06-07T22:47,37,71
SYN-0009400,Orthopedics,79,2025-06-01T07:42,2025-06-01T09:32,2025-06-01T10:50,110,188
SYN-0009401,Orthopedics,85,2025-04-26T19:02,2025-04-26T20:59,2025-04-26T22:42,117,220
SYN-0009402,General Medicine,78,2025-06-26T11:08,2025-06-26T12:34,2025-06-26T14:42,86,214
SYN-0009403,Imaging,24,2025-08-25T07:06,2025-08-25T07:41,2025-08-25T08:35,35,89
SYN-0009404,Cardiology,78,2025-11-23T15:01,2025-11-23T15:07,2025-11-23T16:37,6,96
SYN-0009405,Cardiology,27,2025-05-29T19:15,2025-05-29T19:30,2025-05-29T22:11,15,176
SYN-0009406,Imaging,60,2025-02-03T22:05,2025-02-03T22:30,2025-02-03T23:30,25,85
SYN-0009407,Orthopedics,74,2025-11-06T03:00,2025-11-06T03:30,2025-11-06T04:40,30,100
SYN-0009408,General Medicine,83,2025-08-11T06:19,2025-08-11T07:06,2025-08-11T08:47,47,148
SYN-0009409,Cardiology,89,2025-10-15T07:41,2025-10-15T08:45,2025-10-15T10:06,64,145
SYN-0009410,Imaging,83,2025-06-25T04:39,2025-06-25T05:46,2025-06-25T07:16,67,157
SYN-0009411,General Medicine,39,2025-02-27T17:08,2025-02-27T18:26,2025-02-27T21:28,78,260
SYN-0009412,General Medicine,82,2025-05-01T16:32,2025-05-01T18:33,2025-05-01T20:56,121,264
SYN-0009413,Imaging,86,2025-12-29T12:47,2025-12-29T13:53,2025-12-29T14:40,66,113
SYN-0009414,Imaging,20,2025-08-03T11:52,2025-08-03T12:07,2025-08-03T12:28,15,36
SYN-0009415,Imaging,66,2025-10-02T15:15,2025-10-02T16:08,2025-10-02T16:44,53,89
SYN-0009416,Orthopedics,58,2025-03-15T01:25,2025-03-15T01:53,2025-03-15T03:35,28,130
SYN-0009417,Imaging,36,2025-02-06T13:13,2025-02-06T13:46,2025-02-06T14:10,33,57
SYN-0009418,Emergency,27,2025-07-12T03:30,2025-07-12T04:53,2025-07-12T05:33,83,123
SYN-0009419,Emergency,90,2025-03-16T11:33,2025-03-16T13:40,2025-03-16T21:02,127,569
SYN-0009420,Emergency,49,2025-07-23T18:23,2025-07-23T19:07,2025-07-24T00:41,44,378
SYN-0009421,Cardiology,72,2025-05-12T02:17,2025-05-12T03:20,2025-05-12T04:19,63,122
SYN-0009422,Orthopedics,55,2025-03-14T14:13,2025-03-14T15:14,2025-03-14T17:59,61,226
SYN-0009423,General Medicine,58,2025-09-18T09:35,2025-09-18T11:26,2025-09-18T12:52,111,197
SYN-0009424,Emergency,65,2025-06-02T13:30,2025-06-02T14:00,2025-06-02T19:28,30,358
SYN-0009425,Cardiology,32,2025-01-23T02:24,2025-01-23T02:37,2025-01-23T03:42,13,78
SYN-0009426,Orthopedics,68,2025-09-26T23:21,2025-09-27T00:31,2025-09-27T02:18,70,177
SYN-0009427,Imaging,79,2025-06-09T09:32,2025-06-09T10:05,2025-06-09T10:31,33,59
SYN-0009428,Emergency,77,2025-02-17T18:31,2025-02-17T21:38,2025-02-17T22:31,187,240
SYN-0009429,Orthopedics,75,2025-03-09T04:37,2025-03-09T05:54,2025-03-09T07:12,77,155
SYN-0009430,Orthopedics,47,2025-12-30T20:20,2025-12-30T21:18,2025-12-30T21:55,58,95
SYN-0009431,Emergency,45,2025-11-21T06:15,2025-11-21T07:12,2025-11-21T08:35,57,140
SYN-0009432,Imaging,23,2025-12-17T07:22,2025-12-17T07:54,2025-12-17T08:39,32,77
SYN-0009433,Emergency,30,2025-01-05T03:28,2025-01-05T07:13,2025-01-05T15:10,225,702
SYN-0009434,Orthopedics,38,2025-10-29T06:28,2025-10-29T07:45,2025-10-29T08:58,77,150
SYN-0009435,Emergency,38,2025-04-26T02:21,2025-04-26T06:02,2025-04-26T13:21,221,660
SYN-0009436,Orthopedics,27,2025-10-30T20:52,2025-10-30T20:58,2025-10-30T21:28,6,36
SYN-0009437,Cardiology,52,2025-09-01T16:14,2025-09-01T17:26,2025-09-01T19:48,72,214
SYN-0009438,General Medicine,39,2025-02-08T14:17,2025-02-08T16:16,2025-02-08T18:29,119,252
SYN-0009439,Orthopedics,49,2025-07-17T05:22,2025-07-17T07:16,2025-07-17T08:07,114,165
SYN-0009440,Orthopedics,78,2025-07-21T12:30,2025-07-21T13:44,2025-07-21T14:24,74,114
SYN-0009441,Emergency,22,2025-01-23T12:41,2025-01-23T13:07,2025-01-23T20:41,26,480
SYN-0009442,Orthopedics,58,2025-03-02T08:52,2025-03-02T09:40,2025-03-02T10:23,48,91
SYN-0009443,Cardiology,70,2025-08-27T19:49,2025-08-27T20:02,2025-08-27T21:15,13,86
SYN-0009444,Emergency,69,2025-12-17T22:08,2025-12-18T01:50,2025-12-18T03:37,222,329
SYN-0009445,General Medicine,81,2025-07-19T13:01,2025-07-19T13:59,2025-07-19T17:53,58,292
SYN-0009446,Imaging,59,2025-02-06T04:18,2025-02-06T05:18,2025-02-06T06:26,60,128
SYN-0009447,Orthopedics,37,2025-10-01T19:29,2025-10-01T20:38,2025-10-01T22:33,69,184
SYN-0009448,Orthopedics,52,2025-01-06T23:49,2025-01-07T00:54,2025-01-07T02:53,65,184
SYN-0009449,Cardiology,51,2025-10-19T18:56,2025-10-19T19:23,2025-10-19T21:27,27,151
SYN-0009450,Emergency,82,2025-07-11T20:09,2025-07-11T21:58,2025-07-12T03:30,109,441
SYN-0009451,Imaging,51,2025-09-03T18:24,2025-09-03T18:43,2025-09-03T20:00,19,96
SYN-0009452,Emergency,81,2025-04-27T01:01,2025-04-27T04:20,2025-04-27T09:15,199,494
SYN-0009453,Imaging,89,2025-08-07T12:47,2025-08-07T13:05,2025-08-07T13:34,18,47
SYN-0009454,General Medicine,65,2025-02-10T10:13,2025-02-10T10:47,2025-02-10T12:54,34,161
SYN-0009455,General Medicine,60,2025-12-30T12:26,2025-12-30T12:41,2025-12-30T13:30,15,64
SYN-0009456,Orthopedics,69,2025-05-05T02:01,2025-05-05T03:08,2025-05-05T03:48,67,107
SYN-0009457,Imaging,23,2025-08-26T10:59,2025-08-26T12:14,2025-08-26T13:17,75,138
SYN-0009458,Orthopedics,56,2025-03-08T13:28,2025-03-08T14:07,2025-03-08T15:51,39,143
SYN-0009459,Orthopedics,36,2025-07-09T17:54,2025-07-09T19:34,2025-07-09T20:39,100,165
SYN-0009460,Imaging,62,2025-02-14T02:48,2025-02-14T03:56,2025-02-14T04:13,68,85
SYN-0009461,Emergency,47,2025-04-01T04:35,2025-04-01T05:01,2025-04-01T08:19,26,224
SYN-0009462,Imaging,70,2025-05-09T17:26,2025-05-09T18:36,2025-05-09T19:44,70,138
SYN-0009463,General Medicine,23,2025-11-20T11:44,2025-11-20T12:58,2025-11-20T16:06,74,262
SYN-0009464,Orthopedics,70,2025-02-15T16:57,2025-02-15T17:20,2025-02-15T18:55,23,118
SYN-0009465,General Medicine,37,2025-08-03T16:13,2025-08-03T18:32,2025-08-03T19:31,139,198
SYN-0009466,Emergency,74,2025-02-27T05:34,2025-02-27T07:37,2025-02-27T11:22,123,348
SYN-0009467,Emergency,51,2025-02-26T15:48,2025-02-26T16:09,2025-02-26T20:18,21,270
SYN-0009468,Cardiology,37,2025-12-10T23:55,2025-12-11T00:54,2025-12-11T03:11,59,196
SYN-0009469,Cardiology,70,2025-10-13T00:48,2025-10-13T02:09,2025-10-13T04:53,81,245
SYN-0009470,Emergency,50,2025-08-16T20:07,2025-08-16T23:11,2025-08-17T00:05,184,238
SYN-0009471,Emergency,59,2025-03-02T19:58,2025-03-02T23:49,2025-03-03T04:14,231,496
SYN-0009472,Emergency,73,2025-12-26T22:45,2025-12-26T23:02,2025-12-27T06:19,17,454
SYN-0009473,Emergency,62,2025-11-29T21:21,2025-11-29T21:51,2025-11-30T04:13,30,412
SYN-0009474,Emergency,18,2025-01-05T08:16,2025-01-05T11:27,2025-01-05T18:17,191,601
SYN-0009475,Imaging,40,2025-07-02T08:25,2025-07-02T09:30,2025-07-02T10:55,65,150
SYN-0009476,General Medicine,76,2025-09-22T00:42,2025-09-22T02:04,2025-09-22T04:08,82,206
SYN-0009477,Imaging,79,2025-11-08T13:59,2025-11-08T14:17,2025-11-08T15:39,18,100
SYN-0009478,Imaging,80,2025-11-08T13:33,2025-11-08T13:43,2025-11-08T14:53,10,80
SYN-0009479,Cardiology,88,2025-05-09T19:08,2025-05-09T19:24,2025-05-09T20:49,16,101
SYN-0009480,Cardiology,44,2025-07-08T13:23,2025-07-08T14:06,2025-07-08T15:21,43,118
SYN-0009481,Emergency,32,2025-04-20T23:42,2025-04-21T02:34,2025-04-21T08:07,172,505
SYN-0009482,Orthopedics,64,2025-05-09T16:09,2025-05-09T16:34,2025-05-09T18:59,25,170
SYN-0009483,General Medicine,43,2025-06-11T16:34,2025-06-11T18:48,2025-06-11T21:34,134,300
SYN-0009484,Imaging,85,2025-02-09T14:26,2025-02-09T15:30,2025-02-09T16:20,64,114
SYN-0009485,General Medicine,62,2025-02-02T17:21,2025-02-02T17:57,2025-02-02T19:10,36,109
SYN-0009486,General Medicine,77,2025-07-28T16:15,2025-07-28T17:33,2025-07-28T21:29,78,314
SYN-0009487,Imaging,29,2025-01-22T07:17,2025-01-22T08:30,2025-01-22T09:54,73,157
SYN-0009488,Cardiology,69,2025-09-07T05:06,2025-09-07T06:36,2025-09-07T08:03,90,177
SYN-0009489,Cardiology,30,2025-10-30T03:37,2025-10-30T03:49,2025-10-30T05:29,12,112
SYN-0009490,Emergency,37,2025-01-28T21:22,2025-01-29T01:12,2025-01-29T06:28,230,546
SYN-0009491,Orthopedics,69,2025-02-20T20:57,2025-02-20T22:04,2025-02-20T22:43,67,106
SYN-0009492,Cardiology,76,2025-06-25T11:02,2025-06-25T11:13,2025-06-25T13:39,11,157
SYN-0009493,Emergency,63,2025-09-03T10:23,2025-09-03T11:30,2025-09-03T15:10,67,287
SYN-0009494,General Medicine,68,2025-03-31T17:56,2025-03-31T18:33,2025-03-31T20:24,37,148
SYN-0009495,Imaging,70,2025-11-14T04:32,2025-11-14T05:25,2025-11-14T05:49,53,77
SYN-0009496,Cardiology,87,2025-09-10T20:06,2025-09-10T21:24,2025-09-10T23:52,78,226
SYN-0009497,Imaging,34,2025-02-09T13:50,2025-02-09T14:19,2025-02-09T15:23,29,93
SYN-0009498,Orthopedics,42,2025-12-22T11:30,2025-12-22T12:06,2025-12-22T14:12,36,162
SYN-0009499,Cardiology,59,2025-05-10T11:05,2025-05-10T11:17,2025-05-10T12:39,12,94
SYN-0009500,Orthopedics,67,2025-01-15T06:53,2025-01-15T07:44,2025-01-15T08:25,51,92
SYN-0009501,General Medicine,89,2025-11-16T19:27,2025-11-16T20:45,2025-11-16T21:19,78,112
SYN-0009502,Imaging,30,2025-12-29T15:29,2025-12-29T16:00,2025-12-29T17:26,31,117
SYN-0009503,General Medicine,33,2025-07-29T08:33,2025-07-29T09:34,2025-07-29T12:46,61,253
SYN-0009504,Emergency,73,2025-01-04T06:02,2025-01-04T06:25,2025-01-04T12:22,23,380
SYN-0009505,Imaging,83,2025-08-02T06:19,2025-08-02T07:05,2025-08-02T08:29,46,130
SYN-0009506,Orthopedics,21,2025-06-18T12:40,2025-06-18T13:15,2025-06-18T16:09,35,209
SYN-0009507,Emergency,46,2025-02-15T03:08,2025-02-15T04:28,2025-02-15T08:38,80,330
SYN-0009508,Orthopedics,86,2025-01-01T22:55,2025-01-02T00:47,2025-01-02T03:03,112,248
SYN-0009509,General Medicine,53,2025-10-07T11:37,2025-10-07T13:54,2025-10-07T14:33,137,176
SYN-0009510,General Medicine,18,2025-09-29T14:00,2025-09-29T15:12,2025-09-29T17:42,72,222
SYN-0009511,Orthopedics,58,2025-02-07T02:13,2025-02-07T02:54,2025-02-07T05:23,41,190
SYN-0009512,General Medicine,78,2025-07-11T08:50,2025-07-11T10:02,2025-07-11T10:46,72,116
SYN-0009513,Emergency,38,2025-01-18T04:27,2025-01-18T05:09,2025-01-18T09:49,42,322
SYN-0009514,Imaging,32,2025-09-26T05:00,2025-09-26T05:59,2025-09-26T06:47,59,107
SYN-0009515,Cardiology,24,2025-08-22T11:37,2025-08-22T11:42,2025-08-22T12:39,5,62
SYN-0009516,Emergency,80,2025-08-27T16:14,2025-08-27T20:13,2025-08-28T02:02,239,588
SYN-0009517,Orthopedics,87,2025-06-02T17:39,2025-06-02T18:22,2025-06-02T20:55,43,196
SYN-0009518,General Medicine,41,2025-07-25T21:24,2025-07-25T21:34,2025-07-26T00:22,10,178
SYN-0009519,Imaging,38,2025-10-06T18:04,2025-10-06T18:48,2025-10-06T19:06,44,62
SYN-0009520,General Medicine,18,2025-08-26T00:34,2025-08-26T01:26,2025-08-26T04:04,52,210
SYN-0009521,Imaging,46,2025-08-18T04:22,2025-08-18T04:47,2025-08-18T05:46,25,84
SYN-0009522,Cardiology,86,2025-04-12T23:17,2025-04-12T23:23,2025-04-13T01:42,6,145
SYN-0009523,Orthopedics,25,2025-09-27T06:37,2025-09-27T06:51,2025-09-27T08:42,14,125
SYN-0009524,Emergency,50,2025-04-25T07:47,2025-04-25T08:45,2025-04-25T12:03,58,256
SYN-0009525,Imaging,88,2025-11-15T17:36,2025-11-15T17:51,2025-11-15T18:17,15,41
SYN-0009526,General Medicine,19,2025-09-09T14:30,2025-09-09T16:41,2025-09-09T20:03,131,333
SYN-0009527,Orthopedics,85,2025-03-29T15:30,2025-03-29T15:50,2025-03-29T17:13,20,103
SYN-0009528,Orthopedics,63,2025-01-18T20:23,2025-01-18T20:39,2025-01-18T23:20,16,177
SYN-0009529,Emergency,34,2025-03-16T03:34,2025-03-16T07:14,2025-03-16T10:12,220,398
SYN-0009530,Emergency,81,2025-01-03T08:38,2025-01-03T11:50,2025-01-03T19:22,192,644
SYN-0009531,Orthopedics,65,2025-07-20T03:19,2025-07-20T04:44,2025-07-20T05:24,85,125
SYN-0009532,Emergency,45,2025-06-04T23:39,2025-06-05T01:13,2025-06-05T05:22,94,343
SYN-0009533,Cardiology,66,2025-04-16T21:02,2025-04-16T22:07,2025-04-17T00:36,65,214
SYN-0009534,General Medicine,83,2025-06-14T15:50,2025-06-14T17:07,2025-06-14T19:31,77,221
SYN-0009535,Imaging,65,2025-04-20T20:21,2025-04-20T20:51,2025-04-20T21:11,30,50
SYN-0009536,Cardiology,24,2025-10-01T09:52,2025-10-01T10:23,2025-10-01T11:20,31,88
SYN-0009537,Orthopedics,23,2025-10-27T14:55,2025-10-27T15:52,2025-10-27T17:12,57,137
SYN-0009538,Imaging,33,2025-08-08T16:03,2025-08-08T16:18,2025-08-08T16:52,15,49
SYN-0009539,Cardiology,29,2025-08-05T07:48,2025-08-05T08:54,2025-08-05T10:31,66,163
SYN-0009540,Cardiology,90,2025-02-20T14:55,2025-02-20T16:22,2025-02-20T18:27,87,212
SYN-0009541,Cardiology,42,2025-07-29T02:33,2025-07-29T03:33,2025-07-29T05:57,60,204
SYN-0009542,Imaging,62,2025-11-08T07:29,2025-11-08T08:12,2025-11-08T08:53,43,84
SYN-0009543,Cardiology,94,2025-08-18T11:04,2025-08-18T11:19,2025-08-18T13:22,15,138
SYN-0009544,Orthopedics,65,2025-03-27T10:40,2025-03-27T11:32,2025-03-27T13:49,52,189
SYN-0009545,Emergency,31,2025-08-21T17:40,2025-08-21T21:03,2025-08-22T02:11,203,511
SYN-0009546,Orthopedics,86,2025-03-20T11:44,2025-03-20T12:37,2025-03-20T14:06,53,142
SYN-0009547,Imaging,70,2025-12-15T17:47,2025-12-15T19:02,2025-12-15T20:31,75,164
SYN-0009548,Cardiology,43,2025-04-04T17:40,2025-04-04T18:15,2025-04-04T19:11,35,91
SYN-0009549,Emergency,48,2025-06-03T01:21,2025-06-03T02:42,2025-06-03T04:31,81,190
SYN-0009550,Cardiology,31,2025-06-24T06:21,2025-06-24T07:32,2025-06-24T10:31,71,250
SYN-0009551,General Medicine,59,2025-04-16T17:07,2025-04-16T18:55,2025-04-16T19:26,108,139
SYN-0009552,Emergency,81,2025-04-22T19:39,2025-04-22T22:25,2025-04-23T05:06,166,567
SYN-0009553,Emergency,57,2025-01-18T15:48,2025-01-18T17:04,2025-01-18T17:36,76,108
SYN-0009554,Cardiology,72,2025-10-04T08:50,2025-10-04T10:04,2025-10-04T12:40,74,230
SYN-0009555,General Medicine,81,2025-01-30T04:52,2025-01-30T06:19,2025-01-30T08:48,87,236
SYN-0009556,Cardiology,77,2025-04-27T15:33,2025-04-27T16:27,2025-04-27T17:22,54,109
SYN-0009557,Orthopedics,72,2025-11-01T17:12,2025-11-01T18:18,2025-11-01T20:57,66,225
SYN-0009558,Cardiology,63,2025-01-22T01:49,2025-01-22T02:46,2025-01-22T05:39,57,230
SYN-0009559,Cardiology,89,2025-02-12T03:35,2025-02-12T04:42,2025-02-12T06:16,67,161
SYN-0009560,General Medicine,23,2025-05-19T06:52,2025-05-19T07:39,2025-05-19T09:00,47,128
SYN-0009561,General Medicine,95,2025-03-09T23:43,2025-03-10T01:50,2025-03-10T02:27,127,164
SYN-0009562,General Medicine,77,2025-08-03T12:35,2025-08-03T15:03,2025-08-03T16:16,148,221
SYN-0009563,Imaging,30,2025-09-21T13:18,2025-09-21T13:29,2025-09-21T14:43,11,85
SYN-0009564,General Medicine,18,2025-03-17T22:59,2025-03-18T00:50,2025-03-18T01:55,111,176
SYN-0009565,General Medicine,42,2025-10-29T11:40,2025-10-29T13:59,2025-10-29T17:18,139,338
SYN-0009566,Imaging,82,2025-05-07T14:32,2025-05-07T15:35,2025-05-07T16:57,63,145
SYN-0009567,Emergency,19,2025-10-09T22:56,2025-10-10T02:51,2025-10-10T06:57,235,481
SYN-0009568,Emergency,82,2025-10-18T12:06,2025-10-18T13:52,2025-10-18T20:58,106,532
SYN-0009569,General Medicine,93,2025-12-21T03:28,2025-12-21T03:54,2025-12-21T05:04,26,96
SYN-0009570,Emergency,65,2025-04-30T00:09,2025-04-30T01:38,2025-04-30T08:20,89,491
SYN-0009571,Cardiology,59,2025-10-02T20:06,2025-10-02T21:20,2025-10-02T23:13,74,187
SYN-0009572,General Medicine,75,2025-02-24T16:05,2025-02-24T16:20,2025-02-24T18:38,15,153
SYN-0009573,General Medicine,30,2025-07-27T21:12,2025-07-27T21:56,2025-07-27T23:06,44,114
SYN-0009574,General Medicine,19,2025-11-19T11:38,2025-11-19T13:44,2025-11-19T16:48,126,310
SYN-0009575,Cardiology,85,2025-02-15T08:34,2025-02-15T08:54,2025-02-15T09:49,20,75
SYN-0009576,Cardiology,51,2025-09-09T18:20,2025-09-09T18:58,2025-09-09T19:44,38,84
SYN-0009577,Orthopedics,52,2025-02-02T10:08,2025-02-02T11:20,2025-02-02T13:46,72,218
SYN-0009578,General Medicine,71,2025-07-05T16:03,2025-07-05T17:16,2025-07-05T18:35,73,152
SYN-0009579,Orthopedics,35,2025-11-30T09:50,2025-11-30T11:04,2025-11-30T13:10,74,200
SYN-0009580,Imaging,45,2025-03-14T18:54,2025-03-14T19:06,2025-03-14T19:44,12,50
SYN-0009581,Emergency,72,2025-01-22T12:27,2025-01-22T15:28,2025-01-22T20:16,181,469
SYN-0009582,Imaging,58,2025-02-10T20:38,2025-02-10T21:36,2025-02-10T22:29,58,111
SYN-0009583,General Medicine,46,2025-08-10T03:24,2025-08-10T05:35,2025-08-10T08:47,131,323
SYN-0009584,Emergency,45,2025-01-07T06:32,2025-01-07T08:57,2025-01-07T13:42,145,430
SYN-0009585,Imaging,48,2025-09-01T12:33,2025-09-01T13:45,2025-09-01T14:22,72,109
SYN-0009586,Imaging,85,2025-11-01T13:46,2025-11-01T14:04,2025-11-01T14:35,18,49
SYN-0009587,General Medicine,28,2025-07-29T05:28,2025-07-29T07:45,2025-07-29T08:20,137,172
SYN-0009588,Orthopedics,87,2025-12-21T08:08,2025-12-21T09:53,2025-12-21T11:44,105,216
SYN-0009589,Emergency,43,2025-11-17T02:43,2025-11-17T03:53,2025-11-17T09:46,70,423
SYN-0009590,Emergency,33,2025-05-02T16:04,2025-05-02T17:26,2025-05-03T00:55,82,531
SYN-0009591,Imaging,52,2025-04-11T03:25,2025-04-11T04:13,2025-04-11T05:17,48,112
SYN-0009592,Imaging,43,2025-06-29T07:33,2025-06-29T08:13,2025-06-29T09:00,40,87
SYN-0009593,Emergency,75,2025-04-26T19:35,2025-04-26T21:52,2025-04-27T03:00,137,445
SYN-0009594,Cardiology,70,2025-12-14T18:32,2025-12-14T18:41,2025-12-14T20:56,9,144
SYN-0009595,Imaging,19,2025-08-13T22:33,2025-08-13T22:55,2025-08-13T23:14,22,41
SYN-0009596,Imaging,50,2025-10-19T23:31,2025-10-20T00:42,2025-10-20T01:32,71,121
SYN-0009597,Emergency,74,2025-08-30T19:02,2025-08-30T22:27,2025-08-30T23:55,205,293
SYN-0009598,Imaging,35,2025-10-09T05:14,2025-10-09T05:56,2025-10-09T07:03,42,109
SYN-0009599,Emergency,83,2025-12-20T17:36,2025-12-20T20:19,2025-12-21T02:03,163,507
SYN-0009600,Orthopedics,34,2025-09-07T17:23,2025-09-07T19:15,2025-09-07T21:34,112,251
SYN-0009601,Orthopedics,37,2025-08-07T23:05,2025-08-08T01:05,2025-08-08T03:02,120,237
SYN-0009602,Orthopedics,69,2025-11-04T05:25,2025-11-04T06:12,2025-11-04T09:05,47,220
SYN-0009603,Imaging,77,2025-02-09T22:15,2025-02-09T22:42,2025-02-09T23:19,27,64
SYN-0009604,Cardiology,52,2025-12-10T19:55,2025-12-10T20:17,2025-12-10T22:49,22,174
SYN-0009605,Emergency,30,2025-01-18T02:11,2025-01-18T04:11,2025-01-18T10:22,120,491
SYN-0009606,Orthopedics,47,2025-03-17T21:15,2025-03-17T22:59,2025-03-18T00:35,104,200
SYN-0009607,General Medicine,89,2025-06-19T22:40,2025-06-19T23:31,2025-06-20T01:53,51,193
SYN-0009608,Imaging,48,2025-06-09T04:51,2025-06-09T06:04,2025-06-09T07:26,73,155
SYN-0009609,General Medicine,86,2025-05-28T17:44,2025-05-28T18:28,2025-05-28T22:23,44,279
SYN-0009610,General Medicine,37,2025-04-11T08:41,2025-04-11T11:05,2025-04-11T13:14,144,273
SYN-0009611,Orthopedics,82,2025-11-05T04:03,2025-11-05T05:30,2025-11-05T07:04,87,181
SYN-0009612,Imaging,73,2025-10-28T05:06,2025-10-28T05:34,2025-10-28T07:01,28,115
SYN-0009613,Emergency,69,2025-09-20T10:29,2025-09-20T10:54,2025-09-20T13:20,25,171
SYN-0009614,Orthopedics,89,2025-02-07T17:22,2025-02-07T18:30,2025-02-07T20:08,68,166
SYN-0009615,Orthopedics,57,2025-02-27T16:09,2025-02-27T16:39,2025-02-27T19:14,30,185
SYN-0009616,General Medicine,79,2025-04-17T01:34,2025-04-17T02:25,2025-04-17T04:40,51,186
SYN-0009617,Cardiology,69,2025-01-03T23:04,2025-01-04T00:29,2025-01-04T02:47,85,223
SYN-0009618,Emergency,37,2025-02-26T04:16,2025-02-26T04:39,2025-02-26T11:22,23,426
SYN-0009619,Imaging,22,2025-10-12T06:03,2025-10-12T07:00,2025-10-12T07:51,57,108
SYN-0009620,General Medicine,95,2025-07-27T08:14,2025-07-27T10:15,2025-07-27T11:04,121,170
SYN-0009621,Emergency,18,2025-03-02T20:47,2025-03-02T23:22,2025-03-03T07:10,155,623
SYN-0009622,Emergency,68,2025-11-09T21:22,2025-11-10T00:04,2025-11-10T01:28,162,246
SYN-0009623,Orthopedics,61,2025-08-13T22:31,2025-08-14T00:22,2025-08-14T02:14,111,223
SYN-0009624,Orthopedics,24,2025-01-29T05:05,2025-01-29T06:42,2025-01-29T08:15,97,190
SYN-0009625,Emergency,69,2025-07-15T17:01,2025-07-15T19:12,2025-07-16T00:07,131,426
SYN-0009626,Cardiology,38,2025-08-06T01:57,2025-08-06T03:25,2025-08-06T06:15,88,258
SYN-0009627,Emergency,34,2025-05-12T17:25,2025-05-12T20:20,2025-05-12T23:31,175,366
SYN-0009628,Orthopedics,43,2025-11-30T07:44,2025-11-30T09:14,2025-11-30T12:04,90,260
SYN-0009629,Emergency,38,2025-05-25T09:27,2025-05-25T11:44,2025-05-25T18:50,137,563
SYN-0009630,Emergency,69,2025-09-29T23:40,2025-09-30T01:35,2025-09-30T05:28,115,348
SYN-0009631,General Medicine,25,2025-11-22T19:29,2025-11-22T20:06,2025-11-22T20:47,37,78
SYN-0009632,General Medicine,33,2025-02-17T20:37,2025-02-17T22:30,2025-02-18T02:12,113,335
SYN-0009633,Imaging,18,2025-07-04T02:28,2025-07-04T02:44,2025-07-04T03:26,16,58
SYN-0009634,Cardiology,70,2025-01-17T08:17,2025-01-17T09:07,2025-01-17T10:00,50,103
SYN-0009635,Orthopedics,71,2025-11-30T18:48,2025-11-30T19:15,2025-11-30T20:22,27,94
SYN-0009636,Orthopedics,70,2025-08-12T06:19,2025-08-12T06:55,2025-08-12T08:44,36,145
SYN-0009637,Orthopedics,25,2025-09-17T07:51,2025-09-17T08:13,2025-09-17T10:33,22,162
SYN-0009638,Orthopedics,80,2025-12-30T10:11,2025-12-30T10:40,2025-12-30T12:22,29,131
SYN-0009639,Orthopedics,19,2025-10-27T11:06,2025-10-27T11:21,2025-10-27T12:11,15,65
SYN-0009640,Cardiology,42,2025-09-14T13:52,2025-09-14T15:02,2025-09-14T17:22,70,210
SYN-0009641,General Medicine,61,2025-12-30T00:29,2025-12-30T02:56,2025-12-30T06:30,147,361
SYN-0009642,Orthopedics,58,2025-12-26T09:18,2025-12-26T10:39,2025-12-26T13:32,81,254
SYN-0009643,General Medicine,26,2025-07-09T13:35,2025-07-09T14:32,2025-07-09T15:17,57,102
SYN-0009644,Orthopedics,85,2025-04-30T04:00,2025-04-30T05:57,2025-04-30T07:49,117,229
SYN-0009645,Cardiology,69,2025-03-14T01:37,2025-03-14T02:11,2025-03-14T03:08,34,91
SYN-0009646,Orthopedics,49,2025-01-15T21:44,2025-01-15T23:22,2025-01-16T00:51,98,187
SYN-0009647,Cardiology,53,2025-11-30T11:51,2025-11-30T13:13,2025-11-30T16:04,82,253
SYN-0009648,Orthopedics,47,2025-06-15T11:43,2025-06-15T13:10,2025-06-15T14:53,87,190
SYN-0009649,Cardiology,76,2025-09-09T06:12,2025-09-09T07:32,2025-09-09T09:36,80,204
SYN-0009650,General Medicine,24,2025-07-25T14:45,2025-07-25T16:44,2025-07-25T19:21,119,276
SYN-0009651,Orthopedics,34,2025-11-27T21:32,2025-11-27T23:26,2025-11-28T01:56,114,264
SYN-0009652,Orthopedics,79,2025-07-19T11:34,2025-07-19T13:00,2025-07-19T15:10,86,216
SYN-0009653,Cardiology,31,2025-08-04T09:48,2025-08-04T10:58,2025-08-04T12:37,70,169
SYN-0009654,General Medicine,27,2025-11-25T04:14,2025-11-25T04:26,2025-11-25T06:40,12,146
SYN-0009655,Emergency,89,2025-11-19T01:37,2025-11-19T01:55,2025-11-19T07:30,18,353
SYN-0009656,Orthopedics,92,2025-05-01T04:20,2025-05-01T05:02,2025-05-01T06:16,42,116
SYN-0009657,General Medicine,51,2025-10-04T04:13,2025-10-04T05:26,2025-10-04T06:12,73,119
SYN-0009658,Cardiology,72,2025-04-03T05:19,2025-04-03T05:39,2025-04-03T06:56,20,97
SYN-0009659,Orthopedics,24,2025-12-09T02:56,2025-12-09T04:05,2025-12-09T06:04,69,188
SYN-0009660,Cardiology,18,2025-02-22T00:29,2025-02-22T01:10,2025-02-22T04:07,41,218
SYN-0009661,Orthopedics,90,2025-12-08T22:22,2025-12-08T23:49,2025-12-09T01:52,87,210
SYN-0009662,General Medicine,47,2025-07-10T02:02,2025-07-10T02:34,2025-07-10T04:36,32,154
SYN-0009663,Orthopedics,62,2025-10-03T21:50,2025-10-03T23:21,2025-10-04T01:20,91,210
SYN-0009664,Emergency,54,2025-06-12T08:24,2025-06-12T11:20,2025-06-12T13:05,176,281
SYN-0009665,Cardiology,77,2025-02-10T16:27,2025-02-10T17:05,2025-02-10T19:00,38,153
SYN-0009666,Emergency,71,2025-01-15T15:24,2025-01-15T17:45,2025-01-16T00:50,141,566
SYN-0009667,Cardiology,55,2025-08-28T09:49,2025-08-28T10:03,2025-08-28T11:49,14,120
SYN-0009668,Cardiology,59,2025-07-16T05:32,2025-07-16T06:18,2025-07-16T08:58,46,206
SYN-0009669,General Medicine,44,2025-12-11T03:00,2025-12-11T03:15,2025-12-11T06:55,15,235
SYN-0009670,Emergency,27,2025-04-30T02:02,2025-04-30T02:51,2025-04-30T07:48,49,346
SYN-0009671,Emergency,68,2025-05-13T21:12,2025-05-14T00:45,2025-05-14T01:51,213,279
SYN-0009672,Orthopedics,83,2025-03-10T22:19,2025-03-10T23:45,2025-03-11T00:53,86,154
SYN-0009673,Emergency,81,2025-07-11T04:50,2025-07-11T06:21,2025-07-11T09:02,91,252
SYN-0009674,General Medicine,77,2025-06-08T07:30,2025-06-08T09:49,2025-06-08T12:48,139,318
SYN-0009675,Imaging,65,2025-02-12T09:48,2025-02-12T09:59,2025-02-12T11:16,11,88
SYN-0009676,Emergency,20,2025-09-28T04:09,2025-09-28T06:12,2025-09-28T06:54,123,165
SYN-0009677,Imaging,41,2025-06-08T05:49,2025-06-08T06:10,2025-06-08T07:14,21,85
SYN-0009678,Imaging,43,2025-07-05T22:55,2025-07-05T23:51,2025-07-06T00:28,56,93
SYN-0009679,Cardiology,37,2025-11-26T20:49,2025-11-26T21:48,2025-11-26T23:58,59,189
SYN-0009680,Emergency,50,2025-02-08T06:50,2025-02-08T10:16,2025-02-08T14:59,206,489
SYN-0009681,Imaging,74,2025-06-25T22:33,2025-06-25T22:43,2025-06-25T23:59,10,86
SYN-0009682,General Medicine,60,2025-12-27T04:19,2025-12-27T06:41,2025-12-27T09:18,142,299
SYN-0009683,Cardiology,42,2025-11-13T12:12,2025-11-13T13:40,2025-11-13T15:13,88,181
SYN-0009684,Imaging,64,2025-08-07T20:20,2025-08-07T20:38,2025-08-07T21:59,18,99
SYN-0009685,Orthopedics,82,2025-06-13T11:57,2025-06-13T12:36,2025-06-13T13:33,39,96
SYN-0009686,Orthopedics,85,2025-04-22T20:33,2025-04-22T21:35,2025-04-23T00:30,62,237
SYN-0009687,Cardiology,30,2025-01-14T00:02,2025-01-14T00:58,2025-01-14T02:20,56,138
SYN-0009688,Imaging,95,2025-08-18T20:53,2025-08-18T21:43,2025-08-18T22:11,50,78
SYN-0009689,General Medicine,54,2025-12-17T17:51,2025-12-17T19:21,2025-12-17T20:33,90,162
SYN-0009690,Imaging,64,2025-03-13T23:40,2025-03-14T00:54,2025-03-14T02:12,74,152
SYN-0009691,Orthopedics,44,2025-05-21T14:05,2025-05-21T15:44,2025-05-21T17:11,99,186
SYN-0009692,Emergency,27,2025-06-15T19:41,2025-06-15T22:36,2025-06-16T02:54,175,433
SYN-0009693,Cardiology,60,2025-12-27T12:33,2025-12-27T14:00,2025-12-27T16:01,87,208
SYN-0009694,Imaging,77,2025-03-11T00:11,2025-03-11T00:24,2025-03-11T01:33,13,82
SYN-0009695,Imaging,32,2025-04-14T18:19,2025-04-14T19:10,2025-04-14T19:31,51,72
SYN-0009696,Emergency,39,2025-02-01T13:21,2025-02-01T16:56,2025-02-01T17:36,215,255
SYN-0009697,Imaging,90,2025-08-13T01:18,2025-08-13T02:30,2025-08-13T03:39,72,141
SYN-0009698,Orthopedics,25,2025-12-04T22:07,2025-12-05T00:05,2025-12-05T02:48,118,281
SYN-0009699,Emergency,59,2025-04-02T04:39,2025-04-02T06:18,2025-04-02T07:49,99,190
SYN-0009700,Cardiology,42,2025-11-04T03:31,2025-11-04T04:41,2025-11-04T05:39,70,128
SYN-0009701,Emergency,60,2025-01-03T00:52,2025-01-03T03:39,2025-01-03T10:07,167,555
SYN-0009702,Cardiology,39,2025-06-01T14:27,2025-06-01T15:35,2025-06-01T17:58,68,211
SYN-0009703,General Medicine,81,2025-05-03T03:54,2025-05-03T06:03,2025-05-03T09:15,129,321
SYN-0009704,Orthopedics,40,2025-05-17T09:24,2025-05-17T10:55,2025-05-17T13:03,91,219
SYN-0009705,Imaging,42,2025-08-20T00:30,2025-08-20T01:40,2025-08-20T02:55,70,145
SYN-0009706,Emergency,38,2025-09-11T08:13,2025-09-11T08:42,2025-09-11T15:34,29,441
SYN-0009707,Orthopedics,35,2025-12-25T06:18,2025-12-25T08:00,2025-12-25T09:22,102,184
SYN-0009708,Emergency,95,2025-11-21T19:34,2025-11-21T21:37,2025-11-22T00:53,123,319
SYN-0009709,Cardiology,50,2025-08-07T07:08,2025-08-07T07:25,2025-08-07T09:29,17,141
SYN-0009710,General Medicine,93,2025-03-25T18:30,2025-03-25T19:48,2025-03-25T23:45,78,315
SYN-0009711,General Medicine,58,2025-07-16T17:29,2025-07-16T19:15,2025-07-16T22:33,106,304
SYN-0009712,General Medicine,43,2025-07-11T07:01,2025-07-11T08:49,2025-07-11T10:04,108,183
SYN-0009713,General Medicine,81,2025-04-13T18:01,2025-04-13T19:22,2025-04-13T19:53,81,112
SYN-0009714,Imaging,47,2025-11-25T00:28,2025-11-25T00:42,2025-11-25T01:42,14,74
SYN-0009715,Imaging,74,2025-01-05T00:48,2025-01-05T02:00,2025-01-05T02:57,72,129
SYN-0009716,Emergency,87,2025-03-21T23:02,2025-03-22T00:34,2025-03-22T06:49,92,467
SYN-0009717,Cardiology,21,2025-03-28T08:27,2025-03-28T09:16,2025-03-28T10:23,49,116
SYN-0009718,Cardiology,34,2025-11-26T19:32,2025-11-26T19:48,2025-11-26T22:24,16,172
SYN-0009719,Emergency,53,2025-03-18T18:14,2025-03-18T20:26,2025-03-18T23:57,132,343
SYN-0009720,Orthopedics,72,2025-10-29T15:33,2025-10-29T17:24,2025-10-29T19:29,111,236
SYN-0009721,Emergency,76,2025-10-21T00:51,2025-10-21T03:39,2025-10-21T07:37,168,406
SYN-0009722,Imaging,24,2025-08-31T09:44,2025-08-31T09:50,2025-08-31T10:16,6,32
SYN-0009723,Orthopedics,28,2025-01-02T01:41,2025-01-02T02:16,2025-01-02T03:55,35,134
SYN-0009724,Emergency,61,2025-09-28T21:51,2025-09-28T22:48,2025-09-29T02:38,57,287
SYN-0009725,Imaging,65,2025-12-03T00:12,2025-12-03T01:05,2025-12-03T01:58,53,106
SYN-0009726,Imaging,42,2025-11-30T11:48,2025-11-30T12:43,2025-11-30T13:44,55,116
SYN-0009727,Cardiology,56,2025-12-16T07:15,2025-12-16T08:35,2025-12-16T11:22,80,247
SYN-0009728,Emergency,18,2025-09-03T19:19,2025-09-03T22:44,2025-09-03T23:44,205,265
SYN-0009729,Imaging,37,2025-01-16T07:12,2025-01-16T08:23,2025-01-16T09:19,71,127
SYN-0009730,Cardiology,72,2025-08-05T05:49,2025-08-05T06:25,2025-08-05T07:23,36,94
SYN-0009731,Cardiology,20,2025-12-20T08:00,2025-12-20T08:20,2025-12-20T10:24,20,144
SYN-0009732,Imaging,46,2025-09-01T12:19,2025-09-01T12:36,2025-09-01T13:39,17,80
SYN-0009733,Imaging,44,2025-08-23T10:58,2025-08-23T11:31,2025-08-23T11:47,33,49
SYN-0009734,Orthopedics,80,2025-01-01T01:13,2025-01-01T01:39,2025-01-01T04:28,26,195
SYN-0009735,General Medicine,37,2025-11-01T06:38,2025-11-01T07:05,2025-11-01T10:17,27,219
SYN-0009736,General Medicine,32,2025-10-03T03:05,2025-10-03T04:06,2025-10-03T04:51,61,106
SYN-0009737,Orthopedics,32,2025-12-15T19:10,2025-12-15T21:06,2025-12-15T21:50,116,160
SYN-0009738,Emergency,68,2025-03-30T15:51,2025-03-30T17:51,2025-03-30T21:44,120,353
SYN-0009739,General Medicine,76,2025-11-12T15:21,2025-11-12T15:44,2025-11-12T17:10,23,109
SYN-0009740,Emergency,52,2025-02-12T16:10,2025-02-12T17:44,2025-02-12T23:09,94,419
SYN-0009741,Emergency,74,2025-12-08T17:17,2025-12-08T17:57,2025-12-08T22:22,40,305
SYN-0009742,General Medicine,31,2025-05-28T14:59,2025-05-28T16:59,2025-05-28T20:21,120,322
SYN-0009743,General Medicine,22,2025-11-19T16:51,2025-11-19T18:13,2025-11-19T20:28,82,217
SYN-0009744,General Medicine,88,2025-02-05T10:55,2025-02-05T12:44,2025-02-05T16:06,109,311
SYN-0009745,Imaging,37,2025-02-20T09:49,2025-02-20T10:28,2025-02-20T11:36,39,107
SYN-0009746,Cardiology,20,2025-06-09T11:05,2025-06-09T12:27,2025-06-09T15:22,82,257
SYN-0009747,General Medicine,78,2025-08-15T10:36,2025-08-15T12:51,2025-08-15T15:39,135,303
SYN-0009748,Imaging,50,2025-04-22T12:09,2025-04-22T13:23,2025-04-22T14:43,74,154
SYN-0009749,Cardiology,85,2025-10-21T15:37,2025-10-21T16:40,2025-10-21T18:54,63,197
SYN-0009750,Imaging,75,2025-05-09T20:43,2025-05-09T21:56,2025-05-09T23:06,73,143
SYN-0009751,Orthopedics,19,2025-06-20T15:15,2025-06-20T16:24,2025-06-20T17:41,69,146
SYN-0009752,Emergency,26,2025-11-17T14:21,2025-11-17T16:56,2025-11-17T23:31,155,550
SYN-0009753,Orthopedics,93,2025-08-31T10:43,2025-08-31T11:20,2025-08-31T13:54,37,191
SYN-0009754,Orthopedics,45,2025-05-22T13:22,2025-05-22T13:29,2025-05-22T14:28,7,66
SYN-0009755,Imaging,26,2025-03-05T23:16,2025-03-06T00:18,2025-03-06T00:52,62,96
SYN-0009756,Orthopedics,53,2025-02-18T03:47,2025-02-18T04:40,2025-02-18T07:04,53,197
SYN-0009757,Emergency,55,2025-05-13T21:36,2025-05-14T00:03,2025-05-14T01:54,147,258
SYN-0009758,Imaging,75,2025-06-24T17:52,2025-06-24T18:36,2025-06-24T19:06,44,74
SYN-0009759,Emergency,25,2025-08-26T10:10,2025-08-26T12:07,2025-08-26T19:22,117,552
SYN-0009760,General Medicine,45,2025-05-03T02:15,2025-05-03T03:36,2025-05-03T06:57,81,282
SYN-0009761,Emergency,48,2025-10-25T07:47,2025-10-25T09:32,2025-10-25T14:53,105,426
SYN-0009762,Imaging,33,2025-06-12T04:09,2025-06-12T05:22,2025-06-12T05:47,73,98
SYN-0009763,General Medicine,83,2025-03-19T08:07,2025-03-19T08:33,2025-03-19T10:36,26,149
SYN-0009764,Emergency,92,2025-10-05T14:04,2025-10-05T17:15,2025-10-05T19:48,191,344
SYN-0009765,Emergency,94,2025-11-17T11:16,2025-11-17T11:32,2025-11-17T14:23,16,187
SYN-0009766,Emergency,54,2025-08-11T07:04,2025-08-11T08:31,2025-08-11T12:42,87,338
SYN-0009767,General Medicine,87,2025-09-10T18:18,2025-09-10T19:35,2025-09-10T20:20,77,122
SYN-0009768,Emergency,50,2025-06-12T04:38,2025-06-12T06:12,2025-06-12T07:32,94,174
SYN-0009769,Cardiology,38,2025-02-22T21:33,2025-02-22T22:41,2025-02-22T23:49,68,136
SYN-0009770,Imaging,82,2025-01-16T08:54,2025-01-16T10:07,2025-01-16T10:28,73,94
SYN-0009771,Imaging,55,2025-02-22T21:02,2025-02-22T21:13,2025-02-22T22:22,11,80
SYN-0009772,Orthopedics,72,2025-11-09T07:33,2025-11-09T09:28,2025-11-09T10:18,115,165
SYN-0009773,Imaging,77,2025-12-14T06:33,2025-12-14T06:50,2025-12-14T07:18,17,45
SYN-0009774,Cardiology,18,2025-04-29T19:59,2025-04-29T21:21,2025-04-29T23:17,82,198
SYN-0009775,Imaging,61,2025-01-22T16:46,2025-01-22T17:51,2025-01-22T18:12,65,86
SYN-0009776,General Medicine,53,2025-04-22T19:57,2025-04-22T21:35,2025-04-23T00:26,98,269
SYN-0009777,Emergency,80,2025-12-16T05:57,2025-12-16T07:12,2025-12-16T13:01,75,424
SYN-0009778,General Medicine,40,2025-12-19T13:21,2025-12-19T14:53,2025-12-19T18:22,92,301
SYN-0009779,Orthopedics,25,2025-06-17T19:48,2025-06-17T19:53,2025-06-17T20:31,5,43
SYN-0009780,Cardiology,84,2025-02-16T23:13,2025-02-16T23:28,2025-02-17T01:46,15,153
SYN-0009781,Imaging,93,2025-09-11T01:51,2025-09-11T02:07,2025-09-11T03:19,16,88
SYN-0009782,General Medicine,57,2025-04-21T22:10,2025-04-22T00:11,2025-04-22T01:26,121,196
SYN-0009783,General Medicine,71,2025-12-07T23:11,2025-12-08T00:38,2025-12-08T03:50,87,279
SYN-0009784,Orthopedics,93,2025-07-16T22:59,2025-07-17T00:26,2025-07-17T01:21,87,142
SYN-0009785,Orthopedics,41,2025-06-04T06:40,2025-06-04T08:35,2025-06-04T11:14,115,274
SYN-0009786,Orthopedics,28,2025-01-28T14:19,2025-01-28T14:33,2025-01-28T17:29,14,190
SYN-0009787,Emergency,47,2025-10-21T19:56,2025-10-21T20:40,2025-10-22T04:30,44,514
SYN-0009788,Cardiology,74,2025-04-16T12:42,2025-04-16T13:20,2025-04-16T14:39,38,117
SYN-0009789,Imaging,91,2025-08-27T09:16,2025-08-27T10:21,2025-08-27T10:43,65,87
SYN-0009790,Orthopedics,82,2025-11-04T18:14,2025-11-04T20:07,2025-11-04T21:19,113,185
SYN-0009791,Cardiology,51,2025-09-27T22:59,2025-09-27T23:34,2025-09-28T01:51,35,172
SYN-0009792,Cardiology,29,2025-05-13T09:48,2025-05-13T10:28,2025-05-13T12:18,40,150
SYN-0009793,Cardiology,33,2025-03-27T08:01,2025-03-27T09:12,2025-03-27T09:58,71,117
SYN-0009794,Orthopedics,69,2025-12-14T13:12,2025-12-14T14:39,2025-12-14T16:35,87,203
SYN-0009795,General Medicine,65,2025-03-14T13:34,2025-03-14T14:54,2025-03-14T18:43,80,309
SYN-0009796,Emergency,65,2025-09-21T23:11,2025-09-22T00:14,2025-09-22T06:02,63,411
SYN-0009797,Cardiology,64,2025-12-09T15:29,2025-12-09T15:54,2025-12-09T17:31,25,122
SYN-0009798,Emergency,81,2025-06-07T01:46,2025-06-07T04:05,2025-06-07T11:03,139,557
SYN-0009799,Cardiology,39,2025-08-21T17:42,2025-08-21T18:02,2025-08-21T20:45,20,183
SYN-0009800,Orthopedics,53,2025-04-18T04:38,2025-04-18T05:02,2025-04-18T06:28,24,110
SYN-0009801,Cardiology,44,2025-03-11T21:46,2025-03-11T22:23,2025-03-11T23:45,37,119
SYN-0009802,General Medicine,91,2025-12-18T09:13,2025-12-18T10:52,2025-12-18T14:46,99,333
SYN-0009803,Imaging,88,2025-05-01T17:13,2025-05-01T17:59,2025-05-01T19:09,46,116
SYN-0009804,Emergency,65,2025-06-12T03:48,2025-06-12T06:03,2025-06-12T08:14,135,266
SYN-0009805,Emergency,59,2025-07-08T14:51,2025-07-08T15:04,2025-07-08T19:09,13,258
SYN-0009806,Orthopedics,57,2025-02-02T06:10,2025-02-02T07:47,2025-02-02T10:30,97,260
SYN-0009807,General Medicine,23,2025-08-02T01:39,2025-08-02T02:32,2025-08-02T05:38,53,239
SYN-0009808,Imaging,41,2025-10-04T00:14,2025-10-04T01:28,2025-10-04T02:03,74,109
SYN-0009809,Orthopedics,41,2025-11-17T21:32,2025-11-17T23:11,2025-11-18T01:09,99,217
SYN-0009810,General Medicine,20,2025-11-25T23:54,2025-11-26T00:52,2025-11-26T04:29,58,275
SYN-0009811,Imaging,45,2025-12-04T04:05,2025-12-04T04:30,2025-12-04T05:31,25,86
SYN-0009812,Imaging,65,2025-02-14T01:05,2025-02-14T01:12,2025-02-14T02:34,7,89
SYN-0009813,Orthopedics,71,2025-04-09T22:43,2025-04-09T23:56,2025-04-10T01:00,73,137
SYN-0009814,Cardiology,76,2025-10-25T15:44,2025-10-25T16:14,2025-10-25T17:20,30,96
SYN-0009815,Orthopedics,28,2025-02-16T06:01,2025-02-16T07:54,2025-02-16T08:29,113,148
SYN-0009816,Orthopedics,21,2025-11-24T02:59,2025-11-24T03:29,2025-11-24T04:33,30,94
SYN-0009817,Cardiology,74,2025-07-27T23:10,2025-07-27T23:53,2025-07-28T01:02,43,112
SYN-0009818,Imaging,45,2025-11-03T21:01,2025-11-03T21:49,2025-11-03T22:52,48,111
SYN-0009819,Imaging,93,2025-11-17T02:13,2025-11-17T02:29,2025-11-17T03:14,16,61
SYN-0009820,General Medicine,85,2025-01-06T18:05,2025-01-06T20:32,2025-01-06T23:02,147,297
SYN-0009821,Emergency,49,2025-08-31T07:35,2025-08-31T11:25,2025-08-31T18:49,230,674
SYN-0009822,General Medicine,40,2025-02-24T19:11,2025-02-24T20:08,2025-02-24T22:56,57,225
SYN-0009823,Cardiology,60,2025-10-12T05:47,2025-10-12T07:15,2025-10-12T08:57,88,190
SYN-0009824,Imaging,67,2025-12-21T10:03,2025-12-21T10:54,2025-12-21T11:33,51,90
SYN-0009825,Orthopedics,32,2025-08-30T21:10,2025-08-30T22:58,2025-08-31T00:41,108,211
SYN-0009826,Cardiology,37,2025-10-07T05:15,2025-10-07T06:40,2025-10-07T08:48,85,213
SYN-0009827,Cardiology,53,2025-05-30T15:35,2025-05-30T15:59,2025-05-30T16:47,24,72
SYN-0009828,Imaging,93,2025-04-06T18:18,2025-04-06T18:55,2025-04-06T19:44,37,86
SYN-0009829,General Medicine,84,2025-06-02T16:45,2025-06-02T18:33,2025-06-02T19:34,108,169
SYN-0009830,Emergency,23,2025-10-01T20:30,2025-10-01T22:34,2025-10-01T23:42,124,192
SYN-0009831,Imaging,27,2025-09-05T11:38,2025-09-05T12:08,2025-09-05T12:56,30,78
SYN-0009832,Emergency,84,2025-05-26T09:40,2025-05-26T11:28,2025-05-26T17:34,108,474
SYN-0009833,Cardiology,66,2025-02-21T09:52,2025-02-21T11:15,2025-02-21T12:36,83,164
SYN-0009834,Cardiology,19,2025-10-03T01:00,2025-10-03T02:19,2025-10-03T05:16,79,256
SYN-0009835,Orthopedics,82,2025-12-19T23:30,2025-12-20T01:03,2025-12-20T02:20,93,170
SYN-0009836,Orthopedics,25,2025-03-19T01:09,2025-03-19T02:43,2025-03-19T05:19,94,250
SYN-0009837,Cardiology,64,2025-01-10T01:52,2025-01-10T02:50,2025-01-10T04:23,58,151
SYN-0009838,Imaging,58,2025-05-09T07:26,2025-05-09T08:13,2025-05-09T09:21,47,115
SYN-0009839,Emergency,56,2025-10-07T02:59,2025-10-07T06:04,2025-10-07T11:31,185,512
SYN-0009840,Emergency,39,2025-08-21T08:44,2025-08-21T09:29,2025-08-21T11:48,45,184
SYN-0009841,General Medicine,88,2025-01-02T05:12,2025-01-02T07:37,2025-01-02T10:26,145,314
SYN-0009842,General Medicine,85,2025-01-23T14:40,2025-01-23T17:02,2025-01-23T19:10,142,270
SYN-0009843,Emergency,30,2025-12-02T05:53,2025-12-02T06:26,2025-12-02T06:57,33,64
SYN-0009844,Orthopedics,69,2025-05-29T19:03,2025-05-29T20:24,2025-05-29T21:38,81,155
SYN-0009845,Emergency,83,2025-10-29T11:06,2025-10-29T12:18,2025-10-29T19:27,72,501
SYN-0009846,Emergency,89,2025-08-31T23:43,2025-09-01T02:02,2025-09-01T08:04,139,501
SYN-0009847,General Medicine,44,2025-07-18T01:27,2025-07-18T02:50,2025-07-18T04:26,83,179
SYN-0009848,Imaging,40,2025-05-25T11:21,2025-05-25T11:43,2025-05-25T12:12,22,51
SYN-0009849,Imaging,45,2025-10-31T09:58,2025-10-31T11:06,2025-10-31T12:24,68,146
SYN-0009850,General Medicine,93,2025-02-22T21:46,2025-02-22T22:53,2025-02-23T02:41,67,295
SYN-0009851,Emergency,56,2025-02-09T22:04,2025-02-10T01:09,2025-02-10T05:57,185,473
SYN-0009852,Cardiology,23,2025-06-25T06:22,2025-06-25T07:32,2025-06-25T09:33,70,191
SYN-0009853,General Medicine,60,2025-12-22T12:07,2025-12-22T14:17,2025-12-22T17:12,130,305
SYN-0009854,Imaging,33,2025-05-09T13:53,2025-05-09T15:03,2025-05-09T15:51,70,118
SYN-0009855,General Medicine,26,2025-01-24T23:47,2025-01-25T00:28,2025-01-25T03:20,41,213
SYN-0009856,General Medicine,39,2025-12-03T21:26,2025-12-03T23:36,2025-12-04T01:17,130,231
SYN-0009857,General Medicine,31,2025-06-16T07:32,2025-06-16T08:05,2025-06-16T11:37,33,245
SYN-0009858,Emergency,74,2025-09-17T19:37,2025-09-17T20:27,2025-09-18T00:14,50,277
SYN-0009859,Orthopedics,25,2025-06-08T03:54,2025-06-08T04:48,2025-06-08T05:19,54,85
SYN-0009860,Cardiology,27,2025-04-07T19:08,2025-04-07T19:40,2025-04-07T20:52,32,104
SYN-0009861,Imaging,20,2025-11-23T01:20,2025-11-23T02:32,2025-11-23T03:01,72,101
SYN-0009862,Orthopedics,81,2025-04-13T08:23,2025-04-13T08:50,2025-04-13T10:22,27,119
SYN-0009863,Orthopedics,28,2025-03-08T21:56,2025-03-08T23:08,2025-03-09T01:57,72,241
SYN-0009864,General Medicine,21,2025-05-02T10:17,2025-05-02T11:48,2025-05-02T14:54,91,277
SYN-0009865,Imaging,32,2025-07-10T13:45,2025-07-10T14:17,2025-07-10T14:35,32,50
SYN-0009866,Imaging,39,2025-11-27T05:58,2025-11-27T06:47,2025-11-27T07:18,49,80
SYN-0009867,Imaging,19,2025-03-16T22:41,2025-03-16T22:57,2025-03-17T00:22,16,101
SYN-0009868,General Medicine,23,2025-03-12T12:49,2025-03-12T14:27,2025-03-12T15:54,98,185
SYN-0009869,Emergency,76,2025-02-20T13:37,2025-02-20T17:37,2025-02-21T01:09,240,692
SYN-0009870,General Medicine,26,2025-08-24T19:45,2025-08-24T20:41,2025-08-25T00:24,56,279
SYN-0009871,Cardiology,42,2025-04-24T16:03,2025-04-24T16:58,2025-04-24T18:26,55,143
SYN-0009872,General Medicine,75,2025-06-06T19:08,2025-06-06T19:22,2025-06-06T20:11,14,63
SYN-0009873,Emergency,94,2025-03-08T05:51,2025-03-08T06:46,2025-03-08T07:31,55,100
SYN-0009874,Orthopedics,67,2025-07-21T21:16,2025-07-21T21:21,2025-07-21T22:10,5,54
SYN-0009875,General Medicine,69,2025-06-22T00:15,2025-06-22T02:04,2025-06-22T02:55,109,160
SYN-0009876,Emergency,80,2025-04-15T00:03,2025-04-15T02:12,2025-04-15T06:55,129,412
SYN-0009877,Cardiology,24,2025-09-23T09:25,2025-09-23T09:34,2025-09-23T11:31,9,126
SYN-0009878,General Medicine,62,2025-05-30T01:20,2025-05-30T01:31,2025-05-30T03:52,11,152
SYN-0009879,Cardiology,21,2025-09-21T21:44,2025-09-21T22:19,2025-09-21T23:56,35,132
SYN-0009880,Emergency,71,2025-05-17T12:41,2025-05-17T14:33,2025-05-17T21:06,112,505
SYN-0009881,Cardiology,57,2025-01-26T23:19,2025-01-27T00:05,2025-01-27T01:07,46,108
SYN-0009882,General Medicine,80,2025-03-29T00:42,2025-03-29T02:01,2025-03-29T04:07,79,205
SYN-0009883,Cardiology,61,2025-02-24T08:02,2025-02-24T08:11,2025-02-24T10:28,9,146
SYN-0009884,Emergency,21,2025-04-02T10:35,2025-04-02T11:37,2025-04-02T14:00,62,205
SYN-0009885,General Medicine,25,2025-05-28T19:56,2025-05-28T21:47,2025-05-29T00:10,111,254
SYN-0009886,General Medicine,79,2025-01-01T02:06,2025-01-01T02:54,2025-01-01T04:39,48,153
SYN-0009887,Orthopedics,90,2025-09-04T02:24,2025-09-04T02:40,2025-09-04T04:01,16,97
SYN-0009888,Imaging,48,2025-06-23T22:22,2025-06-23T23:20,2025-06-24T00:18,58,116
SYN-0009889,General Medicine,46,2025-10-07T12:59,2025-10-07T13:21,2025-10-07T14:47,22,108
SYN-0009890,General Medicine,43,2025-07-22T09:32,2025-07-22T11:14,2025-07-22T13:47,102,255
SYN-0009891,Cardiology,82,2025-08-22T01:52,2025-08-22T03:14,2025-08-22T04:24,82,152
SYN-0009892,Emergency,88,2025-01-21T03:28,2025-01-21T06:37,2025-01-21T07:12,189,224
SYN-0009893,Orthopedics,66,2025-04-14T02:51,2025-04-14T03:09,2025-04-14T05:19,18,148
SYN-0009894,Imaging,57,2025-03-09T08:57,2025-03-09T09:48,2025-03-09T10:08,51,71
SYN-0009895,Imaging,52,2025-03-30T07:28,2025-03-30T08:39,2025-03-30T09:24,71,116
SYN-0009896,Imaging,46,2025-01-13T22:55,2025-01-13T23:46,2025-01-14T00:01,51,66
SYN-0009897,General Medicine,64,2025-09-27T13:09,2025-09-27T14:24,2025-09-27T18:10,75,301
SYN-0009898,General Medicine,38,2025-07-29T09:43,2025-07-29T11:07,2025-07-29T13:16,84,213
SYN-0009899,Emergency,94,2025-03-18T20:38,2025-03-18T21:13,2025-03-19T02:00,35,322
SYN-0009900,Emergency,18,2025-05-04T04:40,2025-05-04T05:25,2025-05-04T07:44,45,184
SYN-0009901,Emergency,94,2025-03-18T13:48,2025-03-18T15:34,2025-03-18T19:02,106,314
SYN-0009902,General Medicine,69,2025-01-06T01:44,2025-01-06T04:14,2025-01-06T07:18,150,334
SYN-0009903,Emergency,80,2025-03-23T14:56,2025-03-23T18:41,2025-03-24T00:15,225,559
SYN-0009904,Orthopedics,33,2025-09-08T03:53,2025-09-08T04:02,2025-09-08T06:28,9,155
SYN-0009905,General Medicine,78,2025-12-03T00:53,2025-12-03T01:44,2025-12-03T03:53,51,180
SYN-0009906,Orthopedics,69,2025-07-24T07:12,2025-07-24T08:59,2025-07-24T09:34,107,142
SYN-0009907,Emergency,36,2025-04-27T03:17,2025-04-27T07:13,2025-04-27T11:03,236,466
SYN-0009908,General Medicine,62,2025-11-11T01:12,2025-11-11T02:34,2025-11-11T03:54,82,162
SYN-0009909,Imaging,39,2025-12-30T09:18,2025-12-30T10:31,2025-12-30T11:57,73,159
SYN-0009910,Emergency,89,2025-07-07T04:59,2025-07-07T05:45,2025-07-07T06:16,46,77
SYN-0009911,Imaging,67,2025-06-15T13:33,2025-06-15T13:48,2025-06-15T14:06,15,33
SYN-0009912,Orthopedics,66,2025-12-22T06:25,2025-12-22T06:59,2025-12-22T08:41,34,136
SYN-0009913,Orthopedics,36,2025-08-01T05:48,2025-08-01T06:04,2025-08-01T07:38,16,110
SYN-0009914,Imaging,55,2025-11-15T19:47,2025-11-15T20:06,2025-11-15T21:35,19,108
SYN-0009915,Orthopedics,64,2025-08-04T23:20,2025-08-04T23:52,2025-08-05T00:38,32,78
SYN-0009916,General Medicine,89,2025-01-12T03:50,2025-01-12T05:34,2025-01-12T07:34,104,224
SYN-0009917,Emergency,72,2025-01-14T10:41,2025-01-14T11:03,2025-01-14T12:47,22,126
SYN-0009918,General Medicine,43,2025-12-09T14:04,2025-12-09T15:43,2025-12-09T17:31,99,207
SYN-0009919,Orthopedics,75,2025-04-09T11:20,2025-04-09T12:19,2025-04-09T13:54,59,154
SYN-0009920,Cardiology,70,2025-05-28T21:55,2025-05-28T23:15,2025-05-29T01:05,80,190
SYN-0009921,Emergency,90,2025-01-19T01:29,2025-01-19T01:48,2025-01-19T08:59,19,450
SYN-0009922,General Medicine,25,2025-08-24T11:51,2025-08-24T12:41,2025-08-24T14:17,50,146
SYN-0009923,General Medicine,56,2025-11-10T13:23,2025-11-10T14:02,2025-11-10T15:39,39,136
SYN-0009924,Imaging,71,2025-05-25T06:13,2025-05-25T06:23,2025-05-25T06:57,10,44
SYN-0009925,Emergency,80,2025-03-23T19:23,2025-03-23T21:25,2025-03-24T00:26,122,303
SYN-0009926,Emergency,39,2025-01-10T06:53,2025-01-10T10:23,2025-01-10T14:32,210,459
SYN-0009927,Cardiology,59,2025-09-02T09:29,2025-09-02T10:20,2025-09-02T11:48,51,139
SYN-0009928,Cardiology,50,2025-05-18T01:09,2025-05-18T02:38,2025-05-18T03:43,89,154
SYN-0009929,Emergency,41,2025-05-16T18:53,2025-05-16T20:58,2025-05-17T01:03,125,370
SYN-0009930,General Medicine,56,2025-09-10T06:16,2025-09-10T06:33,2025-09-10T09:30,17,194
SYN-0009931,Emergency,22,2025-07-13T14:59,2025-07-13T17:14,2025-07-13T20:53,135,354
SYN-0009932,Emergency,22,2025-11-24T01:08,2025-11-24T02:57,2025-11-24T05:33,109,265
SYN-0009933,Orthopedics,88,2025-07-15T06:28,2025-07-15T08:11,2025-07-15T11:01,103,273
SYN-0009934,Cardiology,42,2025-11-21T11:37,2025-11-21T12:52,2025-11-21T14:06,75,149
SYN-0009935,General Medicine,31,2025-10-23T17:10,2025-10-23T18:12,2025-10-23T19:36,62,146
SYN-0009936,Emergency,92,2025-04-30T03:43,2025-04-30T07:07,2025-04-30T14:07,204,624
SYN-0009937,Imaging,35,2025-03-21T10:27,2025-03-21T11:17,2025-03-21T12:27,50,120
SYN-0009938,Emergency,54,2025-10-06T17:20,2025-10-06T20:50,2025-10-07T04:30,210,670
SYN-0009939,Imaging,66,2025-12-16T04:02,2025-12-16T04:42,2025-12-16T05:49,40,107
SYN-0009940,Orthopedics,66,2025-09-16T22:36,2025-09-16T23:40,2025-09-17T02:32,64,236
SYN-0009941,Cardiology,63,2025-07-10T09:45,2025-07-10T10:32,2025-07-10T11:29,47,104
SYN-0009942,Emergency,57,2025-02-26T14:55,2025-02-26T18:15,2025-02-27T00:33,200,578
SYN-0009943,Cardiology,77,2025-09-17T08:44,2025-09-17T10:02,2025-09-17T11:26,78,162
SYN-0009944,Emergency,83,2025-05-05T06:00,2025-05-05T09:55,2025-05-05T15:22,235,562
SYN-0009945,Imaging,84,2025-04-16T01:01,2025-04-16T01:21,2025-04-16T01:37,20,36
SYN-0009946,Orthopedics,50,2025-03-19T23:09,2025-03-20T00:34,2025-03-20T02:29,85,200
SYN-0009947,Cardiology,60,2025-08-23T17:11,2025-08-23T18:23,2025-08-23T19:47,72,156
SYN-0009948,Cardiology,87,2025-05-16T04:36,2025-05-16T04:42,2025-05-16T06:30,6,114
SYN-0009949,Imaging,86,2025-03-27T19:04,2025-03-27T19:52,2025-03-27T21:19,48,135
SYN-0009950,Emergency,62,2025-01-26T17:19,2025-01-26T21:09,2025-01-27T04:48,230,689
SYN-0009951,Cardiology,61,2025-02-01T02:20,2025-02-01T03:32,2025-02-01T05:09,72,169
SYN-0009952,Cardiology,46,2025-12-23T01:39,2025-12-23T01:45,2025-12-23T04:20,6,161
SYN-0009953,Emergency,24,2025-06-13T19:48,2025-06-13T23:05,2025-06-14T05:18,197,570
SYN-0009954,Cardiology,20,2025-07-30T19:32,2025-07-30T20:48,2025-07-30T23:47,76,255
SYN-0009955,Emergency,77,2025-12-12T16:58,2025-12-12T20:16,2025-12-13T00:26,198,448
SYN-0009956,Imaging,20,2025-03-31T13:54,2025-03-31T14:17,2025-03-31T14:40,23,46
SYN-0009957,Orthopedics,92,2025-03-15T22:42,2025-03-15T22:48,2025-03-16T01:23,6,161
SYN-0009958,Imaging,55,2025-12-20T04:37,2025-12-20T04:46,2025-12-20T05:46,9,69
SYN-0009959,Orthopedics,73,2025-01-18T20:08,2025-01-18T20:57,2025-01-18T22:38,49,150
SYN-0009960,General Medicine,83,2025-06-30T00:43,2025-06-30T01:22,2025-06-30T03:11,39,148
SYN-0009961,Imaging,88,2025-05-31T22:07,2025-05-31T23:07,2025-06-01T00:22,60,135
SYN-0009962,Orthopedics,65,2025-08-20T03:27,2025-08-20T04:03,2025-08-20T05:02,36,95
SYN-0009963,Imaging,94,2025-08-17T23:39,2025-08-18T00:47,2025-08-18T01:56,68,137
SYN-0009964,Imaging,41,2025-10-02T14:52,2025-10-02T15:17,2025-10-02T16:44,25,112
SYN-0009965,Imaging,45,2025-12-13T12:23,2025-12-13T12:57,2025-12-13T13:33,34,70
SYN-0009966,Cardiology,23,2025-12-23T02:22,2025-12-23T03:00,2025-12-23T04:43,38,141
SYN-0009967,Cardiology,59,2025-01-30T08:07,2025-01-30T09:33,2025-01-30T10:38,86,151
SYN-0009968,Imaging,51,2025-03-21T12:34,2025-03-21T13:30,2025-03-21T14:26,56,112
SYN-0009969,Emergency,42,2025-08-13T10:01,2025-08-13T13:06,2025-08-13T15:35,185,334
SYN-0009970,Emergency,84,2025-10-17T05:08,2025-10-17T09:06,2025-10-17T13:25,238,497
SYN-0009971,Cardiology,67,2025-11-20T06:43,2025-11-20T07:07,2025-11-20T10:01,24,198
SYN-0009972,General Medicine,22,2025-11-11T04:12,2025-11-11T04:43,2025-11-11T07:57,31,225
SYN-0009973,Orthopedics,78,2025-03-17T04:51,2025-03-17T06:39,2025-03-17T07:31,108,160
SYN-0009974,Emergency,41,2025-07-15T04:05,2025-07-15T04:55,2025-07-15T11:13,50,428
SYN-0009975,Cardiology,50,2025-11-18T10:39,2025-11-18T11:38,2025-11-18T13:24,59,165
SYN-0009976,Cardiology,26,2025-02-02T22:57,2025-02-03T00:01,2025-02-03T01:49,64,172
SYN-0009977,Cardiology,42,2025-07-11T08:39,2025-07-11T08:53,2025-07-11T11:52,14,193
SYN-0009978,Orthopedics,79,2025-09-08T19:50,2025-09-08T20:04,2025-09-08T21:22,14,92
SYN-0009979,Emergency,70,2025-04-15T01:09,2025-04-15T04:45,2025-04-15T08:58,216,469
SYN-0009980,Emergency,77,2025-07-28T22:49,2025-07-28T23:15,2025-07-29T00:40,26,111
SYN-0009981,Imaging,44,2025-11-21T05:01,2025-11-21T05:27,2025-11-21T05:45,26,44
SYN-0009982,Orthopedics,47,2025-12-17T14:24,2025-12-17T15:28,2025-12-17T18:15,64,231
SYN-0009983,Orthopedics,59,2025-07-24T07:19,2025-07-24T08:03,2025-07-24T09:03,44,104
SYN-0009984,Orthopedics,75,2025-08-11T07:50,2025-08-11T09:36,2025-08-11T11:52,106,242
SYN-0009985,Cardiology,83,2025-10-16T16:04,2025-10-16T16:17,2025-10-16T17:27,13,83
SYN-0009986,General Medicine,69,2025-05-09T05:58,2025-05-09T07:31,2025-05-09T10:32,93,274
SYN-0009987,Imaging,19,2025-01-14T17:08,2025-01-14T17:42,2025-01-14T18:57,34,109
SYN-0009988,General Medicine,46,2025-07-15T12:58,2025-07-15T15:21,2025-07-15T18:25,143,327
SYN-0009989,General Medicine,56,2025-04-01T17:06,2025-04-01T18:05,2025-04-01T18:46,59,100
SYN-0009990,General Medicine,69,2025-03-17T18:23,2025-03-17T20:06,2025-03-17T22:37,103,254
SYN-0009991,Orthopedics,84,2025-01-08T02:48,2025-01-08T04:48,2025-01-08T07:08,120,260
SYN-0009992,General Medicine,26,2025-07-12T16:15,2025-07-12T16:37,2025-07-12T20:00,22,225
SYN-0009993,General Medicine,54,2025-04-05T13:27,2025-04-05T13:46,2025-04-05T17:28,19,241
SYN-0009994,Orthopedics,73,2025-05-05T03:13,2025-05-05T04:09,2025-05-05T05:26,56,133
SYN-0009995,Emergency,66,2025-07-11T00:04,2025-07-11T02:13,2025-07-11T04:28,129,264
SYN-0009996,Emergency,45,2025-11-30T03:35,2025-11-30T07:12,2025-11-30T12:21,217,526
SYN-0009997,Imaging,90,2025-07-10T17:10,2025-07-10T17:40,2025-07-10T18:05,30,55
SYN-0009998,Cardiology,42,2025-03-04T04:11,2025-03-04T04:27,2025-03-04T07:24,16,193
SYN-0009999,Imaging,84,2025-05-27T16:06,2025-05-27T16:28,2025-05-27T17:02,22,56
SYN-0010000,Emergency,47,2025-01-05T22:03,2025-01-05T23:31,2025-01-06T02:54,88,291
